2026-03-11 09:01:53,394 INFO runtime_wrapper runtime_wrapper_start
2026-03-11 09:01:53,849 INFO app_logging app_logging_initialized
2026-03-11 09:06:43,934 INFO interview_app.transcription_queue transcription_job_queued
2026-03-11 09:06:43,935 INFO __main__ transcription_job_state_changed
2026-03-11 09:06:43,937 INFO interview_app.transcription_queue transcription_job_started
2026-03-11 09:06:43,937 INFO __main__ transcription_job_state_changed
2026-03-11 09:06:44,017 INFO interview_app.transcription_queue transcription_job_failed
2026-03-11 09:06:44,018 INFO __main__ transcription_job_state_changed
2026-03-11 09:07:05,908 INFO interview_app.transcription_queue transcription_job_queued
2026-03-11 09:07:05,908 INFO __main__ transcription_job_state_changed
2026-03-11 09:07:05,908 INFO interview_app.transcription_queue transcription_job_started
2026-03-11 09:07:05,908 INFO __main__ transcription_job_state_changed
2026-03-11 09:07:06,045 INFO interview_app.transcription_queue transcription_job_failed
2026-03-11 09:07:06,047 INFO __main__ transcription_job_state_changed
2026-03-11 09:08:09,414 INFO interview_app.transcription_queue transcription_job_queued
2026-03-11 09:08:09,415 INFO __main__ transcription_job_state_changed
2026-03-11 09:08:09,416 INFO interview_app.transcription_queue transcription_job_started
2026-03-11 09:08:09,416 INFO __main__ transcription_job_state_changed
2026-03-11 09:08:09,620 INFO interview_app.transcription_queue transcription_job_failed
2026-03-11 09:08:09,620 INFO __main__ transcription_job_state_changed
2026-03-11 09:09:14,576 INFO interview_app.transcription_queue transcription_job_queued
2026-03-11 09:09:14,577 INFO __main__ transcription_job_state_changed
2026-03-11 09:09:14,577 INFO interview_app.transcription_queue transcription_job_started
2026-03-11 09:09:14,577 INFO __main__ transcription_job_state_changed
2026-03-11 09:09:14,801 INFO interview_app.transcription_queue transcription_job_failed
2026-03-11 09:09:14,802 INFO __main__ transcription_job_state_changed
2026-03-11 09:10:22,054 INFO interview_app.transcription_queue transcription_job_queued
2026-03-11 09:10:22,054 INFO __main__ transcription_job_state_changed
2026-03-11 09:10:22,054 INFO interview_app.transcription_queue transcription_job_started
2026-03-11 09:10:22,055 INFO __main__ transcription_job_state_changed
2026-03-11 09:10:22,251 INFO interview_app.transcription_queue transcription_job_failed
2026-03-11 09:10:22,251 INFO __main__ transcription_job_state_changed
2026-03-11 09:11:49,844 INFO interview_app.transcription_queue transcription_job_queued
2026-03-11 09:11:49,845 INFO __main__ transcription_job_state_changed
2026-03-11 09:11:49,845 INFO interview_app.transcription_queue transcription_job_started
2026-03-11 09:11:49,846 INFO __main__ transcription_job_state_changed
2026-03-11 09:11:50,057 INFO interview_app.transcription_queue transcription_job_failed
2026-03-11 09:11:50,057 INFO __main__ transcription_job_state_changed
2026-03-11 09:12:49,537 INFO interview_app.transcription_queue transcription_job_queued
2026-03-11 09:12:49,537 INFO __main__ transcription_job_state_changed
2026-03-11 09:12:49,538 INFO interview_app.transcription_queue transcription_job_started
2026-03-11 09:12:49,538 INFO __main__ transcription_job_state_changed
2026-03-11 09:12:49,730 INFO interview_app.transcription_queue transcription_job_failed
2026-03-11 09:12:49,731 INFO __main__ transcription_job_state_changed
2026-03-11 09:15:11,541 INFO interview_app.transcription_queue transcription_job_queued
2026-03-11 09:15:11,541 INFO __main__ transcription_job_state_changed
2026-03-11 09:15:11,542 INFO interview_app.transcription_queue transcription_job_started
2026-03-11 09:15:11,543 INFO __main__ transcription_job_state_changed
2026-03-11 09:15:11,740 INFO interview_app.transcription_queue transcription_job_failed
2026-03-11 09:15:11,741 INFO __main__ transcription_job_state_changed
2026-03-11 09:15:52,263 INFO interview_app.transcription_queue transcription_job_queued
2026-03-11 09:15:52,263 INFO __main__ transcription_job_state_changed
2026-03-11 09:15:52,263 INFO interview_app.transcription_queue transcription_job_started
2026-03-11 09:15:52,264 INFO __main__ transcription_job_state_changed
2026-03-11 09:15:52,478 INFO interview_app.transcription_queue transcription_job_failed
2026-03-11 09:15:52,479 INFO __main__ transcription_job_state_changed
2026-03-11 09:17:19,646 INFO interview_app.transcription_queue transcription_job_queued
2026-03-11 09:17:19,647 INFO __main__ transcription_job_state_changed
2026-03-11 09:17:19,647 INFO interview_app.transcription_queue transcription_job_started
2026-03-11 09:17:19,647 INFO __main__ transcription_job_state_changed
2026-03-11 09:17:19,885 INFO interview_app.transcription_queue transcription_job_failed
2026-03-11 09:17:19,886 INFO __main__ transcription_job_state_changed
2026-03-11 09:17:53,196 INFO interview_app.transcription_queue transcription_job_queued
2026-03-11 09:17:53,196 INFO __main__ transcription_job_state_changed
2026-03-11 09:17:53,196 INFO interview_app.transcription_queue transcription_job_started
2026-03-11 09:17:53,197 INFO __main__ transcription_job_state_changed
2026-03-11 09:17:53,267 INFO interview_app.transcription_queue transcription_job_failed
2026-03-11 09:17:53,268 INFO __main__ transcription_job_state_changed
2026-03-11 09:18:09,052 INFO interview_app.transcription_queue transcription_job_queued
2026-03-11 09:18:09,052 INFO __main__ transcription_job_state_changed
2026-03-11 09:18:09,052 INFO interview_app.transcription_queue transcription_job_started
2026-03-11 09:18:09,052 INFO __main__ transcription_job_state_changed
2026-03-11 09:18:09,122 INFO interview_app.transcription_queue transcription_job_failed
2026-03-11 09:18:09,122 INFO __main__ transcription_job_state_changed
2026-03-11 09:18:17,617 INFO interview_app.transcription_queue transcription_job_queued
2026-03-11 09:18:17,617 INFO __main__ transcription_job_state_changed
2026-03-11 09:18:17,618 INFO interview_app.transcription_queue transcription_job_started
2026-03-11 09:18:17,618 INFO __main__ transcription_job_state_changed
2026-03-11 09:18:17,676 INFO interview_app.transcription_queue transcription_job_failed
2026-03-11 09:18:17,676 INFO __main__ transcription_job_state_changed
2026-03-11 09:19:31,377 INFO interview_app.transcription_queue transcription_job_queued
2026-03-11 09:19:31,377 INFO __main__ transcription_job_state_changed
2026-03-11 09:19:31,377 INFO interview_app.transcription_queue transcription_job_started
2026-03-11 09:19:31,378 INFO __main__ transcription_job_state_changed
2026-03-11 09:19:31,410 WARNING __main__ transcription_health_failed
2026-03-11 09:19:31,413 INFO interview_app.transcription_queue transcription_job_failed
2026-03-11 09:19:31,413 INFO __main__ transcription_job_state_changed
2026-03-11 10:10:26,633 INFO runtime_wrapper runtime_wrapper_exit
2026-03-11 10:34:43,280 INFO runtime_wrapper runtime_wrapper_start
2026-03-11 10:34:43,532 INFO app_logging app_logging_initialized
2026-03-11 10:39:21,610 INFO interview_app.transcription_queue transcription_job_queued
2026-03-11 10:39:21,610 INFO __main__ transcription_job_state_changed
2026-03-11 10:39:21,612 INFO interview_app.transcription_queue transcription_job_started
2026-03-11 10:39:21,613 INFO __main__ transcription_job_state_changed
2026-03-11 10:39:21,689 INFO interview_app.transcription_queue transcription_job_failed
2026-03-11 10:39:21,689 INFO __main__ transcription_job_state_changed
2026-03-11 10:40:14,591 INFO interview_app.transcription_queue transcription_job_queued
2026-03-11 10:40:14,592 INFO __main__ transcription_job_state_changed
2026-03-11 10:40:14,592 INFO interview_app.transcription_queue transcription_job_started
2026-03-11 10:40:14,592 INFO __main__ transcription_job_state_changed
2026-03-11 10:40:14,737 INFO interview_app.transcription_queue transcription_job_failed
2026-03-11 10:40:14,737 INFO __main__ transcription_job_state_changed
2026-03-11 10:41:58,942 INFO interview_app.transcription_queue transcription_job_queued
2026-03-11 10:41:58,942 INFO __main__ transcription_job_state_changed
2026-03-11 10:41:58,943 INFO interview_app.transcription_queue transcription_job_started
2026-03-11 10:41:58,943 INFO __main__ transcription_job_state_changed
2026-03-11 10:41:59,149 INFO interview_app.transcription_queue transcription_job_failed
2026-03-11 10:41:59,150 INFO __main__ transcription_job_state_changed
2026-03-11 10:44:16,476 INFO interview_app.transcription_queue transcription_job_queued
2026-03-11 10:44:16,476 INFO __main__ transcription_job_state_changed
2026-03-11 10:44:16,477 INFO interview_app.transcription_queue transcription_job_started
2026-03-11 10:44:16,477 INFO __main__ transcription_job_state_changed
2026-03-11 10:44:16,679 INFO interview_app.transcription_queue transcription_job_failed
2026-03-11 10:44:16,681 INFO __main__ transcription_job_state_changed
2026-03-11 10:45:58,258 INFO interview_app.transcription_queue transcription_job_queued
2026-03-11 10:45:58,258 INFO __main__ transcription_job_state_changed
2026-03-11 10:45:58,259 INFO interview_app.transcription_queue transcription_job_started
2026-03-11 10:45:58,260 INFO __main__ transcription_job_state_changed
2026-03-11 10:45:58,454 INFO interview_app.transcription_queue transcription_job_failed
2026-03-11 10:45:58,456 INFO __main__ transcription_job_state_changed
2026-03-11 10:49:24,673 INFO interview_app.transcription_queue transcription_job_queued
2026-03-11 10:49:24,673 INFO __main__ transcription_job_state_changed
2026-03-11 10:49:24,673 INFO interview_app.transcription_queue transcription_job_started
2026-03-11 10:49:24,674 INFO __main__ transcription_job_state_changed
2026-03-11 10:49:24,868 INFO interview_app.transcription_queue transcription_job_failed
2026-03-11 10:49:24,868 INFO __main__ transcription_job_state_changed
2026-03-11 10:53:19,015 INFO interview_app.transcription_queue transcription_job_queued
2026-03-11 10:53:19,015 INFO __main__ transcription_job_state_changed
2026-03-11 10:53:19,016 INFO interview_app.transcription_queue transcription_job_started
2026-03-11 10:53:19,016 INFO __main__ transcription_job_state_changed
2026-03-11 10:53:19,235 INFO interview_app.transcription_queue transcription_job_failed
2026-03-11 10:53:19,236 INFO __main__ transcription_job_state_changed
2026-03-11 10:55:32,944 INFO interview_app.transcription_queue transcription_job_queued
2026-03-11 10:55:32,945 INFO __main__ transcription_job_state_changed
2026-03-11 10:55:32,946 INFO interview_app.transcription_queue transcription_job_started
2026-03-11 10:55:32,946 INFO __main__ transcription_job_state_changed
2026-03-11 10:55:33,169 INFO interview_app.transcription_queue transcription_job_failed
2026-03-11 10:55:33,169 INFO __main__ transcription_job_state_changed
2026-03-11 10:57:43,063 INFO interview_app.transcription_queue transcription_job_queued
2026-03-11 10:57:43,064 INFO __main__ transcription_job_state_changed
2026-03-11 10:57:43,064 INFO interview_app.transcription_queue transcription_job_started
2026-03-11 10:57:43,064 INFO __main__ transcription_job_state_changed
2026-03-11 10:57:43,250 INFO interview_app.transcription_queue transcription_job_failed
2026-03-11 10:57:43,250 INFO __main__ transcription_job_state_changed
2026-03-11 10:57:50,899 INFO interview_app.transcription_queue transcription_job_queued
2026-03-11 10:57:50,900 INFO __main__ transcription_job_state_changed
2026-03-11 10:57:50,900 INFO interview_app.transcription_queue transcription_job_started
2026-03-11 10:57:50,900 INFO __main__ transcription_job_state_changed
2026-03-11 10:57:51,054 INFO interview_app.transcription_queue transcription_job_failed
2026-03-11 10:57:51,055 INFO __main__ transcription_job_state_changed
2026-03-11 10:57:51,094 INFO interview_app.transcription_queue transcription_job_queued
2026-03-11 10:57:51,094 INFO __main__ transcription_job_state_changed
2026-03-11 10:57:51,095 INFO interview_app.transcription_queue transcription_job_started
2026-03-11 10:57:51,095 INFO __main__ transcription_job_state_changed
2026-03-11 10:57:51,295 INFO interview_app.transcription_queue transcription_job_failed
2026-03-11 10:57:51,297 INFO __main__ transcription_job_state_changed
2026-03-11 10:57:51,532 ERROR __main__ tk_callback_exception
Traceback (most recent call last):
  File "C:\Program Files\Python311\Lib\tkinter\__init__.py", line 1967, in __call__
    return self.func(*args)
           ^^^^^^^^^^^^^^^^
  File "C:\Program Files\Python311\Lib\tkinter\__init__.py", line 861, in callit
    func(*args)
  File "C:\Users\Dnord\Downloads\Preschool-Teacher-Interview-Guide-main (8)\Preschool-Teacher-Interview-Guide-main\src\question_screens.py", line 496, in _bind_no_example_hint
    self.q_text.bind("<FocusOut>", self._hint_from_notes)
  File "C:\Program Files\Python311\Lib\tkinter\__init__.py", line 1450, in bind
    return self._bind(('bind', self._w), sequence, func, add)
           ^^^^^^^^^^^^^^^^^^^^^^^^^^^^^^^^^^^^^^^^^^^^^^^^^^
  File "C:\Program Files\Python311\Lib\tkinter\__init__.py", line 1404, in _bind
    self.tk.call(what + (sequence, cmd))
_tkinter.TclError: bad window path name ".!frame3.!canvas.!frame.!frame15.!frame.!frame3.!text"
2026-03-11 10:57:59,084 INFO interview_app.transcription_queue transcription_job_queued
2026-03-11 10:57:59,084 INFO __main__ transcription_job_state_changed
2026-03-11 10:57:59,084 INFO interview_app.transcription_queue transcription_job_started
2026-03-11 10:57:59,084 INFO __main__ transcription_job_state_changed
2026-03-11 10:57:59,316 INFO interview_app.transcription_queue transcription_job_failed
2026-03-11 10:57:59,317 INFO __main__ transcription_job_state_changed
2026-03-11 10:58:46,415 INFO interview_app.transcription_queue transcription_job_queued
2026-03-11 10:58:46,415 INFO __main__ transcription_job_state_changed
2026-03-11 10:58:46,416 INFO interview_app.transcription_queue transcription_job_started
2026-03-11 10:58:46,416 INFO __main__ transcription_job_state_changed
2026-03-11 10:58:46,483 INFO interview_app.transcription_queue transcription_job_failed
2026-03-11 10:58:46,484 INFO __main__ transcription_job_state_changed
2026-03-11 10:59:29,090 INFO interview_app.transcription_queue transcription_job_queued
2026-03-11 10:59:29,090 INFO __main__ transcription_job_state_changed
2026-03-11 10:59:29,090 INFO interview_app.transcription_queue transcription_job_started
2026-03-11 10:59:29,090 INFO __main__ transcription_job_state_changed
2026-03-11 10:59:29,150 INFO interview_app.transcription_queue transcription_job_failed
2026-03-11 10:59:29,150 INFO __main__ transcription_job_state_changed
2026-03-11 10:59:44,607 INFO interview_app.transcription_queue transcription_job_queued
2026-03-11 10:59:44,607 INFO __main__ transcription_job_state_changed
2026-03-11 10:59:44,608 INFO interview_app.transcription_queue transcription_job_started
2026-03-11 10:59:44,608 INFO __main__ transcription_job_state_changed
2026-03-11 10:59:44,671 INFO interview_app.transcription_queue transcription_job_failed
2026-03-11 10:59:44,672 INFO __main__ transcription_job_state_changed
2026-03-11 10:59:56,998 INFO interview_app.transcription_queue transcription_job_queued
2026-03-11 10:59:56,999 INFO __main__ transcription_job_state_changed
2026-03-11 10:59:57,000 INFO interview_app.transcription_queue transcription_job_started
2026-03-11 10:59:57,000 INFO __main__ transcription_job_state_changed
2026-03-11 10:59:57,038 WARNING __main__ transcription_health_failed
2026-03-11 10:59:57,041 INFO interview_app.transcription_queue transcription_job_failed
2026-03-11 10:59:57,041 INFO __main__ transcription_job_state_changed
2026-03-11 13:06:30,387 INFO runtime_wrapper runtime_wrapper_exit
2026-03-11 13:36:17,584 INFO runtime_wrapper runtime_wrapper_start
2026-03-11 13:36:17,813 INFO app_logging app_logging_initialized
2026-03-11 13:40:23,342 INFO interview_app.transcription_queue transcription_job_queued
2026-03-11 13:40:23,342 INFO __main__ transcription_job_state_changed
2026-03-11 13:40:23,345 INFO interview_app.transcription_queue transcription_job_started
2026-03-11 13:40:23,345 INFO __main__ transcription_job_state_changed
2026-03-11 13:40:23,429 INFO interview_app.transcription_queue transcription_job_failed
2026-03-11 13:40:23,430 INFO __main__ transcription_job_state_changed
2026-03-11 13:40:50,053 INFO interview_app.transcription_queue transcription_job_queued
2026-03-11 13:40:50,053 INFO __main__ transcription_job_state_changed
2026-03-11 13:40:50,053 INFO interview_app.transcription_queue transcription_job_started
2026-03-11 13:40:50,055 INFO __main__ transcription_job_state_changed
2026-03-11 13:40:50,281 INFO interview_app.transcription_queue transcription_job_failed
2026-03-11 13:40:50,283 INFO __main__ transcription_job_state_changed
2026-03-11 13:41:58,079 INFO interview_app.transcription_queue transcription_job_queued
2026-03-11 13:41:58,080 INFO __main__ transcription_job_state_changed
2026-03-11 13:41:58,080 INFO interview_app.transcription_queue transcription_job_started
2026-03-11 13:41:58,080 INFO __main__ transcription_job_state_changed
2026-03-11 13:41:58,313 INFO interview_app.transcription_queue transcription_job_failed
2026-03-11 13:41:58,313 INFO __main__ transcription_job_state_changed
2026-03-11 13:42:49,731 INFO interview_app.transcription_queue transcription_job_queued
2026-03-11 13:42:49,731 INFO __main__ transcription_job_state_changed
2026-03-11 13:42:49,732 INFO interview_app.transcription_queue transcription_job_started
2026-03-11 13:42:49,733 INFO __main__ transcription_job_state_changed
2026-03-11 13:42:49,971 INFO interview_app.transcription_queue transcription_job_failed
2026-03-11 13:42:49,972 INFO __main__ transcription_job_state_changed
2026-03-11 13:43:34,642 INFO interview_app.transcription_queue transcription_job_queued
2026-03-11 13:43:34,642 INFO __main__ transcription_job_state_changed
2026-03-11 13:43:34,643 INFO interview_app.transcription_queue transcription_job_started
2026-03-11 13:43:34,644 INFO __main__ transcription_job_state_changed
2026-03-11 13:43:34,900 INFO interview_app.transcription_queue transcription_job_failed
2026-03-11 13:43:34,901 INFO __main__ transcription_job_state_changed
2026-03-11 13:44:54,006 INFO interview_app.transcription_queue transcription_job_queued
2026-03-11 13:44:54,007 INFO __main__ transcription_job_state_changed
2026-03-11 13:44:54,008 INFO interview_app.transcription_queue transcription_job_started
2026-03-11 13:44:54,008 INFO __main__ transcription_job_state_changed
2026-03-11 13:44:54,299 INFO interview_app.transcription_queue transcription_job_failed
2026-03-11 13:44:54,299 INFO __main__ transcription_job_state_changed
2026-03-11 13:46:05,045 INFO interview_app.transcription_queue transcription_job_queued
2026-03-11 13:46:05,046 INFO __main__ transcription_job_state_changed
2026-03-11 13:46:05,046 INFO interview_app.transcription_queue transcription_job_started
2026-03-11 13:46:05,046 INFO __main__ transcription_job_state_changed
2026-03-11 13:46:05,296 INFO interview_app.transcription_queue transcription_job_failed
2026-03-11 13:46:05,296 INFO __main__ transcription_job_state_changed
2026-03-11 13:46:33,058 INFO interview_app.transcription_queue transcription_job_queued
2026-03-11 13:46:33,058 INFO __main__ transcription_job_state_changed
2026-03-11 13:46:33,060 INFO interview_app.transcription_queue transcription_job_started
2026-03-11 13:46:33,060 INFO __main__ transcription_job_state_changed
2026-03-11 13:46:33,315 INFO interview_app.transcription_queue transcription_job_failed
2026-03-11 13:46:33,316 INFO __main__ transcription_job_state_changed
2026-03-11 13:47:01,229 INFO interview_app.transcription_queue transcription_job_queued
2026-03-11 13:47:01,230 INFO __main__ transcription_job_state_changed
2026-03-11 13:47:01,230 INFO interview_app.transcription_queue transcription_job_started
2026-03-11 13:47:01,231 INFO __main__ transcription_job_state_changed
2026-03-11 13:47:01,496 INFO interview_app.transcription_queue transcription_job_failed
2026-03-11 13:47:01,496 INFO __main__ transcription_job_state_changed
2026-03-11 13:47:56,168 INFO interview_app.transcription_queue transcription_job_queued
2026-03-11 13:47:56,168 INFO __main__ transcription_job_state_changed
2026-03-11 13:47:56,169 INFO interview_app.transcription_queue transcription_job_started
2026-03-11 13:47:56,169 INFO __main__ transcription_job_state_changed
2026-03-11 13:47:56,418 INFO interview_app.transcription_queue transcription_job_failed
2026-03-11 13:47:56,418 INFO __main__ transcription_job_state_changed
2026-03-11 13:48:41,225 INFO interview_app.transcription_queue transcription_job_queued
2026-03-11 13:48:41,226 INFO __main__ transcription_job_state_changed
2026-03-11 13:48:41,226 INFO interview_app.transcription_queue transcription_job_started
2026-03-11 13:48:41,226 INFO __main__ transcription_job_state_changed
2026-03-11 13:48:41,456 INFO interview_app.transcription_queue transcription_job_failed
2026-03-11 13:48:41,457 INFO __main__ transcription_job_state_changed
2026-03-11 13:49:02,993 INFO interview_app.transcription_queue transcription_job_queued
2026-03-11 13:49:02,993 INFO __main__ transcription_job_state_changed
2026-03-11 13:49:02,994 INFO interview_app.transcription_queue transcription_job_started
2026-03-11 13:49:02,994 INFO __main__ transcription_job_state_changed
2026-03-11 13:49:03,067 INFO interview_app.transcription_queue transcription_job_failed
2026-03-11 13:49:03,068 INFO __main__ transcription_job_state_changed
2026-03-11 13:49:30,103 INFO interview_app.transcription_queue transcription_job_queued
2026-03-11 13:49:30,103 INFO __main__ transcription_job_state_changed
2026-03-11 13:49:30,104 INFO interview_app.transcription_queue transcription_job_started
2026-03-11 13:49:30,104 INFO __main__ transcription_job_state_changed
2026-03-11 13:49:30,178 INFO interview_app.transcription_queue transcription_job_failed
2026-03-11 13:49:30,179 INFO __main__ transcription_job_state_changed
2026-03-11 13:49:33,758 INFO interview_app.transcription_queue transcription_job_queued
2026-03-11 13:49:33,758 INFO __main__ transcription_job_state_changed
2026-03-11 13:49:33,759 INFO interview_app.transcription_queue transcription_job_started
2026-03-11 13:49:33,760 INFO __main__ transcription_job_state_changed
2026-03-11 13:49:33,835 INFO interview_app.transcription_queue transcription_job_failed
2026-03-11 13:49:33,836 INFO __main__ transcription_job_state_changed
2026-03-11 13:49:36,043 INFO interview_app.transcription_queue transcription_job_queued
2026-03-11 13:49:36,044 INFO __main__ transcription_job_state_changed
2026-03-11 13:49:36,044 INFO interview_app.transcription_queue transcription_job_started
2026-03-11 13:49:36,044 INFO __main__ transcription_job_state_changed
2026-03-11 13:49:36,108 INFO interview_app.transcription_queue transcription_job_failed
2026-03-11 13:49:36,108 INFO __main__ transcription_job_state_changed
2026-03-11 13:49:47,038 INFO interview_app.transcription_queue transcription_job_queued
2026-03-11 13:49:47,038 INFO __main__ transcription_job_state_changed
2026-03-11 13:49:47,039 INFO interview_app.transcription_queue transcription_job_started
2026-03-11 13:49:47,039 INFO __main__ transcription_job_state_changed
2026-03-11 13:49:47,117 INFO interview_app.transcription_queue transcription_job_failed
2026-03-11 13:49:47,117 INFO __main__ transcription_job_state_changed
2026-03-11 13:50:13,128 INFO interview_app.transcription_queue transcription_job_queued
2026-03-11 13:50:13,129 INFO __main__ transcription_job_state_changed
2026-03-11 13:50:13,129 INFO interview_app.transcription_queue transcription_job_started
2026-03-11 13:50:13,129 INFO __main__ transcription_job_state_changed
2026-03-11 13:50:13,174 WARNING __main__ transcription_health_failed
2026-03-11 13:50:13,175 INFO interview_app.transcription_queue transcription_job_failed
2026-03-11 13:50:13,177 INFO __main__ transcription_job_state_changed
2026-03-11 14:08:59,470 INFO runtime_wrapper runtime_wrapper_exit
2026-03-12 09:01:21,796 INFO runtime_wrapper runtime_wrapper_start
2026-03-12 09:01:22,534 INFO app_logging app_logging_initialized
2026-03-12 09:04:23,828 INFO interview_app.transcription_queue transcription_job_queued
2026-03-12 09:04:23,829 INFO __main__ transcription_job_state_changed
2026-03-12 09:04:23,830 INFO interview_app.transcription_queue transcription_job_started
2026-03-12 09:04:23,830 INFO __main__ transcription_job_state_changed
2026-03-12 09:04:23,891 INFO interview_app.transcription_queue transcription_job_failed
2026-03-12 09:04:23,892 INFO __main__ transcription_job_state_changed
2026-03-12 09:04:52,602 INFO interview_app.transcription_queue transcription_job_queued
2026-03-12 09:04:52,602 INFO __main__ transcription_job_state_changed
2026-03-12 09:04:52,603 INFO interview_app.transcription_queue transcription_job_started
2026-03-12 09:04:52,603 INFO __main__ transcription_job_state_changed
2026-03-12 09:04:52,665 INFO interview_app.transcription_queue transcription_job_failed
2026-03-12 09:04:52,666 INFO __main__ transcription_job_state_changed
2026-03-12 09:06:39,373 INFO interview_app.transcription_queue transcription_job_queued
2026-03-12 09:06:39,373 INFO __main__ transcription_job_state_changed
2026-03-12 09:06:39,375 INFO interview_app.transcription_queue transcription_job_started
2026-03-12 09:06:39,375 INFO __main__ transcription_job_state_changed
2026-03-12 09:06:39,500 INFO interview_app.transcription_queue transcription_job_failed
2026-03-12 09:06:39,500 INFO __main__ transcription_job_state_changed
2026-03-12 09:07:52,190 INFO interview_app.transcription_queue transcription_job_queued
2026-03-12 09:07:52,190 INFO __main__ transcription_job_state_changed
2026-03-12 09:07:52,191 INFO interview_app.transcription_queue transcription_job_started
2026-03-12 09:07:52,191 INFO __main__ transcription_job_state_changed
2026-03-12 09:07:52,314 INFO interview_app.transcription_queue transcription_job_failed
2026-03-12 09:07:52,314 INFO __main__ transcription_job_state_changed
2026-03-12 09:08:50,384 INFO interview_app.transcription_queue transcription_job_queued
2026-03-12 09:08:50,384 INFO __main__ transcription_job_state_changed
2026-03-12 09:08:50,384 INFO interview_app.transcription_queue transcription_job_started
2026-03-12 09:08:50,384 INFO __main__ transcription_job_state_changed
2026-03-12 09:08:50,506 INFO interview_app.transcription_queue transcription_job_failed
2026-03-12 09:08:50,507 INFO __main__ transcription_job_state_changed
2026-03-12 09:10:09,461 INFO interview_app.transcription_queue transcription_job_queued
2026-03-12 09:10:09,461 INFO __main__ transcription_job_state_changed
2026-03-12 09:10:09,461 INFO interview_app.transcription_queue transcription_job_started
2026-03-12 09:10:09,463 INFO __main__ transcription_job_state_changed
2026-03-12 09:10:09,590 INFO interview_app.transcription_queue transcription_job_failed
2026-03-12 09:10:09,590 INFO __main__ transcription_job_state_changed
2026-03-12 09:12:03,800 INFO interview_app.transcription_queue transcription_job_queued
2026-03-12 09:12:03,800 INFO __main__ transcription_job_state_changed
2026-03-12 09:12:03,802 INFO interview_app.transcription_queue transcription_job_started
2026-03-12 09:12:03,802 INFO __main__ transcription_job_state_changed
2026-03-12 09:12:03,925 INFO interview_app.transcription_queue transcription_job_failed
2026-03-12 09:12:03,926 INFO __main__ transcription_job_state_changed
2026-03-12 09:15:05,284 INFO interview_app.transcription_queue transcription_job_queued
2026-03-12 09:15:05,284 INFO __main__ transcription_job_state_changed
2026-03-12 09:15:05,285 INFO interview_app.transcription_queue transcription_job_started
2026-03-12 09:15:05,285 INFO __main__ transcription_job_state_changed
2026-03-12 09:15:05,408 INFO interview_app.transcription_queue transcription_job_failed
2026-03-12 09:15:05,409 INFO __main__ transcription_job_state_changed
2026-03-12 09:17:24,821 INFO interview_app.transcription_queue transcription_job_queued
2026-03-12 09:17:24,823 INFO __main__ transcription_job_state_changed
2026-03-12 09:17:24,823 INFO interview_app.transcription_queue transcription_job_started
2026-03-12 09:17:24,824 INFO __main__ transcription_job_state_changed
2026-03-12 09:17:24,948 INFO interview_app.transcription_queue transcription_job_failed
2026-03-12 09:17:24,949 INFO __main__ transcription_job_state_changed
2026-03-12 09:18:37,936 INFO interview_app.transcription_queue transcription_job_queued
2026-03-12 09:18:37,938 INFO __main__ transcription_job_state_changed
2026-03-12 09:18:37,938 INFO interview_app.transcription_queue transcription_job_started
2026-03-12 09:18:37,939 INFO __main__ transcription_job_state_changed
2026-03-12 09:18:38,054 INFO interview_app.transcription_queue transcription_job_failed
2026-03-12 09:18:38,055 INFO __main__ transcription_job_state_changed
2026-03-12 09:18:50,972 INFO interview_app.transcription_queue transcription_job_queued
2026-03-12 09:18:50,973 INFO __main__ transcription_job_state_changed
2026-03-12 09:18:50,973 INFO interview_app.transcription_queue transcription_job_started
2026-03-12 09:18:50,973 INFO __main__ transcription_job_state_changed
2026-03-12 09:18:51,015 INFO interview_app.transcription_queue transcription_job_failed
2026-03-12 09:18:51,015 INFO __main__ transcription_job_state_changed
2026-03-12 09:19:08,657 INFO interview_app.transcription_queue transcription_job_queued
2026-03-12 09:19:08,659 INFO __main__ transcription_job_state_changed
2026-03-12 09:19:08,659 INFO interview_app.transcription_queue transcription_job_started
2026-03-12 09:19:08,659 INFO __main__ transcription_job_state_changed
2026-03-12 09:19:08,699 INFO interview_app.transcription_queue transcription_job_failed
2026-03-12 09:19:08,699 INFO __main__ transcription_job_state_changed
2026-03-12 09:19:17,375 INFO interview_app.transcription_queue transcription_job_queued
2026-03-12 09:19:17,375 INFO __main__ transcription_job_state_changed
2026-03-12 09:19:17,375 INFO interview_app.transcription_queue transcription_job_started
2026-03-12 09:19:17,377 INFO __main__ transcription_job_state_changed
2026-03-12 09:19:17,416 INFO interview_app.transcription_queue transcription_job_failed
2026-03-12 09:19:17,417 INFO __main__ transcription_job_state_changed
2026-03-12 09:19:22,987 INFO interview_app.transcription_queue transcription_job_queued
2026-03-12 09:19:22,988 INFO __main__ transcription_job_state_changed
2026-03-12 09:19:22,988 INFO interview_app.transcription_queue transcription_job_started
2026-03-12 09:19:22,988 INFO __main__ transcription_job_state_changed
2026-03-12 09:19:23,018 WARNING __main__ transcription_health_failed
2026-03-12 09:19:23,022 INFO interview_app.transcription_queue transcription_job_failed
2026-03-12 09:19:23,022 INFO __main__ transcription_job_state_changed
2026-03-12 09:36:18,037 INFO runtime_wrapper runtime_wrapper_exit
2026-03-12 09:36:47,211 INFO runtime_wrapper runtime_wrapper_start
2026-03-12 09:36:47,407 INFO app_logging app_logging_initialized
2026-03-12 09:41:23,327 INFO runtime_wrapper runtime_wrapper_start
2026-03-12 09:41:23,494 INFO app_logging app_logging_initialized
2026-03-12 09:41:27,448 INFO runtime_wrapper runtime_wrapper_exit
2026-03-12 09:41:32,675 INFO runtime_wrapper runtime_wrapper_exit
2026-03-12 10:35:02,862 INFO runtime_wrapper runtime_wrapper_start
2026-03-12 10:35:03,065 INFO app_logging app_logging_initialized
2026-03-12 10:39:27,088 INFO interview_app.transcription_queue transcription_job_queued
2026-03-12 10:39:27,090 INFO __main__ transcription_job_state_changed
2026-03-12 10:39:27,095 INFO interview_app.transcription_queue transcription_job_started
2026-03-12 10:39:27,096 INFO __main__ transcription_job_state_changed
2026-03-12 10:39:27,159 INFO interview_app.transcription_queue transcription_job_failed
2026-03-12 10:39:27,159 INFO __main__ transcription_job_state_changed
2026-03-12 10:40:11,119 INFO interview_app.transcription_queue transcription_job_queued
2026-03-12 10:40:11,119 INFO __main__ transcription_job_state_changed
2026-03-12 10:40:11,120 INFO interview_app.transcription_queue transcription_job_started
2026-03-12 10:40:11,120 INFO __main__ transcription_job_state_changed
2026-03-12 10:40:11,186 INFO interview_app.transcription_queue transcription_job_failed
2026-03-12 10:40:11,187 INFO __main__ transcription_job_state_changed
2026-03-12 10:42:05,809 INFO interview_app.transcription_queue transcription_job_queued
2026-03-12 10:42:05,810 INFO __main__ transcription_job_state_changed
2026-03-12 10:42:05,810 INFO interview_app.transcription_queue transcription_job_started
2026-03-12 10:42:05,811 INFO __main__ transcription_job_state_changed
2026-03-12 10:42:05,932 INFO interview_app.transcription_queue transcription_job_failed
2026-03-12 10:42:05,933 INFO __main__ transcription_job_state_changed
2026-03-12 10:43:29,554 INFO interview_app.transcription_queue transcription_job_queued
2026-03-12 10:43:29,555 INFO __main__ transcription_job_state_changed
2026-03-12 10:43:29,555 INFO interview_app.transcription_queue transcription_job_started
2026-03-12 10:43:29,555 INFO __main__ transcription_job_state_changed
2026-03-12 10:43:29,663 INFO interview_app.transcription_queue transcription_job_failed
2026-03-12 10:43:29,664 INFO __main__ transcription_job_state_changed
2026-03-12 10:46:15,296 INFO interview_app.transcription_queue transcription_job_queued
2026-03-12 10:46:15,298 INFO __main__ transcription_job_state_changed
2026-03-12 10:46:15,298 INFO interview_app.transcription_queue transcription_job_started
2026-03-12 10:46:15,299 INFO __main__ transcription_job_state_changed
2026-03-12 10:46:15,427 INFO interview_app.transcription_queue transcription_job_failed
2026-03-12 10:46:15,428 INFO __main__ transcription_job_state_changed
2026-03-12 10:48:12,464 INFO interview_app.transcription_queue transcription_job_queued
2026-03-12 10:48:12,464 INFO __main__ transcription_job_state_changed
2026-03-12 10:48:12,465 INFO interview_app.transcription_queue transcription_job_started
2026-03-12 10:48:12,465 INFO __main__ transcription_job_state_changed
2026-03-12 10:48:12,598 INFO interview_app.transcription_queue transcription_job_failed
2026-03-12 10:48:12,598 INFO __main__ transcription_job_state_changed
2026-03-12 10:51:08,210 INFO interview_app.transcription_queue transcription_job_queued
2026-03-12 10:51:08,210 INFO __main__ transcription_job_state_changed
2026-03-12 10:51:08,210 INFO interview_app.transcription_queue transcription_job_started
2026-03-12 10:51:08,211 INFO __main__ transcription_job_state_changed
2026-03-12 10:51:08,332 INFO interview_app.transcription_queue transcription_job_failed
2026-03-12 10:51:08,332 INFO __main__ transcription_job_state_changed
2026-03-12 10:53:46,809 INFO interview_app.transcription_queue transcription_job_queued
2026-03-12 10:53:46,811 INFO __main__ transcription_job_state_changed
2026-03-12 10:53:46,811 INFO interview_app.transcription_queue transcription_job_started
2026-03-12 10:53:46,811 INFO __main__ transcription_job_state_changed
2026-03-12 10:53:46,939 INFO interview_app.transcription_queue transcription_job_failed
2026-03-12 10:53:46,940 INFO __main__ transcription_job_state_changed
2026-03-12 10:55:31,474 INFO interview_app.transcription_queue transcription_job_queued
2026-03-12 10:55:31,474 INFO __main__ transcription_job_state_changed
2026-03-12 10:55:31,476 INFO interview_app.transcription_queue transcription_job_started
2026-03-12 10:55:31,476 INFO __main__ transcription_job_state_changed
2026-03-12 10:55:31,609 INFO interview_app.transcription_queue transcription_job_failed
2026-03-12 10:55:31,609 INFO __main__ transcription_job_state_changed
2026-03-12 10:57:02,544 INFO interview_app.transcription_queue transcription_job_queued
2026-03-12 10:57:02,545 INFO __main__ transcription_job_state_changed
2026-03-12 10:57:02,545 INFO interview_app.transcription_queue transcription_job_started
2026-03-12 10:57:02,546 INFO __main__ transcription_job_state_changed
2026-03-12 10:57:02,669 INFO interview_app.transcription_queue transcription_job_failed
2026-03-12 10:57:02,669 INFO __main__ transcription_job_state_changed
2026-03-12 10:57:10,929 INFO interview_app.transcription_queue transcription_job_queued
2026-03-12 10:57:10,929 INFO __main__ transcription_job_state_changed
2026-03-12 10:57:10,929 INFO interview_app.transcription_queue transcription_job_started
2026-03-12 10:57:10,930 INFO __main__ transcription_job_state_changed
2026-03-12 10:57:11,053 INFO interview_app.transcription_queue transcription_job_failed
2026-03-12 10:57:11,053 INFO __main__ transcription_job_state_changed
2026-03-12 10:57:31,277 INFO interview_app.transcription_queue transcription_job_queued
2026-03-12 10:57:31,278 INFO __main__ transcription_job_state_changed
2026-03-12 10:57:31,279 INFO interview_app.transcription_queue transcription_job_started
2026-03-12 10:57:31,279 INFO __main__ transcription_job_state_changed
2026-03-12 10:57:31,325 INFO interview_app.transcription_queue transcription_job_failed
2026-03-12 10:57:31,326 INFO __main__ transcription_job_state_changed
2026-03-12 10:57:42,729 INFO interview_app.transcription_queue transcription_job_queued
2026-03-12 10:57:42,729 INFO __main__ transcription_job_state_changed
2026-03-12 10:57:42,729 INFO interview_app.transcription_queue transcription_job_started
2026-03-12 10:57:42,731 INFO __main__ transcription_job_state_changed
2026-03-12 10:57:42,775 INFO interview_app.transcription_queue transcription_job_failed
2026-03-12 10:57:42,776 INFO __main__ transcription_job_state_changed
2026-03-12 10:58:13,489 INFO interview_app.transcription_queue transcription_job_queued
2026-03-12 10:58:13,489 INFO __main__ transcription_job_state_changed
2026-03-12 10:58:13,489 INFO interview_app.transcription_queue transcription_job_started
2026-03-12 10:58:13,490 INFO __main__ transcription_job_state_changed
2026-03-12 10:58:13,546 INFO interview_app.transcription_queue transcription_job_failed
2026-03-12 10:58:13,546 INFO __main__ transcription_job_state_changed
2026-03-12 10:58:40,111 INFO interview_app.transcription_queue transcription_job_queued
2026-03-12 10:58:40,111 INFO __main__ transcription_job_state_changed
2026-03-12 10:58:40,111 INFO interview_app.transcription_queue transcription_job_started
2026-03-12 10:58:40,112 INFO __main__ transcription_job_state_changed
2026-03-12 10:58:40,132 WARNING __main__ transcription_health_failed
2026-03-12 10:58:40,134 INFO interview_app.transcription_queue transcription_job_failed
2026-03-12 10:58:40,134 INFO __main__ transcription_job_state_changed
2026-03-12 11:06:36,066 INFO interview_app.transcription_queue transcription_job_queued
2026-03-12 11:06:36,067 INFO __main__ transcription_job_state_changed
2026-03-12 11:06:36,069 INFO interview_app.transcription_queue transcription_job_started
2026-03-12 11:06:36,069 INFO __main__ transcription_job_state_changed
2026-03-12 11:06:36,139 INFO interview_app.transcription_queue transcription_job_failed
2026-03-12 11:06:36,140 INFO __main__ transcription_job_state_changed
2026-03-12 11:08:35,901 INFO interview_app.transcription_queue transcription_job_queued
2026-03-12 11:08:35,902 INFO __main__ transcription_job_state_changed
2026-03-12 11:08:35,903 INFO interview_app.transcription_queue transcription_job_started
2026-03-12 11:08:35,903 INFO __main__ transcription_job_state_changed
2026-03-12 11:08:35,980 INFO interview_app.transcription_queue transcription_job_failed
2026-03-12 11:08:35,980 INFO __main__ transcription_job_state_changed
2026-03-12 11:09:42,698 INFO interview_app.transcription_queue transcription_job_queued
2026-03-12 11:09:42,699 INFO __main__ transcription_job_state_changed
2026-03-12 11:09:42,699 INFO interview_app.transcription_queue transcription_job_started
2026-03-12 11:09:42,700 INFO __main__ transcription_job_state_changed
2026-03-12 11:09:42,825 INFO interview_app.transcription_queue transcription_job_failed
2026-03-12 11:09:42,826 INFO __main__ transcription_job_state_changed
2026-03-12 11:10:28,132 INFO interview_app.transcription_queue transcription_job_queued
2026-03-12 11:10:28,133 INFO __main__ transcription_job_state_changed
2026-03-12 11:10:28,133 INFO interview_app.transcription_queue transcription_job_started
2026-03-12 11:10:28,135 INFO __main__ transcription_job_state_changed
2026-03-12 11:10:28,340 INFO interview_app.transcription_queue transcription_job_failed
2026-03-12 11:10:28,340 INFO __main__ transcription_job_state_changed
2026-03-12 11:10:31,064 INFO interview_app.transcription_queue transcription_job_queued
2026-03-12 11:10:31,066 INFO __main__ transcription_job_state_changed
2026-03-12 11:10:31,066 INFO interview_app.transcription_queue transcription_job_started
2026-03-12 11:10:31,066 INFO __main__ transcription_job_state_changed
2026-03-12 11:10:31,201 INFO interview_app.transcription_queue transcription_job_failed
2026-03-12 11:10:31,207 INFO __main__ transcription_job_state_changed
2026-03-12 11:12:31,088 INFO interview_app.transcription_queue transcription_job_queued
2026-03-12 11:12:31,088 INFO __main__ transcription_job_state_changed
2026-03-12 11:12:31,089 INFO interview_app.transcription_queue transcription_job_started
2026-03-12 11:12:31,090 INFO __main__ transcription_job_state_changed
2026-03-12 11:12:31,216 INFO interview_app.transcription_queue transcription_job_failed
2026-03-12 11:12:31,216 INFO __main__ transcription_job_state_changed
2026-03-12 11:13:32,901 INFO interview_app.transcription_queue transcription_job_queued
2026-03-12 11:13:32,902 INFO __main__ transcription_job_state_changed
2026-03-12 11:13:32,902 INFO interview_app.transcription_queue transcription_job_started
2026-03-12 11:13:32,903 INFO __main__ transcription_job_state_changed
2026-03-12 11:13:33,036 INFO interview_app.transcription_queue transcription_job_failed
2026-03-12 11:13:33,036 INFO __main__ transcription_job_state_changed
2026-03-12 11:14:42,727 INFO interview_app.transcription_queue transcription_job_queued
2026-03-12 11:14:42,727 INFO __main__ transcription_job_state_changed
2026-03-12 11:14:42,728 INFO interview_app.transcription_queue transcription_job_started
2026-03-12 11:14:42,728 INFO __main__ transcription_job_state_changed
2026-03-12 11:14:42,871 INFO interview_app.transcription_queue transcription_job_failed
2026-03-12 11:14:42,872 INFO __main__ transcription_job_state_changed
2026-03-12 11:15:54,314 INFO interview_app.transcription_queue transcription_job_queued
2026-03-12 11:15:54,315 INFO __main__ transcription_job_state_changed
2026-03-12 11:15:54,315 INFO interview_app.transcription_queue transcription_job_started
2026-03-12 11:15:54,315 INFO __main__ transcription_job_state_changed
2026-03-12 11:15:54,454 INFO interview_app.transcription_queue transcription_job_failed
2026-03-12 11:15:54,456 INFO __main__ transcription_job_state_changed
2026-03-12 11:16:12,015 INFO interview_app.transcription_queue transcription_job_queued
2026-03-12 11:16:12,016 INFO __main__ transcription_job_state_changed
2026-03-12 11:16:12,016 INFO interview_app.transcription_queue transcription_job_started
2026-03-12 11:16:12,018 INFO __main__ transcription_job_state_changed
2026-03-12 11:16:12,152 INFO interview_app.transcription_queue transcription_job_failed
2026-03-12 11:16:12,152 INFO __main__ transcription_job_state_changed
2026-03-12 11:17:34,746 INFO interview_app.transcription_queue transcription_job_queued
2026-03-12 11:17:34,747 INFO __main__ transcription_job_state_changed
2026-03-12 11:17:34,747 INFO interview_app.transcription_queue transcription_job_started
2026-03-12 11:17:34,749 INFO __main__ transcription_job_state_changed
2026-03-12 11:17:34,876 INFO interview_app.transcription_queue transcription_job_failed
2026-03-12 11:17:34,878 INFO __main__ transcription_job_state_changed
2026-03-12 11:18:29,856 INFO interview_app.transcription_queue transcription_job_queued
2026-03-12 11:18:29,857 INFO __main__ transcription_job_state_changed
2026-03-12 11:18:29,858 INFO interview_app.transcription_queue transcription_job_started
2026-03-12 11:18:29,859 INFO __main__ transcription_job_state_changed
2026-03-12 11:18:29,988 INFO interview_app.transcription_queue transcription_job_failed
2026-03-12 11:18:29,989 INFO __main__ transcription_job_state_changed
2026-03-12 11:19:36,698 INFO interview_app.transcription_queue transcription_job_queued
2026-03-12 11:19:36,698 INFO __main__ transcription_job_state_changed
2026-03-12 11:19:36,699 INFO interview_app.transcription_queue transcription_job_started
2026-03-12 11:19:36,699 INFO __main__ transcription_job_state_changed
2026-03-12 11:19:36,835 INFO interview_app.transcription_queue transcription_job_failed
2026-03-12 11:19:36,835 INFO __main__ transcription_job_state_changed
2026-03-12 11:19:49,716 INFO interview_app.transcription_queue transcription_job_queued
2026-03-12 11:19:49,716 INFO __main__ transcription_job_state_changed
2026-03-12 11:19:49,717 INFO interview_app.transcription_queue transcription_job_started
2026-03-12 11:19:49,717 INFO __main__ transcription_job_state_changed
2026-03-12 11:19:49,765 INFO interview_app.transcription_queue transcription_job_failed
2026-03-12 11:19:49,766 INFO __main__ transcription_job_state_changed
2026-03-12 11:20:09,840 INFO interview_app.transcription_queue transcription_job_queued
2026-03-12 11:20:09,841 INFO __main__ transcription_job_state_changed
2026-03-12 11:20:09,841 INFO interview_app.transcription_queue transcription_job_started
2026-03-12 11:20:09,841 INFO __main__ transcription_job_state_changed
2026-03-12 11:20:09,896 INFO interview_app.transcription_queue transcription_job_failed
2026-03-12 11:20:09,897 INFO __main__ transcription_job_state_changed
2026-03-12 11:20:46,329 INFO interview_app.transcription_queue transcription_job_queued
2026-03-12 11:20:46,329 INFO __main__ transcription_job_state_changed
2026-03-12 11:20:46,329 INFO interview_app.transcription_queue transcription_job_started
2026-03-12 11:20:46,330 INFO __main__ transcription_job_state_changed
2026-03-12 11:20:46,376 INFO interview_app.transcription_queue transcription_job_failed
2026-03-12 11:20:46,376 INFO __main__ transcription_job_state_changed
2026-03-12 11:20:54,389 INFO interview_app.transcription_queue transcription_job_queued
2026-03-12 11:20:54,390 INFO __main__ transcription_job_state_changed
2026-03-12 11:20:54,390 INFO interview_app.transcription_queue transcription_job_started
2026-03-12 11:20:54,390 INFO __main__ transcription_job_state_changed
2026-03-12 11:20:54,409 WARNING __main__ transcription_health_failed
2026-03-12 11:20:54,411 INFO interview_app.transcription_queue transcription_job_failed
2026-03-12 11:20:54,411 INFO __main__ transcription_job_state_changed
2026-03-12 11:29:00,968 INFO runtime_wrapper runtime_wrapper_exit
2026-03-12 11:30:48,696 INFO runtime_wrapper runtime_wrapper_start
2026-03-12 11:30:48,884 INFO app_logging app_logging_initialized
2026-03-12 11:36:28,438 INFO runtime_wrapper runtime_wrapper_start
2026-03-12 11:36:28,632 INFO app_logging app_logging_initialized
2026-03-12 11:43:22,111 INFO runtime_wrapper runtime_wrapper_exit
2026-03-12 11:43:22,836 INFO runtime_wrapper runtime_wrapper_exit
2026-03-12 11:44:25,462 INFO runtime_wrapper runtime_wrapper_start
2026-03-12 11:44:25,649 INFO app_logging app_logging_initialized
2026-03-12 11:45:33,152 INFO runtime_wrapper runtime_wrapper_exit
2026-03-12 13:08:54,881 INFO runtime_wrapper runtime_wrapper_start
2026-03-12 13:08:55,416 INFO app_logging app_logging_initialized
2026-03-12 13:32:31,846 INFO runtime_wrapper runtime_wrapper_start
2026-03-12 13:32:32,342 INFO app_logging app_logging_initialized
2026-03-12 13:32:44,877 INFO httpx HTTP Request: GET https://huggingface.co/api/models/Systran/faster-whisper-large-v3/revision/main "HTTP/1.1 200 OK"
2026-03-12 13:32:55,424 INFO interview_audio_recorder Initialized Whisper model cache for model=large-v3 device=cuda compute_type=float16 in 12.15s
2026-03-12 13:32:58,396 INFO faster_whisper Processing audio with duration 04:29:22.814
2026-03-12 13:41:51,707 INFO runtime_wrapper runtime_wrapper_start
2026-03-12 13:41:52,283 INFO app_logging app_logging_initialized
2026-03-12 13:41:58,713 INFO httpx HTTP Request: GET https://huggingface.co/api/models/Systran/faster-whisper-large-v3/revision/main "HTTP/1.1 200 OK"
2026-03-12 13:42:05,615 INFO interview_audio_recorder Initialized Whisper model cache for model=large-v3 device=cuda compute_type=float16 in 7.57s
2026-03-12 13:42:08,539 INFO faster_whisper Processing audio with duration 04:38:31.678
2026-03-12 13:42:16,548 INFO runtime_wrapper runtime_wrapper_exit
2026-03-12 13:42:35,273 INFO runtime_wrapper runtime_wrapper_start
2026-03-12 13:42:35,463 INFO app_logging app_logging_initialized
2026-03-12 13:42:44,919 INFO httpx HTTP Request: GET https://huggingface.co/api/models/Systran/faster-whisper-large-v3/revision/main "HTTP/1.1 200 OK"
2026-03-12 13:42:51,786 INFO interview_audio_recorder Initialized Whisper model cache for model=large-v3 device=cuda compute_type=float16 in 7.57s
2026-03-12 13:42:54,583 INFO faster_whisper Processing audio with duration 04:39:12.638
2026-03-12 13:43:22,280 INFO faster_whisper VAD filter removed 03:59:09.006 of audio
2026-03-12 13:51:56,364 INFO runtime_wrapper runtime_wrapper_exit
2026-03-12 14:19:21,811 INFO runtime_wrapper runtime_wrapper_start
2026-03-12 14:19:22,007 INFO app_logging app_logging_initialized
2026-03-12 14:21:46,841 INFO runtime_wrapper runtime_wrapper_exit
2026-03-12 14:30:11,097 INFO runtime_wrapper runtime_wrapper_start
2026-03-12 14:30:11,606 INFO app_logging app_logging_initialized
2026-03-12 14:30:18,879 INFO httpx HTTP Request: GET https://huggingface.co/api/models/Systran/faster-whisper-large-v3/revision/main "HTTP/1.1 200 OK"
2026-03-12 14:30:26,314 INFO interview_audio_recorder Initialized Whisper model cache for model=large-v3 device=cuda compute_type=float16 in 8.36s
2026-03-12 14:30:29,852 INFO faster_whisper Processing audio with duration 05:26:51.646
2026-03-12 14:31:02,085 INFO faster_whisper VAD filter removed 04:46:48.014 of audio
2026-03-12 14:34:05,661 INFO interview_audio_recorder Transcribed Candidate_Yanet_Luna_Romero_2026-03-12_Q1_custom_Why_ECE_sys.wav for speaker=CANDIDATE in 219.35s (285 kept segments, min_start=0.00)
2026-03-12 14:34:08,801 INFO faster_whisper Processing audio with duration 05:29:35.486
2026-03-12 14:34:40,538 INFO faster_whisper VAD filter removed 04:49:53.054 of audio
2026-03-12 14:59:58,827 INFO runtime_wrapper runtime_wrapper_start
2026-03-12 14:59:59,315 INFO app_logging app_logging_initialized
2026-03-12 15:01:20,354 INFO runtime_wrapper runtime_wrapper_exit
2026-03-12 15:01:37,128 INFO runtime_wrapper runtime_wrapper_start
2026-03-12 15:01:37,341 INFO app_logging app_logging_initialized
2026-03-12 15:02:03,231 INFO runtime_wrapper runtime_wrapper_exit
2026-03-12 15:15:46,982 INFO runtime_wrapper runtime_wrapper_start
2026-03-12 15:15:47,512 INFO app_logging app_logging_initialized
2026-03-12 15:17:22,107 INFO interview_app.transcription_queue transcription_job_queued
2026-03-12 15:17:22,110 INFO __main__ transcription_job_state_changed
2026-03-12 15:17:22,110 INFO interview_app.transcription_queue transcription_job_started
2026-03-12 15:17:22,111 INFO __main__ transcription_job_state_changed
2026-03-12 15:17:22,222 INFO interview_app.transcription_queue transcription_job_failed
2026-03-12 15:17:22,223 INFO __main__ transcription_job_state_changed
2026-03-12 15:17:26,496 INFO interview_app.transcription_queue transcription_job_queued
2026-03-12 15:17:26,497 INFO __main__ transcription_job_state_changed
2026-03-12 15:17:26,497 INFO interview_app.transcription_queue transcription_job_started
2026-03-12 15:17:26,497 INFO __main__ transcription_job_state_changed
2026-03-12 15:17:26,604 INFO interview_app.transcription_queue transcription_job_failed
2026-03-12 15:17:26,605 INFO __main__ transcription_job_state_changed
2026-03-12 15:17:32,638 INFO interview_app.transcription_queue transcription_job_queued
2026-03-12 15:17:32,638 INFO __main__ transcription_job_state_changed
2026-03-12 15:17:32,639 INFO interview_app.transcription_queue transcription_job_started
2026-03-12 15:17:32,639 INFO __main__ transcription_job_state_changed
2026-03-12 15:17:32,889 INFO interview_app.transcription_queue transcription_job_failed
2026-03-12 15:17:32,889 INFO __main__ transcription_job_state_changed
2026-03-12 15:17:37,039 INFO interview_app.transcription_queue transcription_job_queued
2026-03-12 15:17:37,040 INFO __main__ transcription_job_state_changed
2026-03-12 15:17:37,040 INFO interview_app.transcription_queue transcription_job_started
2026-03-12 15:17:37,040 INFO __main__ transcription_job_state_changed
2026-03-12 15:17:37,226 INFO interview_app.transcription_queue transcription_job_failed
2026-03-12 15:17:37,227 INFO __main__ transcription_job_state_changed
2026-03-12 15:17:41,354 INFO interview_app.transcription_queue transcription_job_queued
2026-03-12 15:17:41,354 INFO __main__ transcription_job_state_changed
2026-03-12 15:17:41,354 INFO interview_app.transcription_queue transcription_job_started
2026-03-12 15:17:41,355 INFO __main__ transcription_job_state_changed
2026-03-12 15:17:41,549 INFO interview_app.transcription_queue transcription_job_failed
2026-03-12 15:17:41,549 INFO __main__ transcription_job_state_changed
2026-03-12 15:17:50,622 INFO interview_app.transcription_queue transcription_job_queued
2026-03-12 15:17:50,622 INFO __main__ transcription_job_state_changed
2026-03-12 15:17:50,623 INFO interview_app.transcription_queue transcription_job_started
2026-03-12 15:17:50,623 INFO __main__ transcription_job_state_changed
2026-03-12 15:17:50,800 INFO interview_app.transcription_queue transcription_job_failed
2026-03-12 15:17:50,800 INFO __main__ transcription_job_state_changed
2026-03-12 15:17:54,454 INFO interview_app.transcription_queue transcription_job_queued
2026-03-12 15:17:54,454 INFO __main__ transcription_job_state_changed
2026-03-12 15:17:54,455 INFO interview_app.transcription_queue transcription_job_started
2026-03-12 15:17:54,455 INFO __main__ transcription_job_state_changed
2026-03-12 15:17:54,629 INFO interview_app.transcription_queue transcription_job_failed
2026-03-12 15:17:54,630 INFO __main__ transcription_job_state_changed
2026-03-12 15:18:06,514 INFO interview_app.transcription_queue transcription_job_queued
2026-03-12 15:18:06,514 INFO __main__ transcription_job_state_changed
2026-03-12 15:18:06,515 INFO interview_app.transcription_queue transcription_job_started
2026-03-12 15:18:06,516 INFO __main__ transcription_job_state_changed
2026-03-12 15:18:06,682 INFO interview_app.transcription_queue transcription_job_failed
2026-03-12 15:18:06,683 INFO __main__ transcription_job_state_changed
2026-03-12 15:18:18,718 INFO interview_app.transcription_queue transcription_job_queued
2026-03-12 15:18:18,719 INFO __main__ transcription_job_state_changed
2026-03-12 15:18:18,719 INFO interview_app.transcription_queue transcription_job_started
2026-03-12 15:18:18,719 INFO __main__ transcription_job_state_changed
2026-03-12 15:18:18,889 INFO interview_app.transcription_queue transcription_job_failed
2026-03-12 15:18:18,889 INFO __main__ transcription_job_state_changed
2026-03-12 15:18:21,478 INFO interview_app.transcription_queue transcription_job_queued
2026-03-12 15:18:21,478 INFO __main__ transcription_job_state_changed
2026-03-12 15:18:21,479 INFO interview_app.transcription_queue transcription_job_started
2026-03-12 15:18:21,479 INFO __main__ transcription_job_state_changed
2026-03-12 15:18:21,660 INFO interview_app.transcription_queue transcription_job_failed
2026-03-12 15:18:21,660 INFO __main__ transcription_job_state_changed
2026-03-12 15:18:24,845 INFO interview_app.transcription_queue transcription_job_queued
2026-03-12 15:18:24,846 INFO __main__ transcription_job_state_changed
2026-03-12 15:18:24,846 INFO interview_app.transcription_queue transcription_job_started
2026-03-12 15:18:24,847 INFO __main__ transcription_job_state_changed
2026-03-12 15:18:25,003 INFO interview_app.transcription_queue transcription_job_failed
2026-03-12 15:18:25,003 INFO __main__ transcription_job_state_changed
2026-03-12 15:18:27,590 INFO interview_app.transcription_queue transcription_job_queued
2026-03-12 15:18:27,590 INFO __main__ transcription_job_state_changed
2026-03-12 15:18:27,591 INFO interview_app.transcription_queue transcription_job_started
2026-03-12 15:18:27,592 INFO __main__ transcription_job_state_changed
2026-03-12 15:18:27,654 INFO interview_app.transcription_queue transcription_job_failed
2026-03-12 15:18:27,654 INFO __main__ transcription_job_state_changed
2026-03-12 15:18:29,779 INFO interview_app.transcription_queue transcription_job_queued
2026-03-12 15:18:29,780 INFO __main__ transcription_job_state_changed
2026-03-12 15:18:29,781 INFO interview_app.transcription_queue transcription_job_started
2026-03-12 15:18:29,781 INFO __main__ transcription_job_state_changed
2026-03-12 15:18:29,835 INFO interview_app.transcription_queue transcription_job_failed
2026-03-12 15:18:29,837 INFO __main__ transcription_job_state_changed
2026-03-12 15:18:35,390 INFO interview_app.transcription_queue transcription_job_queued
2026-03-12 15:18:35,391 INFO __main__ transcription_job_state_changed
2026-03-12 15:18:35,391 INFO interview_app.transcription_queue transcription_job_started
2026-03-12 15:18:35,392 INFO __main__ transcription_job_state_changed
2026-03-12 15:18:35,457 INFO interview_app.transcription_queue transcription_job_failed
2026-03-12 15:18:35,458 INFO __main__ transcription_job_state_changed
2026-03-12 15:18:36,469 INFO interview_app.transcription_queue transcription_job_queued
2026-03-12 15:18:36,469 INFO __main__ transcription_job_state_changed
2026-03-12 15:18:36,471 INFO interview_app.transcription_queue transcription_job_started
2026-03-12 15:18:36,472 INFO __main__ transcription_job_state_changed
2026-03-12 15:18:36,496 WARNING __main__ transcription_health_failed
2026-03-12 15:18:36,499 INFO interview_app.transcription_queue transcription_job_failed
2026-03-12 15:18:36,501 INFO __main__ transcription_job_state_changed
2026-03-12 15:20:27,523 INFO runtime_wrapper runtime_wrapper_exit
2026-03-12 15:29:06,614 INFO runtime_wrapper runtime_wrapper_start
2026-03-12 15:29:07,157 INFO app_logging app_logging_initialized
2026-03-12 15:31:42,768 INFO httpx HTTP Request: GET https://huggingface.co/api/models/Systran/faster-whisper-large-v3/revision/main "HTTP/1.1 200 OK"
2026-03-12 15:31:49,733 INFO interview_audio_recorder Initialized Whisper model cache for model=large-v3 device=cuda compute_type=float16 in 7.67s
2026-03-12 15:31:49,932 INFO faster_whisper Processing audio with duration 14:36.542
2026-03-12 15:31:51,270 INFO faster_whisper VAD filter removed 11:23.038 of audio
2026-03-12 15:32:09,425 INFO interview_audio_recorder Transcribed Candidate_TEST_2026-03-12_Q1_custom_Why_ECE_sys.wav for speaker=CANDIDATE in 19.69s (105 kept segments, min_start=0.00)
2026-03-12 15:32:09,630 INFO faster_whisper Processing audio with duration 14:44.734
2026-03-12 15:32:10,849 INFO faster_whisper VAD filter removed 11:43.422 of audio
2026-03-12 15:32:26,214 INFO interview_audio_recorder Transcribed Candidate_TEST_2026-03-12_Q2_custom_Why_LPL_sys.wav for speaker=CANDIDATE in 16.78s (47 kept segments, min_start=0.00)
2026-03-12 15:32:26,399 INFO faster_whisper Processing audio with duration 14:52.926
2026-03-12 15:32:27,926 INFO faster_whisper VAD filter removed 11:53.470 of audio
2026-03-12 15:32:43,025 INFO interview_audio_recorder Transcribed Candidate_TEST_2026-03-12_Q3_trait_trait_1_sys.wav for speaker=CANDIDATE in 16.79s (45 kept segments, min_start=0.00)
2026-03-12 15:32:43,220 INFO faster_whisper Processing audio with duration 15:09.310
2026-03-12 15:32:44,467 INFO faster_whisper VAD filter removed 12:12.958 of audio
2026-03-12 15:33:01,708 INFO interview_audio_recorder Transcribed Candidate_TEST_2026-03-12_Q4_trait_trait_2_sys.wav for speaker=CANDIDATE in 18.68s (32 kept segments, min_start=0.00)
2026-03-12 15:33:02,003 INFO faster_whisper Processing audio with duration 15:17.502
2026-03-12 15:33:03,270 INFO faster_whisper VAD filter removed 12:17.886 of audio
2026-03-12 15:33:16,239 INFO interview_audio_recorder Transcribed Candidate_TEST_2026-03-12_Q5_trait_trait_3_sys.wav for speaker=CANDIDATE in 14.43s (33 kept segments, min_start=0.00)
2026-03-12 15:33:16,449 INFO faster_whisper Processing audio with duration 15:33.886
2026-03-12 15:33:17,820 INFO faster_whisper VAD filter removed 12:32.158 of audio
2026-03-12 15:33:34,916 INFO interview_audio_recorder Transcribed Candidate_TEST_2026-03-12_Q6_trait_trait_4_sys.wav for speaker=CANDIDATE in 18.67s (43 kept segments, min_start=0.00)
2026-03-12 15:33:35,114 INFO faster_whisper Processing audio with duration 15:42.078
2026-03-12 15:33:36,472 INFO faster_whisper VAD filter removed 12:47.214 of audio
2026-03-12 15:33:51,451 INFO interview_audio_recorder Transcribed Candidate_TEST_2026-03-12_Q7_trait_trait_5_sys.wav for speaker=CANDIDATE in 16.53s (44 kept segments, min_start=0.00)
2026-03-12 15:33:51,650 INFO faster_whisper Processing audio with duration 15:50.270
2026-03-12 15:33:52,967 INFO faster_whisper VAD filter removed 12:55.486 of audio
2026-03-12 15:34:09,894 INFO interview_audio_recorder Transcribed Candidate_TEST_2026-03-12_Q8_trait_trait_6_sys.wav for speaker=CANDIDATE in 18.43s (68 kept segments, min_start=0.00)
2026-03-12 15:34:10,107 INFO faster_whisper Processing audio with duration 15:58.462
2026-03-12 15:34:11,516 INFO faster_whisper VAD filter removed 13:06.142 of audio
2026-03-12 15:34:26,729 INFO interview_audio_recorder Transcribed Candidate_TEST_2026-03-12_Q9_trait_trait_7_sys.wav for speaker=CANDIDATE in 16.83s (47 kept segments, min_start=0.00)
2026-03-12 15:34:26,953 INFO faster_whisper Processing audio with duration 16:06.654
2026-03-12 15:34:28,353 INFO faster_whisper VAD filter removed 13:20.206 of audio
2026-03-12 15:34:44,078 INFO interview_audio_recorder Transcribed Candidate_TEST_2026-03-12_Q10_trait_trait_10_sys.wav for speaker=CANDIDATE in 17.34s (83 kept segments, min_start=0.00)
2026-03-12 15:34:44,307 INFO faster_whisper Processing audio with duration 16:14.846
2026-03-12 15:34:45,640 INFO faster_whisper VAD filter removed 13:34.062 of audio
2026-03-12 15:34:59,194 INFO interview_audio_recorder Transcribed Candidate_TEST_2026-03-12_Q11_trait_trait_11_sys.wav for speaker=CANDIDATE in 15.11s (29 kept segments, min_start=0.00)
2026-03-12 15:34:59,407 INFO faster_whisper Processing audio with duration 16:31.230
2026-03-12 15:35:00,785 INFO faster_whisper VAD filter removed 13:50.830 of audio
2026-03-12 15:35:40,596 INFO interview_audio_recorder Transcribed Candidate_TEST_2026-03-12_Q12_custom_FT_or_PT_sys.wav for speaker=CANDIDATE in 41.39s (57 kept segments, min_start=0.00)
2026-03-12 15:35:40,813 INFO faster_whisper Processing audio with duration 17:12.190
2026-03-12 15:35:42,263 INFO faster_whisper VAD filter removed 14:37.166 of audio
2026-03-12 15:35:58,809 INFO interview_audio_recorder Transcribed Candidate_TEST_2026-03-12_Q13_custom_Not_Avail_sys.wav for speaker=CANDIDATE in 18.20s (34 kept segments, min_start=0.00)
2026-03-12 15:35:59,020 INFO faster_whisper Processing audio with duration 17:20.382
2026-03-12 15:36:01,003 INFO faster_whisper VAD filter removed 14:48.510 of audio
2026-03-12 15:36:16,496 INFO interview_audio_recorder Transcribed Candidate_TEST_2026-03-12_Q14_custom_Pay_sys.wav for speaker=CANDIDATE in 17.68s (81 kept segments, min_start=0.00)
2026-03-12 15:36:16,691 INFO faster_whisper Processing audio with duration 17:36.766
2026-03-12 15:36:18,503 INFO faster_whisper VAD filter removed 15:01.662 of audio
2026-03-12 15:36:31,370 INFO interview_audio_recorder Transcribed Candidate_TEST_2026-03-12_Q15_custom_Start_sys.wav for speaker=CANDIDATE in 14.86s (27 kept segments, min_start=0.00)
2026-03-12 15:47:41,439 INFO runtime_wrapper runtime_wrapper_exit
2026-03-12 15:48:31,622 INFO runtime_wrapper runtime_wrapper_start
2026-03-12 15:48:31,820 INFO app_logging app_logging_initialized
2026-03-12 15:49:41,291 INFO interview_app.transcription_queue transcription_job_queued
2026-03-12 15:49:41,291 INFO __main__ transcription_job_state_changed
2026-03-12 15:49:41,293 INFO interview_app.transcription_queue transcription_job_started
2026-03-12 15:49:41,294 INFO __main__ transcription_job_state_changed
2026-03-12 15:49:41,397 INFO runtime_wrapper runtime_wrapper_exit
2026-03-12 16:00:50,772 INFO runtime_wrapper runtime_wrapper_start
2026-03-12 16:00:51,290 INFO app_logging app_logging_initialized
2026-03-12 16:01:00,599 INFO httpx HTTP Request: GET https://huggingface.co/api/models/Systran/faster-whisper-large-v3/revision/main "HTTP/1.1 200 OK"
2026-03-12 16:01:03,120 ERROR __main__ tk_callback_exception
Traceback (most recent call last):
  File "C:\Program Files\Python311\Lib\tkinter\__init__.py", line 1967, in __call__
    return self.func(*args)
           ^^^^^^^^^^^^^^^^
  File "C:\Program Files\Python311\Lib\tkinter\__init__.py", line 2161, in wm_iconify
    return self.tk.call('wm', 'iconify', self._w)
           ^^^^^^^^^^^^^^^^^^^^^^^^^^^^^^^^^^^^^^
_tkinter.TclError: can't iconify ".!toplevel": it is a transient
2026-03-12 16:01:07,653 INFO interview_audio_recorder Initialized Whisper model cache for model=large-v3 device=cuda compute_type=float16 in 7.75s
2026-03-12 16:01:07,855 INFO runtime_wrapper runtime_wrapper_exit
2026-03-13 11:15:43,890 INFO runtime_wrapper runtime_wrapper_start
2026-03-13 11:15:44,185 INFO app_logging app_logging_initialized
2026-03-13 11:37:30,359 INFO interview_app.transcription_queue transcription_job_queued
2026-03-13 11:37:30,359 INFO __main__ transcription_job_state_changed
2026-03-13 11:37:30,361 INFO interview_app.transcription_queue transcription_job_started
2026-03-13 11:37:30,362 INFO __main__ transcription_job_state_changed
2026-03-13 11:37:30,800 INFO interview_app.transcription_queue transcription_job_started
2026-03-13 11:37:32,115 INFO httpx HTTP Request: GET https://huggingface.co/api/models/Systran/faster-whisper-large-v3/revision/main "HTTP/1.1 200 OK"
2026-03-13 11:37:38,839 INFO interview_audio_recorder Initialized Whisper model cache for model=large-v3 device=cuda compute_type=float16 in 7.54s
2026-03-13 11:37:38,841 WARNING interview_audio_recorder Audio file missing, skipping transcription: C:\Users\Dnord\Dropbox\David LPL work\Initial Teacher Interview Guide\interviews\Candidate_Elena_Hodges_2026-03-13_Q1_custom_Why_ECE_mic.wav
2026-03-13 11:37:38,892 INFO faster_whisper Processing audio with duration 01:05.534
2026-03-13 11:37:39,663 INFO faster_whisper VAD filter removed 00:29.360 of audio
2026-03-13 11:37:42,494 INFO interview_audio_recorder Transcribed Candidate_Elena_Hodges_2026-03-13_Q1_custom_Why_ECE_sys.wav for speaker=CANDIDATE in 3.65s (3 kept segments, min_start=0.00)
2026-03-13 11:37:42,495 INFO interview_audio_recorder Full transcription completed for base_name=Candidate_Elena_Hodges_2026-03-13_Q1_custom_Why_ECE with 3 segments in 11.69s
2026-03-13 11:37:42,509 INFO interview_app.transcription_queue transcription_job_completed
2026-03-13 11:37:42,510 INFO interview_app.transcription_queue transcription_job_completed
2026-03-13 11:37:42,510 INFO __main__ transcription_job_state_changed
2026-03-13 11:37:58,234 INFO interview_app.transcription_queue transcription_job_queued
2026-03-13 11:37:58,234 INFO __main__ transcription_job_state_changed
2026-03-13 11:37:58,234 INFO interview_app.transcription_queue transcription_job_started
2026-03-13 11:37:58,236 INFO __main__ transcription_job_state_changed
2026-03-13 11:37:58,667 INFO interview_app.transcription_queue transcription_job_started
2026-03-13 11:37:58,670 WARNING interview_audio_recorder Audio file missing, skipping transcription: C:\Users\Dnord\Dropbox\David LPL work\Initial Teacher Interview Guide\interviews\Candidate_Elena_Hodges_2026-03-13_Q2_custom_Why_LPL_mic.wav
2026-03-13 11:37:58,695 INFO faster_whisper Processing audio with duration 00:24.574
2026-03-13 11:37:58,728 INFO faster_whisper VAD filter removed 00:13.374 of audio
2026-03-13 11:37:59,636 INFO interview_audio_recorder Transcribed Candidate_Elena_Hodges_2026-03-13_Q2_custom_Why_LPL_sys.wav for speaker=CANDIDATE in 0.97s (1 kept segments, min_start=0.00)
2026-03-13 11:37:59,637 INFO interview_audio_recorder Full transcription completed for base_name=Candidate_Elena_Hodges_2026-03-13_Q2_custom_Why_LPL with 1 segments in 0.97s
2026-03-13 11:37:59,647 INFO interview_app.transcription_queue transcription_job_completed
2026-03-13 11:37:59,647 INFO interview_app.transcription_queue transcription_job_completed
2026-03-13 11:37:59,647 INFO __main__ transcription_job_state_changed
2026-03-13 11:39:15,079 INFO interview_app.transcription_queue transcription_job_queued
2026-03-13 11:39:15,079 INFO __main__ transcription_job_state_changed
2026-03-13 11:39:15,079 INFO interview_app.transcription_queue transcription_job_started
2026-03-13 11:39:15,081 INFO __main__ transcription_job_state_changed
2026-03-13 11:39:15,562 INFO interview_app.transcription_queue transcription_job_started
2026-03-13 11:39:15,564 WARNING interview_audio_recorder Audio file missing, skipping transcription: C:\Users\Dnord\Dropbox\David LPL work\Initial Teacher Interview Guide\interviews\Candidate_Elena_Hodges_2026-03-13_Q3_trait_trait_1_mic.wav
2026-03-13 11:39:15,608 INFO faster_whisper Processing audio with duration 01:13.726
2026-03-13 11:39:15,708 INFO faster_whisper VAD filter removed 00:38.910 of audio
2026-03-13 11:39:17,687 INFO interview_audio_recorder Transcribed Candidate_Elena_Hodges_2026-03-13_Q3_trait_trait_1_sys.wav for speaker=CANDIDATE in 2.12s (5 kept segments, min_start=0.00)
2026-03-13 11:39:17,687 INFO interview_audio_recorder Full transcription completed for base_name=Candidate_Elena_Hodges_2026-03-13_Q3_trait_trait_1 with 5 segments in 2.12s
2026-03-13 11:39:17,699 INFO interview_app.transcription_queue transcription_job_completed
2026-03-13 11:39:17,699 INFO interview_app.transcription_queue transcription_job_completed
2026-03-13 11:39:17,699 INFO __main__ transcription_job_state_changed
2026-03-13 11:40:13,449 INFO interview_app.transcription_queue transcription_job_queued
2026-03-13 11:40:13,450 INFO __main__ transcription_job_state_changed
2026-03-13 11:40:13,450 INFO interview_app.transcription_queue transcription_job_started
2026-03-13 11:40:13,451 INFO __main__ transcription_job_state_changed
2026-03-13 11:40:13,906 INFO interview_app.transcription_queue transcription_job_started
2026-03-13 11:40:13,908 WARNING interview_audio_recorder Audio file missing, skipping transcription: C:\Users\Dnord\Dropbox\David LPL work\Initial Teacher Interview Guide\interviews\Candidate_Elena_Hodges_2026-03-13_Q4_trait_trait_2_mic.wav
2026-03-13 11:40:13,939 INFO faster_whisper Processing audio with duration 00:49.150
2026-03-13 11:40:14,006 INFO faster_whisper VAD filter removed 00:30.398 of audio
2026-03-13 11:40:15,147 INFO interview_audio_recorder Transcribed Candidate_Elena_Hodges_2026-03-13_Q4_trait_trait_2_sys.wav for speaker=CANDIDATE in 1.24s (3 kept segments, min_start=0.00)
2026-03-13 11:40:15,147 INFO interview_audio_recorder Full transcription completed for base_name=Candidate_Elena_Hodges_2026-03-13_Q4_trait_trait_2 with 3 segments in 1.24s
2026-03-13 11:40:15,158 INFO interview_app.transcription_queue transcription_job_completed
2026-03-13 11:40:15,159 INFO interview_app.transcription_queue transcription_job_completed
2026-03-13 11:40:15,159 INFO __main__ transcription_job_state_changed
2026-03-13 11:41:07,400 INFO interview_app.transcription_queue transcription_job_queued
2026-03-13 11:41:07,400 INFO __main__ transcription_job_state_changed
2026-03-13 11:41:07,400 INFO interview_app.transcription_queue transcription_job_started
2026-03-13 11:41:07,402 INFO __main__ transcription_job_state_changed
2026-03-13 11:41:07,945 INFO interview_app.transcription_queue transcription_job_started
2026-03-13 11:41:07,947 WARNING interview_audio_recorder Audio file missing, skipping transcription: C:\Users\Dnord\Dropbox\David LPL work\Initial Teacher Interview Guide\interviews\Candidate_Elena_Hodges_2026-03-13_Q5_trait_trait_3_mic.wav
2026-03-13 11:41:07,979 INFO faster_whisper Processing audio with duration 00:49.150
2026-03-13 11:41:08,041 INFO faster_whisper VAD filter removed 00:32.592 of audio
2026-03-13 11:41:08,953 INFO interview_audio_recorder Transcribed Candidate_Elena_Hodges_2026-03-13_Q5_trait_trait_3_sys.wav for speaker=CANDIDATE in 1.01s (2 kept segments, min_start=0.00)
2026-03-13 11:41:08,953 INFO interview_audio_recorder Full transcription completed for base_name=Candidate_Elena_Hodges_2026-03-13_Q5_trait_trait_3 with 2 segments in 1.01s
2026-03-13 11:41:08,965 INFO interview_app.transcription_queue transcription_job_completed
2026-03-13 11:41:08,966 INFO interview_app.transcription_queue transcription_job_completed
2026-03-13 11:41:08,966 INFO __main__ transcription_job_state_changed
2026-03-13 11:42:05,438 INFO interview_app.transcription_queue transcription_job_queued
2026-03-13 11:42:05,439 INFO __main__ transcription_job_state_changed
2026-03-13 11:42:05,439 INFO interview_app.transcription_queue transcription_job_started
2026-03-13 11:42:05,439 INFO __main__ transcription_job_state_changed
2026-03-13 11:42:05,935 INFO interview_app.transcription_queue transcription_job_started
2026-03-13 11:42:05,937 WARNING interview_audio_recorder Audio file missing, skipping transcription: C:\Users\Dnord\Dropbox\David LPL work\Initial Teacher Interview Guide\interviews\Candidate_Elena_Hodges_2026-03-13_Q6_trait_trait_4_mic.wav
2026-03-13 11:42:05,971 INFO faster_whisper Processing audio with duration 00:49.150
2026-03-13 11:42:06,033 INFO faster_whisper VAD filter removed 00:27.024 of audio
2026-03-13 11:42:07,312 INFO interview_audio_recorder Transcribed Candidate_Elena_Hodges_2026-03-13_Q6_trait_trait_4_sys.wav for speaker=CANDIDATE in 1.37s (4 kept segments, min_start=0.00)
2026-03-13 11:42:07,312 INFO interview_audio_recorder Full transcription completed for base_name=Candidate_Elena_Hodges_2026-03-13_Q6_trait_trait_4 with 4 segments in 1.37s
2026-03-13 11:42:07,322 INFO interview_app.transcription_queue transcription_job_completed
2026-03-13 11:42:07,322 INFO interview_app.transcription_queue transcription_job_completed
2026-03-13 11:42:07,322 INFO __main__ transcription_job_state_changed
2026-03-13 11:42:24,927 INFO interview_app.transcription_queue transcription_job_queued
2026-03-13 11:42:24,927 INFO __main__ transcription_job_state_changed
2026-03-13 11:42:24,927 INFO interview_app.transcription_queue transcription_job_started
2026-03-13 11:42:24,928 INFO __main__ transcription_job_state_changed
2026-03-13 11:42:25,344 INFO interview_app.transcription_queue transcription_job_started
2026-03-13 11:42:25,356 ERROR interview_audio_recorder stop_and_transcribe_failed
Traceback (most recent call last):
  File "C:\Users\Dnord\Dropbox\David LPL work\Initial Teacher Interview Guide\src\interview_audio_recorder.py", line 264, in stop_and_transcribe
    _ensure_at_least_one_audio_track({"mic": self.mic_wav, "system": self.sys_wav})
  File "C:\Users\Dnord\Dropbox\David LPL work\Initial Teacher Interview Guide\src\interview_audio_recorder.py", line 680, in _ensure_at_least_one_audio_track
    raise RuntimeError(f"No transcribable audio tracks were found: {details}")
RuntimeError: No transcribable audio tracks were found: mic audio file is missing: C:\Users\Dnord\Dropbox\David LPL work\Initial Teacher Interview Guide\interviews\Candidate_Elena_Hodges_2026-03-13_Q12_custom_FT_or_PT_mic.wav; system audio file is empty: C:\Users\Dnord\Dropbox\David LPL work\Initial Teacher Interview Guide\interviews\Candidate_Elena_Hodges_2026-03-13_Q12_custom_FT_or_PT_sys.wav
2026-03-13 11:42:25,356 INFO interview_app.transcription_queue transcription_job_failed
2026-03-13 11:42:25,358 INFO interview_app.transcription_queue transcription_job_failed
2026-03-13 11:42:25,358 INFO __main__ transcription_job_state_changed
2026-03-13 11:42:33,717 INFO interview_app.transcription_queue transcription_job_queued
2026-03-13 11:42:33,718 INFO __main__ transcription_job_state_changed
2026-03-13 11:42:33,718 INFO interview_app.transcription_queue transcription_job_started
2026-03-13 11:42:33,718 INFO __main__ transcription_job_state_changed
2026-03-13 11:42:34,133 INFO interview_app.transcription_queue transcription_job_started
2026-03-13 11:42:34,137 ERROR interview_audio_recorder stop_and_transcribe_failed
Traceback (most recent call last):
  File "C:\Users\Dnord\Dropbox\David LPL work\Initial Teacher Interview Guide\src\interview_audio_recorder.py", line 264, in stop_and_transcribe
    _ensure_at_least_one_audio_track({"mic": self.mic_wav, "system": self.sys_wav})
  File "C:\Users\Dnord\Dropbox\David LPL work\Initial Teacher Interview Guide\src\interview_audio_recorder.py", line 680, in _ensure_at_least_one_audio_track
    raise RuntimeError(f"No transcribable audio tracks were found: {details}")
RuntimeError: No transcribable audio tracks were found: mic audio file is missing: C:\Users\Dnord\Dropbox\David LPL work\Initial Teacher Interview Guide\interviews\Candidate_Elena_Hodges_2026-03-13_Q13_custom_Not_Avail_mic.wav; system audio file is empty: C:\Users\Dnord\Dropbox\David LPL work\Initial Teacher Interview Guide\interviews\Candidate_Elena_Hodges_2026-03-13_Q13_custom_Not_Avail_sys.wav
2026-03-13 11:42:34,138 INFO interview_app.transcription_queue transcription_job_failed
2026-03-13 11:42:34,139 INFO interview_app.transcription_queue transcription_job_failed
2026-03-13 11:42:34,139 INFO __main__ transcription_job_state_changed
2026-03-13 11:43:07,013 INFO interview_app.transcription_queue transcription_job_queued
2026-03-13 11:43:07,013 INFO __main__ transcription_job_state_changed
2026-03-13 11:43:07,013 INFO interview_app.transcription_queue transcription_job_started
2026-03-13 11:43:07,015 INFO __main__ transcription_job_state_changed
2026-03-13 11:43:07,479 INFO interview_app.transcription_queue transcription_job_started
2026-03-13 11:43:07,480 WARNING interview_audio_recorder Audio file missing, skipping transcription: C:\Users\Dnord\Dropbox\David LPL work\Initial Teacher Interview Guide\interviews\Candidate_Elena_Hodges_2026-03-13_Q14_custom_Pay_mic.wav
2026-03-13 11:43:07,506 INFO faster_whisper Processing audio with duration 00:24.574
2026-03-13 11:43:07,537 INFO faster_whisper VAD filter removed 00:18.526 of audio
2026-03-13 11:43:08,259 INFO interview_audio_recorder Transcribed Candidate_Elena_Hodges_2026-03-13_Q14_custom_Pay_sys.wav for speaker=CANDIDATE in 0.78s (1 kept segments, min_start=0.00)
2026-03-13 11:43:08,259 INFO interview_audio_recorder Full transcription completed for base_name=Candidate_Elena_Hodges_2026-03-13_Q14_custom_Pay with 1 segments in 0.78s
2026-03-13 11:43:08,268 INFO interview_app.transcription_queue transcription_job_completed
2026-03-13 11:43:08,269 INFO interview_app.transcription_queue transcription_job_completed
2026-03-13 11:43:08,269 INFO __main__ transcription_job_state_changed
2026-03-13 11:43:15,642 INFO interview_app.transcription_queue transcription_job_queued
2026-03-13 11:43:15,642 INFO __main__ transcription_job_state_changed
2026-03-13 11:43:15,643 INFO interview_app.transcription_queue transcription_job_started
2026-03-13 11:43:15,644 INFO __main__ transcription_job_state_changed
2026-03-13 11:43:15,665 WARNING __main__ transcription_health_failed
2026-03-13 11:43:15,666 INFO interview_app.transcription_queue transcription_job_started
2026-03-13 11:43:15,732 ERROR interview_audio_recorder stop_and_transcribe_failed
Traceback (most recent call last):
  File "C:\Users\Dnord\Dropbox\David LPL work\Initial Teacher Interview Guide\src\interview_audio_recorder.py", line 264, in stop_and_transcribe
    _ensure_at_least_one_audio_track({"mic": self.mic_wav, "system": self.sys_wav})
  File "C:\Users\Dnord\Dropbox\David LPL work\Initial Teacher Interview Guide\src\interview_audio_recorder.py", line 680, in _ensure_at_least_one_audio_track
    raise RuntimeError(f"No transcribable audio tracks were found: {details}")
RuntimeError: No transcribable audio tracks were found: mic audio file is missing: C:\Users\Dnord\Dropbox\David LPL work\Initial Teacher Interview Guide\interviews\Candidate_Elena_Hodges_2026-03-13_Q15_custom_Start_mic.wav; system audio file is empty: C:\Users\Dnord\Dropbox\David LPL work\Initial Teacher Interview Guide\interviews\Candidate_Elena_Hodges_2026-03-13_Q15_custom_Start_sys.wav
2026-03-13 11:43:15,733 INFO interview_app.transcription_queue transcription_job_failed
2026-03-13 11:43:15,733 INFO interview_app.transcription_queue transcription_job_failed
2026-03-13 11:43:15,740 INFO __main__ transcription_job_state_changed
2026-03-13 12:30:47,818 INFO runtime_wrapper runtime_wrapper_exit
2026-03-16 14:32:19,376 INFO runtime_wrapper runtime_wrapper_start
2026-03-16 14:32:19,954 INFO app_logging app_logging_initialized
2026-03-16 14:40:17,645 INFO interview_app.transcription_queue transcription_job_queued
2026-03-16 14:40:17,646 INFO __main__ transcription_job_state_changed
2026-03-16 14:40:17,647 INFO interview_app.transcription_queue transcription_job_started
2026-03-16 14:40:17,647 INFO __main__ transcription_job_state_changed
2026-03-16 14:40:18,298 INFO interview_app.transcription_queue transcription_job_started
2026-03-16 14:40:22,204 INFO httpx HTTP Request: GET https://huggingface.co/api/models/Systran/faster-whisper-large-v3/revision/main "HTTP/1.1 200 OK"
2026-03-16 14:40:29,440 INFO interview_audio_recorder Initialized Whisper model cache for model=large-v3 device=cuda compute_type=float16 in 9.01s
2026-03-16 14:40:29,440 WARNING interview_audio_recorder Audio file missing, skipping transcription: C:\Users\Dnord\Dropbox\David LPL work\Initial Teacher Interview Guide\interviews\Candidate_Janet_Guzman_Rosas_2026-03-16_Q1_custom_Why_ECE_mic.wav
2026-03-16 14:40:29,523 INFO faster_whisper Processing audio with duration 01:46.494
2026-03-16 14:40:31,359 INFO faster_whisper VAD filter removed 00:09.470 of audio
2026-03-16 14:40:38,528 INFO interview_audio_recorder Transcribed Candidate_Janet_Guzman_Rosas_2026-03-16_Q1_custom_Why_ECE_sys.wav for speaker=CANDIDATE in 9.08s (19 kept segments, min_start=0.00)
2026-03-16 14:40:38,529 INFO interview_audio_recorder Full transcription completed for base_name=Candidate_Janet_Guzman_Rosas_2026-03-16_Q1_custom_Why_ECE with 19 segments in 20.23s
2026-03-16 14:40:38,540 INFO interview_app.transcription_queue transcription_job_completed
2026-03-16 14:40:38,541 INFO interview_app.transcription_queue transcription_job_completed
2026-03-16 14:40:38,541 INFO __main__ transcription_job_state_changed
2026-03-16 14:41:14,529 INFO interview_app.transcription_queue transcription_job_queued
2026-03-16 14:41:14,530 INFO __main__ transcription_job_state_changed
2026-03-16 14:41:14,530 INFO interview_app.transcription_queue transcription_job_started
2026-03-16 14:41:14,531 INFO __main__ transcription_job_state_changed
2026-03-16 14:41:15,192 INFO interview_app.transcription_queue transcription_job_started
2026-03-16 14:41:15,193 WARNING interview_audio_recorder Audio file missing, skipping transcription: C:\Users\Dnord\Dropbox\David LPL work\Initial Teacher Interview Guide\interviews\Candidate_Janet_Guzman_Rosas_2026-03-16_Q2_custom_Why_LPL_mic.wav
2026-03-16 14:41:15,227 INFO faster_whisper Processing audio with duration 00:49.150
2026-03-16 14:41:15,293 INFO faster_whisper VAD filter removed 00:04.944 of audio
2026-03-16 14:41:17,694 INFO interview_audio_recorder Transcribed Candidate_Janet_Guzman_Rosas_2026-03-16_Q2_custom_Why_LPL_sys.wav for speaker=CANDIDATE in 2.50s (6 kept segments, min_start=0.00)
2026-03-16 14:41:17,695 INFO interview_audio_recorder Full transcription completed for base_name=Candidate_Janet_Guzman_Rosas_2026-03-16_Q2_custom_Why_LPL with 6 segments in 2.50s
2026-03-16 14:41:17,704 INFO interview_app.transcription_queue transcription_job_completed
2026-03-16 14:41:17,705 INFO interview_app.transcription_queue transcription_job_completed
2026-03-16 14:41:17,705 INFO __main__ transcription_job_state_changed
2026-03-16 14:42:53,757 INFO interview_app.transcription_queue transcription_job_queued
2026-03-16 14:42:53,758 INFO __main__ transcription_job_state_changed
2026-03-16 14:42:53,758 INFO interview_app.transcription_queue transcription_job_started
2026-03-16 14:42:53,759 INFO __main__ transcription_job_state_changed
2026-03-16 14:42:54,493 INFO interview_app.transcription_queue transcription_job_started
2026-03-16 14:42:54,494 WARNING interview_audio_recorder Audio file missing, skipping transcription: C:\Users\Dnord\Dropbox\David LPL work\Initial Teacher Interview Guide\interviews\Candidate_Janet_Guzman_Rosas_2026-03-16_Q3_trait_trait_1_mic.wav
2026-03-16 14:42:54,535 INFO faster_whisper Processing audio with duration 01:30.110
2026-03-16 14:42:54,659 INFO faster_whisper VAD filter removed 00:07.088 of audio
2026-03-16 14:43:00,015 INFO interview_audio_recorder Transcribed Candidate_Janet_Guzman_Rosas_2026-03-16_Q3_trait_trait_1_sys.wav for speaker=CANDIDATE in 5.52s (13 kept segments, min_start=0.00)
2026-03-16 14:43:00,015 INFO interview_audio_recorder Full transcription completed for base_name=Candidate_Janet_Guzman_Rosas_2026-03-16_Q3_trait_trait_1 with 13 segments in 5.52s
2026-03-16 14:43:00,029 INFO interview_app.transcription_queue transcription_job_completed
2026-03-16 14:43:00,029 INFO interview_app.transcription_queue transcription_job_completed
2026-03-16 14:43:00,029 INFO __main__ transcription_job_state_changed
2026-03-16 14:45:53,464 INFO interview_app.transcription_queue transcription_job_queued
2026-03-16 14:45:53,465 INFO __main__ transcription_job_state_changed
2026-03-16 14:45:53,465 INFO interview_app.transcription_queue transcription_job_started
2026-03-16 14:45:53,466 INFO __main__ transcription_job_state_changed
2026-03-16 14:45:54,283 INFO interview_app.transcription_queue transcription_job_started
2026-03-16 14:45:54,285 WARNING interview_audio_recorder Audio file missing, skipping transcription: C:\Users\Dnord\Dropbox\David LPL work\Initial Teacher Interview Guide\interviews\Candidate_Janet_Guzman_Rosas_2026-03-16_Q4_trait_trait_2_mic.wav
2026-03-16 14:45:54,342 INFO faster_whisper Processing audio with duration 02:52.030
2026-03-16 14:45:54,596 INFO faster_whisper VAD filter removed 00:42.416 of audio
2026-03-16 14:46:02,941 INFO interview_audio_recorder Transcribed Candidate_Janet_Guzman_Rosas_2026-03-16_Q4_trait_trait_2_sys.wav for speaker=CANDIDATE in 8.66s (18 kept segments, min_start=0.00)
2026-03-16 14:46:02,941 INFO interview_audio_recorder Full transcription completed for base_name=Candidate_Janet_Guzman_Rosas_2026-03-16_Q4_trait_trait_2 with 18 segments in 8.66s
2026-03-16 14:46:02,953 INFO interview_app.transcription_queue transcription_job_completed
2026-03-16 14:46:02,954 INFO interview_app.transcription_queue transcription_job_completed
2026-03-16 14:46:02,954 INFO __main__ transcription_job_state_changed
2026-03-16 14:47:11,085 INFO interview_app.transcription_queue transcription_job_queued
2026-03-16 14:47:11,085 INFO __main__ transcription_job_state_changed
2026-03-16 14:47:11,086 INFO interview_app.transcription_queue transcription_job_started
2026-03-16 14:47:11,087 INFO __main__ transcription_job_state_changed
2026-03-16 14:47:11,912 INFO interview_app.transcription_queue transcription_job_started
2026-03-16 14:47:11,916 WARNING interview_audio_recorder Audio file missing, skipping transcription: C:\Users\Dnord\Dropbox\David LPL work\Initial Teacher Interview Guide\interviews\Candidate_Janet_Guzman_Rosas_2026-03-16_Q5_trait_trait_3_mic.wav
2026-03-16 14:47:11,955 INFO faster_whisper Processing audio with duration 01:13.726
2026-03-16 14:47:12,060 INFO faster_whisper VAD filter removed 00:16.830 of audio
2026-03-16 14:47:15,530 INFO interview_audio_recorder Transcribed Candidate_Janet_Guzman_Rosas_2026-03-16_Q5_trait_trait_3_sys.wav for speaker=CANDIDATE in 3.61s (5 kept segments, min_start=0.00)
2026-03-16 14:47:15,531 INFO interview_audio_recorder Full transcription completed for base_name=Candidate_Janet_Guzman_Rosas_2026-03-16_Q5_trait_trait_3 with 5 segments in 3.62s
2026-03-16 14:47:15,544 INFO interview_app.transcription_queue transcription_job_completed
2026-03-16 14:47:15,544 INFO interview_app.transcription_queue transcription_job_completed
2026-03-16 14:47:15,545 INFO __main__ transcription_job_state_changed
2026-03-16 14:48:35,581 INFO interview_app.transcription_queue transcription_job_queued
2026-03-16 14:48:35,582 INFO __main__ transcription_job_state_changed
2026-03-16 14:48:35,582 INFO interview_app.transcription_queue transcription_job_started
2026-03-16 14:48:35,583 INFO __main__ transcription_job_state_changed
2026-03-16 14:48:36,331 INFO interview_app.transcription_queue transcription_job_started
2026-03-16 14:48:36,333 WARNING interview_audio_recorder Audio file missing, skipping transcription: C:\Users\Dnord\Dropbox\David LPL work\Initial Teacher Interview Guide\interviews\Candidate_Janet_Guzman_Rosas_2026-03-16_Q6_trait_trait_4_mic.wav
2026-03-16 14:48:36,375 INFO faster_whisper Processing audio with duration 01:13.726
2026-03-16 14:48:36,471 INFO faster_whisper VAD filter removed 00:08.304 of audio
2026-03-16 14:48:40,301 INFO interview_audio_recorder Transcribed Candidate_Janet_Guzman_Rosas_2026-03-16_Q6_trait_trait_4_sys.wav for speaker=CANDIDATE in 3.97s (9 kept segments, min_start=0.00)
2026-03-16 14:48:40,302 INFO interview_audio_recorder Full transcription completed for base_name=Candidate_Janet_Guzman_Rosas_2026-03-16_Q6_trait_trait_4 with 9 segments in 3.97s
2026-03-16 14:48:40,316 INFO interview_app.transcription_queue transcription_job_completed
2026-03-16 14:48:40,317 INFO interview_app.transcription_queue transcription_job_completed
2026-03-16 14:48:40,317 INFO __main__ transcription_job_state_changed
2026-03-16 14:49:37,207 INFO interview_app.transcription_queue transcription_job_queued
2026-03-16 14:49:37,208 INFO __main__ transcription_job_state_changed
2026-03-16 14:49:37,208 INFO interview_app.transcription_queue transcription_job_started
2026-03-16 14:49:37,209 INFO __main__ transcription_job_state_changed
2026-03-16 14:49:37,893 INFO interview_app.transcription_queue transcription_job_started
2026-03-16 14:49:37,895 WARNING interview_audio_recorder Audio file missing, skipping transcription: C:\Users\Dnord\Dropbox\David LPL work\Initial Teacher Interview Guide\interviews\Candidate_Janet_Guzman_Rosas_2026-03-16_Q7_trait_trait_5_mic.wav
2026-03-16 14:49:37,932 INFO faster_whisper Processing audio with duration 00:57.342
2026-03-16 14:49:38,009 INFO faster_whisper VAD filter removed 00:10.366 of audio
2026-03-16 14:49:40,809 INFO interview_audio_recorder Transcribed Candidate_Janet_Guzman_Rosas_2026-03-16_Q7_trait_trait_5_sys.wav for speaker=CANDIDATE in 2.92s (8 kept segments, min_start=0.00)
2026-03-16 14:49:40,811 INFO interview_audio_recorder Full transcription completed for base_name=Candidate_Janet_Guzman_Rosas_2026-03-16_Q7_trait_trait_5 with 8 segments in 2.92s
2026-03-16 14:49:40,818 INFO interview_app.transcription_queue transcription_job_completed
2026-03-16 14:49:40,818 INFO interview_app.transcription_queue transcription_job_completed
2026-03-16 14:49:40,818 INFO __main__ transcription_job_state_changed
2026-03-16 14:51:19,797 INFO interview_app.transcription_queue transcription_job_queued
2026-03-16 14:51:19,797 INFO __main__ transcription_job_state_changed
2026-03-16 14:51:19,798 INFO interview_app.transcription_queue transcription_job_started
2026-03-16 14:51:19,798 INFO __main__ transcription_job_state_changed
2026-03-16 14:51:20,600 INFO interview_app.transcription_queue transcription_job_started
2026-03-16 14:51:20,602 WARNING interview_audio_recorder Audio file missing, skipping transcription: C:\Users\Dnord\Dropbox\David LPL work\Initial Teacher Interview Guide\interviews\Candidate_Janet_Guzman_Rosas_2026-03-16_Q8_trait_trait_6_mic.wav
2026-03-16 14:51:20,643 INFO faster_whisper Processing audio with duration 01:38.302
2026-03-16 14:51:20,775 INFO faster_whisper VAD filter removed 00:13.264 of audio
2026-03-16 14:51:25,515 INFO interview_audio_recorder Transcribed Candidate_Janet_Guzman_Rosas_2026-03-16_Q8_trait_trait_6_sys.wav for speaker=CANDIDATE in 4.91s (13 kept segments, min_start=0.00)
2026-03-16 14:51:25,516 INFO interview_audio_recorder Full transcription completed for base_name=Candidate_Janet_Guzman_Rosas_2026-03-16_Q8_trait_trait_6 with 13 segments in 4.91s
2026-03-16 14:51:25,531 INFO interview_app.transcription_queue transcription_job_completed
2026-03-16 14:51:25,532 INFO interview_app.transcription_queue transcription_job_completed
2026-03-16 14:51:25,532 INFO __main__ transcription_job_state_changed
2026-03-16 14:52:22,935 INFO interview_app.transcription_queue transcription_job_queued
2026-03-16 14:52:22,936 INFO __main__ transcription_job_state_changed
2026-03-16 14:52:22,937 INFO interview_app.transcription_queue transcription_job_started
2026-03-16 14:52:22,938 INFO __main__ transcription_job_state_changed
2026-03-16 14:52:23,740 INFO interview_app.transcription_queue transcription_job_started
2026-03-16 14:52:23,743 WARNING interview_audio_recorder Audio file missing, skipping transcription: C:\Users\Dnord\Dropbox\David LPL work\Initial Teacher Interview Guide\interviews\Candidate_Janet_Guzman_Rosas_2026-03-16_Q9_trait_trait_7_mic.wav
2026-03-16 14:52:23,779 INFO faster_whisper Processing audio with duration 00:57.342
2026-03-16 14:52:23,853 INFO faster_whisper VAD filter removed 00:06.896 of audio
2026-03-16 14:52:26,580 INFO interview_audio_recorder Transcribed Candidate_Janet_Guzman_Rosas_2026-03-16_Q9_trait_trait_7_sys.wav for speaker=CANDIDATE in 2.84s (7 kept segments, min_start=0.00)
2026-03-16 14:52:26,580 INFO interview_audio_recorder Full transcription completed for base_name=Candidate_Janet_Guzman_Rosas_2026-03-16_Q9_trait_trait_7 with 7 segments in 2.84s
2026-03-16 14:52:26,592 INFO interview_app.transcription_queue transcription_job_completed
2026-03-16 14:52:26,592 INFO interview_app.transcription_queue transcription_job_completed
2026-03-16 14:52:26,592 INFO __main__ transcription_job_state_changed
2026-03-16 14:53:23,582 INFO interview_app.transcription_queue transcription_job_queued
2026-03-16 14:53:23,583 INFO __main__ transcription_job_state_changed
2026-03-16 14:53:23,583 INFO interview_app.transcription_queue transcription_job_started
2026-03-16 14:53:23,583 INFO __main__ transcription_job_state_changed
2026-03-16 14:53:24,430 INFO interview_app.transcription_queue transcription_job_started
2026-03-16 14:53:24,431 WARNING interview_audio_recorder Audio file missing, skipping transcription: C:\Users\Dnord\Dropbox\David LPL work\Initial Teacher Interview Guide\interviews\Candidate_Janet_Guzman_Rosas_2026-03-16_Q10_trait_trait_8_mic.wav
2026-03-16 14:53:24,467 INFO faster_whisper Processing audio with duration 00:57.342
2026-03-16 14:53:24,547 INFO faster_whisper VAD filter removed 00:07.056 of audio
2026-03-16 14:53:27,092 INFO interview_audio_recorder Transcribed Candidate_Janet_Guzman_Rosas_2026-03-16_Q10_trait_trait_8_sys.wav for speaker=CANDIDATE in 2.66s (7 kept segments, min_start=0.00)
2026-03-16 14:53:27,092 INFO interview_audio_recorder Full transcription completed for base_name=Candidate_Janet_Guzman_Rosas_2026-03-16_Q10_trait_trait_8 with 7 segments in 2.66s
2026-03-16 14:53:27,106 INFO interview_app.transcription_queue transcription_job_completed
2026-03-16 14:53:27,106 INFO interview_app.transcription_queue transcription_job_completed
2026-03-16 14:53:27,106 INFO __main__ transcription_job_state_changed
2026-03-16 14:54:36,182 INFO interview_app.transcription_queue transcription_job_queued
2026-03-16 14:54:36,183 INFO __main__ transcription_job_state_changed
2026-03-16 14:54:36,183 INFO interview_app.transcription_queue transcription_job_started
2026-03-16 14:54:36,184 INFO __main__ transcription_job_state_changed
2026-03-16 14:54:36,748 INFO interview_app.transcription_queue transcription_job_started
2026-03-16 14:54:36,749 WARNING interview_audio_recorder Audio file missing, skipping transcription: C:\Users\Dnord\Dropbox\David LPL work\Initial Teacher Interview Guide\interviews\Candidate_Janet_Guzman_Rosas_2026-03-16_Q11_trait_trait_9_mic.wav
2026-03-16 14:54:36,789 INFO faster_whisper Processing audio with duration 01:05.534
2026-03-16 14:54:36,887 INFO faster_whisper VAD filter removed 00:08.656 of audio
2026-03-16 14:54:40,740 INFO interview_audio_recorder Transcribed Candidate_Janet_Guzman_Rosas_2026-03-16_Q11_trait_trait_9_sys.wav for speaker=CANDIDATE in 3.99s (5 kept segments, min_start=0.00)
2026-03-16 14:54:40,740 INFO interview_audio_recorder Full transcription completed for base_name=Candidate_Janet_Guzman_Rosas_2026-03-16_Q11_trait_trait_9 with 5 segments in 3.99s
2026-03-16 14:54:40,755 INFO interview_app.transcription_queue transcription_job_completed
2026-03-16 14:54:40,755 INFO interview_app.transcription_queue transcription_job_completed
2026-03-16 14:54:40,756 INFO __main__ transcription_job_state_changed
2026-03-16 14:55:19,064 INFO interview_app.transcription_queue transcription_job_queued
2026-03-16 14:55:19,064 INFO __main__ transcription_job_state_changed
2026-03-16 14:55:19,066 INFO interview_app.transcription_queue transcription_job_started
2026-03-16 14:55:19,066 INFO __main__ transcription_job_state_changed
2026-03-16 14:55:19,693 INFO interview_app.transcription_queue transcription_job_started
2026-03-16 14:55:19,695 WARNING interview_audio_recorder Audio file missing, skipping transcription: C:\Users\Dnord\Dropbox\David LPL work\Initial Teacher Interview Guide\interviews\Candidate_Janet_Guzman_Rosas_2026-03-16_Q12_custom_FT_or_PT_mic.wav
2026-03-16 14:55:19,727 INFO faster_whisper Processing audio with duration 00:32.766
2026-03-16 14:55:19,770 INFO faster_whisper VAD filter removed 00:21.616 of audio
2026-03-16 14:55:20,602 INFO interview_audio_recorder Transcribed Candidate_Janet_Guzman_Rosas_2026-03-16_Q12_custom_FT_or_PT_sys.wav for speaker=CANDIDATE in 0.91s (2 kept segments, min_start=0.00)
2026-03-16 14:55:20,604 INFO interview_audio_recorder Full transcription completed for base_name=Candidate_Janet_Guzman_Rosas_2026-03-16_Q12_custom_FT_or_PT with 2 segments in 0.91s
2026-03-16 14:55:20,615 INFO interview_app.transcription_queue transcription_job_completed
2026-03-16 14:55:20,615 INFO interview_app.transcription_queue transcription_job_completed
2026-03-16 14:55:20,615 INFO __main__ transcription_job_state_changed
2026-03-16 14:55:21,159 INFO interview_app.transcription_queue transcription_job_queued
2026-03-16 14:55:21,159 INFO __main__ transcription_job_state_changed
2026-03-16 14:55:21,161 INFO interview_app.transcription_queue transcription_job_started
2026-03-16 14:55:21,161 INFO __main__ transcription_job_state_changed
2026-03-16 14:55:21,879 INFO interview_app.transcription_queue transcription_job_started
2026-03-16 14:55:21,889 ERROR interview_audio_recorder stop_and_transcribe_failed
Traceback (most recent call last):
  File "C:\Users\Dnord\Dropbox\David LPL work\Initial Teacher Interview Guide\src\interview_audio_recorder.py", line 264, in stop_and_transcribe
    _ensure_at_least_one_audio_track({"mic": self.mic_wav, "system": self.sys_wav})
  File "C:\Users\Dnord\Dropbox\David LPL work\Initial Teacher Interview Guide\src\interview_audio_recorder.py", line 680, in _ensure_at_least_one_audio_track
    raise RuntimeError(f"No transcribable audio tracks were found: {details}")
RuntimeError: No transcribable audio tracks were found: mic audio file is missing: C:\Users\Dnord\Dropbox\David LPL work\Initial Teacher Interview Guide\interviews\Candidate_Janet_Guzman_Rosas_2026-03-16_Q13_custom_Not_Avail_mic.wav; system audio file is missing: C:\Users\Dnord\Dropbox\David LPL work\Initial Teacher Interview Guide\interviews\Candidate_Janet_Guzman_Rosas_2026-03-16_Q13_custom_Not_Avail_sys.wav
2026-03-16 14:55:21,891 INFO interview_app.transcription_queue transcription_job_failed
2026-03-16 14:55:21,891 INFO interview_app.transcription_queue transcription_job_failed
2026-03-16 14:55:21,891 INFO __main__ transcription_job_state_changed
2026-03-16 14:55:23,302 ERROR __main__ tk_callback_exception
Traceback (most recent call last):
  File "C:\Program Files\Python311\Lib\tkinter\__init__.py", line 1967, in __call__
    return self.func(*args)
           ^^^^^^^^^^^^^^^^
  File "C:\Program Files\Python311\Lib\tkinter\__init__.py", line 861, in callit
    func(*args)
  File "C:\Program Files\Python311\Lib\tkinter\__init__.py", line 787, in focus_set
    self.tk.call('focus', self._w)
_tkinter.TclError: bad window path name ".!frame3.!canvas.!frame.!frame15.!labelframe3.!text"
2026-03-16 14:55:31,444 INFO interview_app.transcription_queue transcription_job_queued
2026-03-16 14:55:31,445 INFO __main__ transcription_job_state_changed
2026-03-16 14:55:31,445 INFO interview_app.transcription_queue transcription_job_started
2026-03-16 14:55:31,445 INFO __main__ transcription_job_state_changed
2026-03-16 14:55:32,212 INFO interview_app.transcription_queue transcription_job_started
2026-03-16 14:55:32,217 ERROR interview_audio_recorder stop_and_transcribe_failed
Traceback (most recent call last):
  File "C:\Users\Dnord\Dropbox\David LPL work\Initial Teacher Interview Guide\src\interview_audio_recorder.py", line 264, in stop_and_transcribe
    _ensure_at_least_one_audio_track({"mic": self.mic_wav, "system": self.sys_wav})
  File "C:\Users\Dnord\Dropbox\David LPL work\Initial Teacher Interview Guide\src\interview_audio_recorder.py", line 680, in _ensure_at_least_one_audio_track
    raise RuntimeError(f"No transcribable audio tracks were found: {details}")
RuntimeError: No transcribable audio tracks were found: mic audio file is missing: C:\Users\Dnord\Dropbox\David LPL work\Initial Teacher Interview Guide\interviews\Candidate_Janet_Guzman_Rosas_2026-03-16_Q14_custom_Start_mic.wav; system audio file is empty: C:\Users\Dnord\Dropbox\David LPL work\Initial Teacher Interview Guide\interviews\Candidate_Janet_Guzman_Rosas_2026-03-16_Q14_custom_Start_sys.wav
2026-03-16 14:55:32,218 INFO interview_app.transcription_queue transcription_job_failed
2026-03-16 14:55:32,219 INFO interview_app.transcription_queue transcription_job_failed
2026-03-16 14:55:32,219 INFO __main__ transcription_job_state_changed
2026-03-16 14:55:47,299 INFO interview_app.transcription_queue transcription_job_queued
2026-03-16 14:55:47,299 INFO __main__ transcription_job_state_changed
2026-03-16 14:55:47,300 INFO interview_app.transcription_queue transcription_job_started
2026-03-16 14:55:47,301 INFO __main__ transcription_job_state_changed
2026-03-16 14:55:47,815 INFO interview_app.transcription_queue transcription_job_started
2026-03-16 14:55:47,817 WARNING interview_audio_recorder Audio file missing, skipping transcription: C:\Users\Dnord\Dropbox\David LPL work\Initial Teacher Interview Guide\interviews\Candidate_Janet_Guzman_Rosas_2026-03-16_Q13_custom_Not_Avail_mic.wav
2026-03-16 14:55:47,855 INFO faster_whisper Processing audio with duration 00:08.190
2026-03-16 14:55:47,865 INFO faster_whisper VAD filter removed 00:04.128 of audio
2026-03-16 14:55:48,436 INFO interview_audio_recorder Transcribed Candidate_Janet_Guzman_Rosas_2026-03-16_Q13_custom_Not_Avail_sys.wav for speaker=CANDIDATE in 0.62s (1 kept segments, min_start=0.00)
2026-03-16 14:55:48,436 INFO interview_audio_recorder Full transcription completed for base_name=Candidate_Janet_Guzman_Rosas_2026-03-16_Q13_custom_Not_Avail with 1 segments in 0.62s
2026-03-16 14:55:48,447 INFO interview_app.transcription_queue transcription_job_completed
2026-03-16 14:55:48,448 INFO interview_app.transcription_queue transcription_job_completed
2026-03-16 14:55:48,448 INFO __main__ transcription_job_state_changed
2026-03-16 14:55:53,977 INFO interview_app.transcription_queue transcription_job_queued
2026-03-16 14:55:53,978 INFO __main__ transcription_job_state_changed
2026-03-16 14:55:53,979 INFO interview_app.transcription_queue transcription_job_started
2026-03-16 14:55:53,980 INFO __main__ transcription_job_state_changed
2026-03-16 14:55:54,614 INFO interview_app.transcription_queue transcription_job_started
2026-03-16 14:55:54,619 ERROR interview_audio_recorder stop_and_transcribe_failed
Traceback (most recent call last):
  File "C:\Users\Dnord\Dropbox\David LPL work\Initial Teacher Interview Guide\src\interview_audio_recorder.py", line 264, in stop_and_transcribe
    _ensure_at_least_one_audio_track({"mic": self.mic_wav, "system": self.sys_wav})
  File "C:\Users\Dnord\Dropbox\David LPL work\Initial Teacher Interview Guide\src\interview_audio_recorder.py", line 680, in _ensure_at_least_one_audio_track
    raise RuntimeError(f"No transcribable audio tracks were found: {details}")
RuntimeError: No transcribable audio tracks were found: mic audio file is missing: C:\Users\Dnord\Dropbox\David LPL work\Initial Teacher Interview Guide\interviews\Candidate_Janet_Guzman_Rosas_2026-03-16_Q14_custom_Start_mic.wav; system audio file is empty: C:\Users\Dnord\Dropbox\David LPL work\Initial Teacher Interview Guide\interviews\Candidate_Janet_Guzman_Rosas_2026-03-16_Q14_custom_Start_sys.wav
2026-03-16 14:55:54,620 INFO interview_app.transcription_queue transcription_job_failed
2026-03-16 14:55:54,620 INFO interview_app.transcription_queue transcription_job_failed
2026-03-16 14:55:54,620 INFO __main__ transcription_job_state_changed
2026-03-16 14:56:11,377 INFO interview_app.transcription_queue transcription_job_queued
2026-03-16 14:56:11,378 INFO __main__ transcription_job_state_changed
2026-03-16 14:56:11,379 INFO interview_app.transcription_queue transcription_job_started
2026-03-16 14:56:11,379 INFO __main__ transcription_job_state_changed
2026-03-16 14:56:11,402 WARNING __main__ transcription_health_failed
2026-03-16 14:56:11,406 INFO interview_app.transcription_queue transcription_job_started
2026-03-16 14:56:11,407 WARNING interview_audio_recorder Audio file missing, skipping transcription: C:\Users\Dnord\Dropbox\David LPL work\Initial Teacher Interview Guide\interviews\Candidate_Janet_Guzman_Rosas_2026-03-16_Q15_custom_Pay_mic.wav
2026-03-16 14:56:11,436 INFO faster_whisper Processing audio with duration 00:08.190
2026-03-16 14:56:11,451 INFO faster_whisper VAD filter removed 00:02.624 of audio
2026-03-16 14:56:12,153 INFO interview_audio_recorder Transcribed Candidate_Janet_Guzman_Rosas_2026-03-16_Q15_custom_Pay_sys.wav for speaker=CANDIDATE in 0.75s (2 kept segments, min_start=0.00)
2026-03-16 14:56:12,154 INFO interview_audio_recorder Full transcription completed for base_name=Candidate_Janet_Guzman_Rosas_2026-03-16_Q15_custom_Pay with 2 segments in 0.75s
2026-03-16 14:56:12,165 INFO interview_app.transcription_queue transcription_job_completed
2026-03-16 14:56:12,165 INFO interview_app.transcription_queue transcription_job_completed
2026-03-16 14:56:12,165 INFO __main__ transcription_job_state_changed
2026-03-16 16:05:38,439 INFO runtime_wrapper runtime_wrapper_exit
2026-03-17 09:35:41,334 INFO runtime_wrapper runtime_wrapper_start
2026-03-17 09:35:41,529 INFO app_logging app_logging_initialized
2026-03-17 09:51:36,326 INFO runtime_wrapper runtime_wrapper_exit
2026-03-17 10:37:27,700 INFO runtime_wrapper runtime_wrapper_start
2026-03-17 10:37:27,936 INFO app_logging app_logging_initialized
2026-03-17 10:40:59,560 INFO interview_app.transcription_queue transcription_job_queued
2026-03-17 10:40:59,561 INFO __main__ transcription_job_state_changed
2026-03-17 10:40:59,564 INFO interview_app.transcription_queue transcription_job_started
2026-03-17 10:40:59,565 INFO __main__ transcription_job_state_changed
2026-03-17 10:40:59,652 INFO interview_app.transcription_queue transcription_job_started
2026-03-17 10:41:01,072 INFO httpx HTTP Request: GET https://huggingface.co/api/models/Systran/faster-whisper-large-v3/revision/main "HTTP/1.1 200 OK"
2026-03-17 10:41:07,757 INFO interview_audio_recorder Initialized Whisper model cache for model=large-v3 device=cuda compute_type=float16 in 7.61s
2026-03-17 10:41:07,757 WARNING interview_audio_recorder Audio file missing, skipping transcription: C:\Users\Dnord\Dropbox\David LPL work\Initial Teacher Interview Guide\interviews\Candidate_Edith_Nanette_Lambert_2026-03-17_Q1_custom_Why_ECE_mic.wav
2026-03-17 10:41:07,806 INFO faster_whisper Processing audio with duration 01:05.534
2026-03-17 10:41:08,127 INFO faster_whisper VAD filter removed 00:26.496 of audio
2026-03-17 10:41:11,247 INFO interview_audio_recorder Transcribed Candidate_Edith_Nanette_Lambert_2026-03-17_Q1_custom_Why_ECE_sys.wav for speaker=CANDIDATE in 3.49s (5 kept segments, min_start=0.00)
2026-03-17 10:41:11,248 INFO interview_audio_recorder Full transcription completed for base_name=Candidate_Edith_Nanette_Lambert_2026-03-17_Q1_custom_Why_ECE with 5 segments in 11.59s
2026-03-17 10:41:11,260 INFO interview_app.transcription_queue transcription_job_completed
2026-03-17 10:41:11,260 INFO interview_app.transcription_queue transcription_job_completed
2026-03-17 10:41:11,260 INFO __main__ transcription_job_state_changed
2026-03-17 10:41:41,802 INFO interview_app.transcription_queue transcription_job_queued
2026-03-17 10:41:41,803 INFO __main__ transcription_job_state_changed
2026-03-17 10:41:41,803 INFO interview_app.transcription_queue transcription_job_started
2026-03-17 10:41:41,804 INFO __main__ transcription_job_state_changed
2026-03-17 10:41:41,890 INFO interview_app.transcription_queue transcription_job_started
2026-03-17 10:41:41,892 WARNING interview_audio_recorder Audio file missing, skipping transcription: C:\Users\Dnord\Dropbox\David LPL work\Initial Teacher Interview Guide\interviews\Candidate_Edith_Nanette_Lambert_2026-03-17_Q2_custom_Why_LPL_mic.wav
2026-03-17 10:41:41,926 INFO faster_whisper Processing audio with duration 00:40.958
2026-03-17 10:41:41,985 INFO faster_whisper VAD filter removed 00:05.600 of audio
2026-03-17 10:41:44,032 INFO interview_audio_recorder Transcribed Candidate_Edith_Nanette_Lambert_2026-03-17_Q2_custom_Why_LPL_sys.wav for speaker=CANDIDATE in 2.14s (5 kept segments, min_start=0.00)
2026-03-17 10:41:44,032 INFO interview_audio_recorder Full transcription completed for base_name=Candidate_Edith_Nanette_Lambert_2026-03-17_Q2_custom_Why_LPL with 5 segments in 2.14s
2026-03-17 10:41:44,043 INFO interview_app.transcription_queue transcription_job_completed
2026-03-17 10:41:44,043 INFO interview_app.transcription_queue transcription_job_completed
2026-03-17 10:41:44,043 INFO __main__ transcription_job_state_changed
2026-03-17 10:45:20,187 INFO interview_app.transcription_queue transcription_job_queued
2026-03-17 10:45:20,187 INFO __main__ transcription_job_state_changed
2026-03-17 10:45:20,188 INFO interview_app.transcription_queue transcription_job_started
2026-03-17 10:45:20,189 INFO __main__ transcription_job_state_changed
2026-03-17 10:45:20,327 INFO interview_app.transcription_queue transcription_job_started
2026-03-17 10:45:20,328 WARNING interview_audio_recorder Audio file missing, skipping transcription: C:\Users\Dnord\Dropbox\David LPL work\Initial Teacher Interview Guide\interviews\Candidate_Edith_Nanette_Lambert_2026-03-17_Q3_trait_trait_1_mic.wav
2026-03-17 10:45:20,394 INFO faster_whisper Processing audio with duration 03:32.990
2026-03-17 10:45:20,692 INFO faster_whisper VAD filter removed 00:17.360 of audio
2026-03-17 10:45:30,885 INFO interview_audio_recorder Transcribed Candidate_Edith_Nanette_Lambert_2026-03-17_Q3_trait_trait_1_sys.wav for speaker=CANDIDATE in 10.56s (25 kept segments, min_start=0.00)
2026-03-17 10:45:30,885 INFO interview_audio_recorder Full transcription completed for base_name=Candidate_Edith_Nanette_Lambert_2026-03-17_Q3_trait_trait_1 with 25 segments in 10.56s
2026-03-17 10:45:30,898 INFO interview_app.transcription_queue transcription_job_completed
2026-03-17 10:45:30,898 INFO interview_app.transcription_queue transcription_job_completed
2026-03-17 10:45:30,898 INFO __main__ transcription_job_state_changed
2026-03-17 10:48:12,880 INFO interview_app.transcription_queue transcription_job_queued
2026-03-17 10:48:12,880 INFO __main__ transcription_job_state_changed
2026-03-17 10:48:12,880 INFO interview_app.transcription_queue transcription_job_started
2026-03-17 10:48:12,881 INFO __main__ transcription_job_state_changed
2026-03-17 10:48:13,040 INFO interview_app.transcription_queue transcription_job_started
2026-03-17 10:48:13,042 WARNING interview_audio_recorder Audio file missing, skipping transcription: C:\Users\Dnord\Dropbox\David LPL work\Initial Teacher Interview Guide\interviews\Candidate_Edith_Nanette_Lambert_2026-03-17_Q4_trait_trait_2_mic.wav
2026-03-17 10:48:13,101 INFO faster_whisper Processing audio with duration 02:43.838
2026-03-17 10:48:13,355 INFO faster_whisper VAD filter removed 00:31.072 of audio
2026-03-17 10:48:22,572 INFO interview_audio_recorder Transcribed Candidate_Edith_Nanette_Lambert_2026-03-17_Q4_trait_trait_2_sys.wav for speaker=CANDIDATE in 9.53s (22 kept segments, min_start=0.00)
2026-03-17 10:48:22,573 INFO interview_audio_recorder Full transcription completed for base_name=Candidate_Edith_Nanette_Lambert_2026-03-17_Q4_trait_trait_2 with 22 segments in 9.53s
2026-03-17 10:48:22,590 INFO interview_app.transcription_queue transcription_job_completed
2026-03-17 10:48:22,591 INFO interview_app.transcription_queue transcription_job_completed
2026-03-17 10:48:22,591 INFO __main__ transcription_job_state_changed
2026-03-17 10:50:23,411 INFO interview_app.transcription_queue transcription_job_queued
2026-03-17 10:50:23,412 INFO __main__ transcription_job_state_changed
2026-03-17 10:50:23,412 INFO interview_app.transcription_queue transcription_job_started
2026-03-17 10:50:23,412 INFO __main__ transcription_job_state_changed
2026-03-17 10:50:23,558 INFO interview_app.transcription_queue transcription_job_started
2026-03-17 10:50:23,559 WARNING interview_audio_recorder Audio file missing, skipping transcription: C:\Users\Dnord\Dropbox\David LPL work\Initial Teacher Interview Guide\interviews\Candidate_Edith_Nanette_Lambert_2026-03-17_Q5_trait_trait_3_mic.wav
2026-03-17 10:50:23,602 INFO faster_whisper Processing audio with duration 02:02.878
2026-03-17 10:50:23,774 INFO faster_whisper VAD filter removed 00:17.392 of audio
2026-03-17 10:50:30,684 INFO interview_audio_recorder Transcribed Candidate_Edith_Nanette_Lambert_2026-03-17_Q5_trait_trait_3_sys.wav for speaker=CANDIDATE in 7.12s (9 kept segments, min_start=0.00)
2026-03-17 10:50:30,684 INFO interview_audio_recorder Full transcription completed for base_name=Candidate_Edith_Nanette_Lambert_2026-03-17_Q5_trait_trait_3 with 9 segments in 7.13s
2026-03-17 10:50:30,694 INFO interview_app.transcription_queue transcription_job_completed
2026-03-17 10:50:30,696 INFO interview_app.transcription_queue transcription_job_completed
2026-03-17 10:50:30,696 INFO __main__ transcription_job_state_changed
2026-03-17 10:52:49,912 INFO interview_app.transcription_queue transcription_job_queued
2026-03-17 10:52:49,913 INFO __main__ transcription_job_state_changed
2026-03-17 10:52:49,913 INFO interview_app.transcription_queue transcription_job_started
2026-03-17 10:52:49,914 INFO __main__ transcription_job_state_changed
2026-03-17 10:52:50,095 INFO interview_app.transcription_queue transcription_job_started
2026-03-17 10:52:50,097 WARNING interview_audio_recorder Audio file missing, skipping transcription: C:\Users\Dnord\Dropbox\David LPL work\Initial Teacher Interview Guide\interviews\Candidate_Edith_Nanette_Lambert_2026-03-17_Q6_trait_trait_4_mic.wav
2026-03-17 10:52:50,148 INFO faster_whisper Processing audio with duration 02:19.262
2026-03-17 10:52:50,345 INFO faster_whisper VAD filter removed 00:10.608 of audio
2026-03-17 10:52:57,496 INFO interview_audio_recorder Transcribed Candidate_Edith_Nanette_Lambert_2026-03-17_Q6_trait_trait_4_sys.wav for speaker=CANDIDATE in 7.40s (11 kept segments, min_start=0.00)
2026-03-17 10:52:57,497 INFO interview_audio_recorder Full transcription completed for base_name=Candidate_Edith_Nanette_Lambert_2026-03-17_Q6_trait_trait_4 with 11 segments in 7.40s
2026-03-17 10:52:57,509 INFO interview_app.transcription_queue transcription_job_completed
2026-03-17 10:52:57,510 INFO interview_app.transcription_queue transcription_job_completed
2026-03-17 10:52:57,511 INFO __main__ transcription_job_state_changed
2026-03-17 10:54:14,564 INFO interview_app.transcription_queue transcription_job_queued
2026-03-17 10:54:14,565 INFO __main__ transcription_job_state_changed
2026-03-17 10:54:14,566 INFO interview_app.transcription_queue transcription_job_started
2026-03-17 10:54:14,566 INFO __main__ transcription_job_state_changed
2026-03-17 10:54:14,728 INFO interview_app.transcription_queue transcription_job_started
2026-03-17 10:54:14,730 WARNING interview_audio_recorder Audio file missing, skipping transcription: C:\Users\Dnord\Dropbox\David LPL work\Initial Teacher Interview Guide\interviews\Candidate_Edith_Nanette_Lambert_2026-03-17_Q9_trait_trait_7_mic.wav
2026-03-17 10:54:14,769 INFO faster_whisper Processing audio with duration 01:13.726
2026-03-17 10:54:14,870 INFO faster_whisper VAD filter removed 00:09.648 of audio
2026-03-17 10:54:19,059 INFO interview_audio_recorder Transcribed Candidate_Edith_Nanette_Lambert_2026-03-17_Q9_trait_trait_7_sys.wav for speaker=CANDIDATE in 4.33s (10 kept segments, min_start=0.00)
2026-03-17 10:54:19,059 INFO interview_audio_recorder Full transcription completed for base_name=Candidate_Edith_Nanette_Lambert_2026-03-17_Q9_trait_trait_7 with 10 segments in 4.33s
2026-03-17 10:54:19,078 INFO interview_app.transcription_queue transcription_job_completed
2026-03-17 10:54:19,079 INFO interview_app.transcription_queue transcription_job_completed
2026-03-17 10:54:19,079 INFO __main__ transcription_job_state_changed
2026-03-17 10:54:31,501 INFO interview_app.transcription_queue transcription_job_queued
2026-03-17 10:54:31,501 INFO __main__ transcription_job_state_changed
2026-03-17 10:54:31,502 INFO interview_app.transcription_queue transcription_job_started
2026-03-17 10:54:31,502 INFO __main__ transcription_job_state_changed
2026-03-17 10:54:31,586 INFO interview_app.transcription_queue transcription_job_started
2026-03-17 10:54:31,589 WARNING interview_audio_recorder Audio file missing, skipping transcription: C:\Users\Dnord\Dropbox\David LPL work\Initial Teacher Interview Guide\interviews\Candidate_Edith_Nanette_Lambert_2026-03-17_Q12_custom_FT_or_PT_mic.wav
2026-03-17 10:54:31,620 INFO faster_whisper Processing audio with duration 00:08.190
2026-03-17 10:54:31,629 INFO faster_whisper VAD filter removed 00:04.624 of audio
2026-03-17 10:54:32,232 INFO interview_audio_recorder Transcribed Candidate_Edith_Nanette_Lambert_2026-03-17_Q12_custom_FT_or_PT_sys.wav for speaker=CANDIDATE in 0.64s (1 kept segments, min_start=0.00)
2026-03-17 10:54:32,232 INFO interview_audio_recorder Full transcription completed for base_name=Candidate_Edith_Nanette_Lambert_2026-03-17_Q12_custom_FT_or_PT with 1 segments in 0.64s
2026-03-17 10:54:32,245 INFO interview_app.transcription_queue transcription_job_completed
2026-03-17 10:54:32,245 INFO interview_app.transcription_queue transcription_job_completed
2026-03-17 10:54:32,245 INFO __main__ transcription_job_state_changed
2026-03-17 10:54:35,236 INFO interview_app.transcription_queue transcription_job_queued
2026-03-17 10:54:35,236 INFO __main__ transcription_job_state_changed
2026-03-17 10:54:35,236 INFO interview_app.transcription_queue transcription_job_started
2026-03-17 10:54:35,237 INFO __main__ transcription_job_state_changed
2026-03-17 10:54:35,327 INFO interview_app.transcription_queue transcription_job_started
2026-03-17 10:54:35,333 ERROR interview_audio_recorder stop_and_transcribe_failed
Traceback (most recent call last):
  File "C:\Users\Dnord\Dropbox\David LPL work\Initial Teacher Interview Guide\src\interview_audio_recorder.py", line 264, in stop_and_transcribe
    _ensure_at_least_one_audio_track({"mic": self.mic_wav, "system": self.sys_wav})
  File "C:\Users\Dnord\Dropbox\David LPL work\Initial Teacher Interview Guide\src\interview_audio_recorder.py", line 680, in _ensure_at_least_one_audio_track
    raise RuntimeError(f"No transcribable audio tracks were found: {details}")
RuntimeError: No transcribable audio tracks were found: mic audio file is missing: C:\Users\Dnord\Dropbox\David LPL work\Initial Teacher Interview Guide\interviews\Candidate_Edith_Nanette_Lambert_2026-03-17_Q13_custom_Not_Avail_mic.wav; system audio file is empty: C:\Users\Dnord\Dropbox\David LPL work\Initial Teacher Interview Guide\interviews\Candidate_Edith_Nanette_Lambert_2026-03-17_Q13_custom_Not_Avail_sys.wav
2026-03-17 10:54:35,334 INFO interview_app.transcription_queue transcription_job_failed
2026-03-17 10:54:35,334 INFO interview_app.transcription_queue transcription_job_failed
2026-03-17 10:54:35,334 INFO __main__ transcription_job_state_changed
2026-03-17 10:55:50,100 INFO interview_app.transcription_queue transcription_job_queued
2026-03-17 10:55:50,100 INFO __main__ transcription_job_state_changed
2026-03-17 10:55:50,100 INFO interview_app.transcription_queue transcription_job_started
2026-03-17 10:55:50,101 INFO __main__ transcription_job_state_changed
2026-03-17 10:55:50,203 INFO interview_app.transcription_queue transcription_job_started
2026-03-17 10:55:50,204 WARNING interview_audio_recorder Audio file missing, skipping transcription: C:\Users\Dnord\Dropbox\David LPL work\Initial Teacher Interview Guide\interviews\Candidate_Edith_Nanette_Lambert_2026-03-17_Q14_custom_Pay_mic.wav
2026-03-17 10:55:50,242 INFO faster_whisper Processing audio with duration 01:13.726
2026-03-17 10:55:50,340 INFO faster_whisper VAD filter removed 00:42.640 of audio
2026-03-17 10:55:52,325 INFO interview_audio_recorder Transcribed Candidate_Edith_Nanette_Lambert_2026-03-17_Q14_custom_Pay_sys.wav for speaker=CANDIDATE in 2.12s (3 kept segments, min_start=0.00)
2026-03-17 10:55:52,326 INFO interview_audio_recorder Full transcription completed for base_name=Candidate_Edith_Nanette_Lambert_2026-03-17_Q14_custom_Pay with 3 segments in 2.12s
2026-03-17 10:55:52,339 INFO interview_app.transcription_queue transcription_job_completed
2026-03-17 10:55:52,339 INFO interview_app.transcription_queue transcription_job_completed
2026-03-17 10:55:52,340 INFO __main__ transcription_job_state_changed
2026-03-17 10:56:09,928 INFO interview_app.transcription_queue transcription_job_queued
2026-03-17 10:56:09,929 INFO __main__ transcription_job_state_changed
2026-03-17 10:56:09,929 INFO interview_app.transcription_queue transcription_job_started
2026-03-17 10:56:09,929 INFO __main__ transcription_job_state_changed
2026-03-17 10:56:09,946 WARNING __main__ transcription_health_failed
2026-03-17 10:56:09,947 INFO interview_app.transcription_queue transcription_job_started
2026-03-17 10:56:09,949 WARNING interview_audio_recorder Audio file missing, skipping transcription: C:\Users\Dnord\Dropbox\David LPL work\Initial Teacher Interview Guide\interviews\Candidate_Edith_Nanette_Lambert_2026-03-17_Q15_custom_Start_mic.wav
2026-03-17 10:56:09,981 INFO faster_whisper Processing audio with duration 00:16.382
2026-03-17 10:56:10,004 INFO faster_whisper VAD filter removed 00:05.950 of audio
2026-03-17 10:56:10,809 INFO interview_audio_recorder Transcribed Candidate_Edith_Nanette_Lambert_2026-03-17_Q15_custom_Start_sys.wav for speaker=CANDIDATE in 0.86s (1 kept segments, min_start=0.00)
2026-03-17 10:56:10,810 INFO interview_audio_recorder Full transcription completed for base_name=Candidate_Edith_Nanette_Lambert_2026-03-17_Q15_custom_Start with 1 segments in 0.86s
2026-03-17 10:56:10,822 INFO interview_app.transcription_queue transcription_job_completed
2026-03-17 10:56:10,823 INFO interview_app.transcription_queue transcription_job_completed
2026-03-17 10:56:10,823 INFO __main__ transcription_job_state_changed
2026-03-17 11:08:09,584 INFO runtime_wrapper runtime_wrapper_exit
2026-03-17 13:01:07,390 INFO runtime_wrapper runtime_wrapper_start
2026-03-17 13:01:07,564 INFO app_logging app_logging_initialized
2026-03-17 13:07:46,587 INFO interview_app.transcription_queue transcription_job_queued
2026-03-17 13:07:46,587 INFO __main__ transcription_job_state_changed
2026-03-17 13:07:46,589 INFO interview_app.transcription_queue transcription_job_started
2026-03-17 13:07:46,590 INFO __main__ transcription_job_state_changed
2026-03-17 13:07:46,853 INFO interview_app.transcription_queue transcription_job_started
2026-03-17 13:07:47,775 INFO httpx HTTP Request: GET https://huggingface.co/api/models/Systran/faster-whisper-large-v3/revision/main "HTTP/1.1 200 OK"
2026-03-17 13:07:53,877 INFO interview_audio_recorder Initialized Whisper model cache for model=large-v3 device=cuda compute_type=float16 in 6.79s
2026-03-17 13:07:53,878 WARNING interview_audio_recorder Audio file missing, skipping transcription: C:\Users\Dnord\Dropbox\David LPL work\Initial Teacher Interview Guide\interviews\Candidate_Brittany_Edwards_2026-03-17_Q1_custom_Why_ECE_mic.wav
2026-03-17 13:07:53,947 INFO faster_whisper Processing audio with duration 02:02.878
2026-03-17 13:07:54,434 INFO faster_whisper VAD filter removed 00:04.656 of audio
2026-03-17 13:08:00,290 INFO interview_audio_recorder Transcribed Candidate_Brittany_Edwards_2026-03-17_Q1_custom_Why_ECE_sys.wav for speaker=CANDIDATE in 6.41s (12 kept segments, min_start=0.00)
2026-03-17 13:08:00,290 INFO interview_audio_recorder Full transcription completed for base_name=Candidate_Brittany_Edwards_2026-03-17_Q1_custom_Why_ECE with 12 segments in 13.44s
2026-03-17 13:08:00,299 INFO interview_app.transcription_queue transcription_job_completed
2026-03-17 13:08:00,299 INFO interview_app.transcription_queue transcription_job_completed
2026-03-17 13:08:00,299 INFO __main__ transcription_job_state_changed
2026-03-17 13:09:49,155 INFO interview_app.transcription_queue transcription_job_queued
2026-03-17 13:09:49,156 INFO __main__ transcription_job_state_changed
2026-03-17 13:09:49,156 INFO interview_app.transcription_queue transcription_job_started
2026-03-17 13:09:49,156 INFO __main__ transcription_job_state_changed
2026-03-17 13:09:49,420 INFO interview_app.transcription_queue transcription_job_started
2026-03-17 13:09:49,422 WARNING interview_audio_recorder Audio file missing, skipping transcription: C:\Users\Dnord\Dropbox\David LPL work\Initial Teacher Interview Guide\interviews\Candidate_Brittany_Edwards_2026-03-17_Q2_custom_Why_LPL_mic.wav
2026-03-17 13:09:49,467 INFO faster_whisper Processing audio with duration 01:54.686
2026-03-17 13:09:49,621 INFO faster_whisper VAD filter removed 00:04.912 of audio
2026-03-17 13:09:55,116 INFO interview_audio_recorder Transcribed Candidate_Brittany_Edwards_2026-03-17_Q2_custom_Why_LPL_sys.wav for speaker=CANDIDATE in 5.69s (14 kept segments, min_start=0.00)
2026-03-17 13:09:55,118 INFO interview_audio_recorder Full transcription completed for base_name=Candidate_Brittany_Edwards_2026-03-17_Q2_custom_Why_LPL with 14 segments in 5.70s
2026-03-17 13:09:55,129 INFO interview_app.transcription_queue transcription_job_completed
2026-03-17 13:09:55,129 INFO interview_app.transcription_queue transcription_job_completed
2026-03-17 13:09:55,129 INFO __main__ transcription_job_state_changed
2026-03-17 13:11:33,336 INFO interview_app.transcription_queue transcription_job_queued
2026-03-17 13:11:33,336 INFO __main__ transcription_job_state_changed
2026-03-17 13:11:33,337 INFO interview_app.transcription_queue transcription_job_started
2026-03-17 13:11:33,337 INFO __main__ transcription_job_state_changed
2026-03-17 13:11:33,614 INFO interview_app.transcription_queue transcription_job_started
2026-03-17 13:11:33,616 WARNING interview_audio_recorder Audio file missing, skipping transcription: C:\Users\Dnord\Dropbox\David LPL work\Initial Teacher Interview Guide\interviews\Candidate_Brittany_Edwards_2026-03-17_Q3_trait_trait_1_mic.wav
2026-03-17 13:11:33,655 INFO faster_whisper Processing audio with duration 01:38.302
2026-03-17 13:11:33,810 INFO faster_whisper VAD filter removed 00:09.680 of audio
2026-03-17 13:11:38,100 INFO interview_audio_recorder Transcribed Candidate_Brittany_Edwards_2026-03-17_Q3_trait_trait_1_sys.wav for speaker=CANDIDATE in 4.48s (7 kept segments, min_start=0.00)
2026-03-17 13:11:38,100 INFO interview_audio_recorder Full transcription completed for base_name=Candidate_Brittany_Edwards_2026-03-17_Q3_trait_trait_1 with 7 segments in 4.49s
2026-03-17 13:11:38,113 INFO interview_app.transcription_queue transcription_job_completed
2026-03-17 13:11:38,114 INFO interview_app.transcription_queue transcription_job_completed
2026-03-17 13:11:38,115 INFO __main__ transcription_job_state_changed
2026-03-17 13:14:10,560 INFO interview_app.transcription_queue transcription_job_queued
2026-03-17 13:14:10,562 INFO __main__ transcription_job_state_changed
2026-03-17 13:14:10,563 INFO interview_app.transcription_queue transcription_job_started
2026-03-17 13:14:10,563 INFO __main__ transcription_job_state_changed
2026-03-17 13:14:10,876 INFO interview_app.transcription_queue transcription_job_started
2026-03-17 13:14:10,878 WARNING interview_audio_recorder Audio file missing, skipping transcription: C:\Users\Dnord\Dropbox\David LPL work\Initial Teacher Interview Guide\interviews\Candidate_Brittany_Edwards_2026-03-17_Q4_trait_trait_2_mic.wav
2026-03-17 13:14:10,928 INFO faster_whisper Processing audio with duration 02:35.646
2026-03-17 13:14:11,145 INFO faster_whisper VAD filter removed 00:17.470 of audio
2026-03-17 13:14:19,720 INFO interview_audio_recorder Transcribed Candidate_Brittany_Edwards_2026-03-17_Q4_trait_trait_2_sys.wav for speaker=CANDIDATE in 8.84s (9 kept segments, min_start=0.00)
2026-03-17 13:14:19,721 INFO interview_audio_recorder Full transcription completed for base_name=Candidate_Brittany_Edwards_2026-03-17_Q4_trait_trait_2 with 9 segments in 8.84s
2026-03-17 13:14:19,731 INFO interview_app.transcription_queue transcription_job_completed
2026-03-17 13:14:19,731 INFO interview_app.transcription_queue transcription_job_completed
2026-03-17 13:14:19,731 INFO __main__ transcription_job_state_changed
2026-03-17 13:17:37,668 INFO interview_app.transcription_queue transcription_job_queued
2026-03-17 13:17:37,668 INFO __main__ transcription_job_state_changed
2026-03-17 13:17:37,669 INFO interview_app.transcription_queue transcription_job_started
2026-03-17 13:17:37,669 INFO __main__ transcription_job_state_changed
2026-03-17 13:17:37,978 INFO interview_app.transcription_queue transcription_job_started
2026-03-17 13:17:37,979 WARNING interview_audio_recorder Audio file missing, skipping transcription: C:\Users\Dnord\Dropbox\David LPL work\Initial Teacher Interview Guide\interviews\Candidate_Brittany_Edwards_2026-03-17_Q5_trait_trait_3_mic.wav
2026-03-17 13:17:38,036 INFO faster_whisper Processing audio with duration 03:24.798
2026-03-17 13:17:38,312 INFO faster_whisper VAD filter removed 00:17.470 of audio
2026-03-17 13:17:50,102 INFO interview_audio_recorder Transcribed Candidate_Brittany_Edwards_2026-03-17_Q5_trait_trait_3_sys.wav for speaker=CANDIDATE in 12.12s (33 kept segments, min_start=0.00)
2026-03-17 13:17:50,103 INFO interview_audio_recorder Full transcription completed for base_name=Candidate_Brittany_Edwards_2026-03-17_Q5_trait_trait_3 with 33 segments in 12.12s
2026-03-17 13:17:50,116 INFO interview_app.transcription_queue transcription_job_completed
2026-03-17 13:17:50,116 INFO interview_app.transcription_queue transcription_job_completed
2026-03-17 13:17:50,117 INFO __main__ transcription_job_state_changed
2026-03-17 13:21:42,595 INFO interview_app.transcription_queue transcription_job_queued
2026-03-17 13:21:42,596 INFO __main__ transcription_job_state_changed
2026-03-17 13:21:42,596 INFO interview_app.transcription_queue transcription_job_started
2026-03-17 13:21:42,596 INFO __main__ transcription_job_state_changed
2026-03-17 13:21:42,915 INFO interview_app.transcription_queue transcription_job_started
2026-03-17 13:21:42,916 WARNING interview_audio_recorder Audio file missing, skipping transcription: C:\Users\Dnord\Dropbox\David LPL work\Initial Teacher Interview Guide\interviews\Candidate_Brittany_Edwards_2026-03-17_Q6_trait_trait_4_mic.wav
2026-03-17 13:21:42,986 INFO faster_whisper Processing audio with duration 03:57.566
2026-03-17 13:21:43,325 INFO faster_whisper VAD filter removed 00:19.472 of audio
2026-03-17 13:21:58,266 INFO interview_audio_recorder Transcribed Candidate_Brittany_Edwards_2026-03-17_Q6_trait_trait_4_sys.wav for speaker=CANDIDATE in 15.35s (30 kept segments, min_start=0.00)
2026-03-17 13:21:58,267 INFO interview_audio_recorder Full transcription completed for base_name=Candidate_Brittany_Edwards_2026-03-17_Q6_trait_trait_4 with 30 segments in 15.35s
2026-03-17 13:21:58,281 INFO interview_app.transcription_queue transcription_job_completed
2026-03-17 13:21:58,282 INFO interview_app.transcription_queue transcription_job_completed
2026-03-17 13:21:58,282 INFO __main__ transcription_job_state_changed
2026-03-17 13:25:07,368 INFO interview_app.transcription_queue transcription_job_queued
2026-03-17 13:25:07,369 INFO __main__ transcription_job_state_changed
2026-03-17 13:25:07,369 INFO interview_app.transcription_queue transcription_job_started
2026-03-17 13:25:07,369 INFO __main__ transcription_job_state_changed
2026-03-17 13:25:07,677 INFO interview_app.transcription_queue transcription_job_started
2026-03-17 13:25:07,681 WARNING interview_audio_recorder Audio file missing, skipping transcription: C:\Users\Dnord\Dropbox\David LPL work\Initial Teacher Interview Guide\interviews\Candidate_Brittany_Edwards_2026-03-17_Q8_trait_trait_6_mic.wav
2026-03-17 13:25:07,743 INFO faster_whisper Processing audio with duration 03:16.606
2026-03-17 13:25:08,022 INFO faster_whisper VAD filter removed 00:22.448 of audio
2026-03-17 13:25:18,431 INFO interview_audio_recorder Transcribed Candidate_Brittany_Edwards_2026-03-17_Q8_trait_trait_6_sys.wav for speaker=CANDIDATE in 10.75s (24 kept segments, min_start=0.00)
2026-03-17 13:25:18,431 INFO interview_audio_recorder Full transcription completed for base_name=Candidate_Brittany_Edwards_2026-03-17_Q8_trait_trait_6 with 24 segments in 10.75s
2026-03-17 13:25:18,444 INFO interview_app.transcription_queue transcription_job_completed
2026-03-17 13:25:18,446 INFO interview_app.transcription_queue transcription_job_completed
2026-03-17 13:25:18,446 INFO __main__ transcription_job_state_changed
2026-03-17 13:26:45,613 INFO interview_app.transcription_queue transcription_job_queued
2026-03-17 13:26:45,613 INFO __main__ transcription_job_state_changed
2026-03-17 13:26:45,614 INFO interview_app.transcription_queue transcription_job_started
2026-03-17 13:26:45,614 INFO __main__ transcription_job_state_changed
2026-03-17 13:26:45,913 INFO interview_app.transcription_queue transcription_job_started
2026-03-17 13:26:45,915 WARNING interview_audio_recorder Audio file missing, skipping transcription: C:\Users\Dnord\Dropbox\David LPL work\Initial Teacher Interview Guide\interviews\Candidate_Brittany_Edwards_2026-03-17_Q9_trait_trait_7_mic.wav
2026-03-17 13:26:45,951 INFO faster_whisper Processing audio with duration 01:30.110
2026-03-17 13:26:46,075 INFO faster_whisper VAD filter removed 00:08.192 of audio
2026-03-17 13:26:51,781 INFO interview_audio_recorder Transcribed Candidate_Brittany_Edwards_2026-03-17_Q9_trait_trait_7_sys.wav for speaker=CANDIDATE in 5.87s (13 kept segments, min_start=0.00)
2026-03-17 13:26:51,783 INFO interview_audio_recorder Full transcription completed for base_name=Candidate_Brittany_Edwards_2026-03-17_Q9_trait_trait_7 with 13 segments in 5.87s
2026-03-17 13:26:51,794 INFO interview_app.transcription_queue transcription_job_completed
2026-03-17 13:26:51,794 INFO interview_app.transcription_queue transcription_job_completed
2026-03-17 13:26:51,795 INFO __main__ transcription_job_state_changed
2026-03-17 13:26:57,906 INFO interview_app.transcription_queue transcription_job_queued
2026-03-17 13:26:57,908 INFO __main__ transcription_job_state_changed
2026-03-17 13:26:57,909 INFO interview_app.transcription_queue transcription_job_started
2026-03-17 13:26:57,909 INFO __main__ transcription_job_state_changed
2026-03-17 13:26:58,172 INFO interview_app.transcription_queue transcription_job_started
2026-03-17 13:26:58,177 ERROR interview_audio_recorder stop_and_transcribe_failed
Traceback (most recent call last):
  File "C:\Users\Dnord\Dropbox\David LPL work\Initial Teacher Interview Guide\src\interview_audio_recorder.py", line 264, in stop_and_transcribe
    _ensure_at_least_one_audio_track({"mic": self.mic_wav, "system": self.sys_wav})
  File "C:\Users\Dnord\Dropbox\David LPL work\Initial Teacher Interview Guide\src\interview_audio_recorder.py", line 680, in _ensure_at_least_one_audio_track
    raise RuntimeError(f"No transcribable audio tracks were found: {details}")
RuntimeError: No transcribable audio tracks were found: mic audio file is missing: C:\Users\Dnord\Dropbox\David LPL work\Initial Teacher Interview Guide\interviews\Candidate_Brittany_Edwards_2026-03-17_Q12_custom_FT_or_PT_mic.wav; system audio file is empty: C:\Users\Dnord\Dropbox\David LPL work\Initial Teacher Interview Guide\interviews\Candidate_Brittany_Edwards_2026-03-17_Q12_custom_FT_or_PT_sys.wav
2026-03-17 13:26:58,179 INFO interview_app.transcription_queue transcription_job_failed
2026-03-17 13:26:58,179 INFO interview_app.transcription_queue transcription_job_failed
2026-03-17 13:26:58,179 INFO __main__ transcription_job_state_changed
2026-03-17 13:27:30,592 INFO interview_app.transcription_queue transcription_job_queued
2026-03-17 13:27:30,593 INFO __main__ transcription_job_state_changed
2026-03-17 13:27:30,593 INFO interview_app.transcription_queue transcription_job_started
2026-03-17 13:27:30,595 INFO __main__ transcription_job_state_changed
2026-03-17 13:27:30,850 INFO interview_app.transcription_queue transcription_job_started
2026-03-17 13:27:30,851 WARNING interview_audio_recorder Audio file missing, skipping transcription: C:\Users\Dnord\Dropbox\David LPL work\Initial Teacher Interview Guide\interviews\Candidate_Brittany_Edwards_2026-03-17_Q13_custom_Not_Avail_mic.wav
2026-03-17 13:27:30,881 INFO faster_whisper Processing audio with duration 00:24.574
2026-03-17 13:27:30,913 INFO faster_whisper VAD filter removed 00:02.192 of audio
2026-03-17 13:27:32,290 INFO interview_audio_recorder Transcribed Candidate_Brittany_Edwards_2026-03-17_Q13_custom_Not_Avail_sys.wav for speaker=CANDIDATE in 1.44s (3 kept segments, min_start=0.00)
2026-03-17 13:27:32,290 INFO interview_audio_recorder Full transcription completed for base_name=Candidate_Brittany_Edwards_2026-03-17_Q13_custom_Not_Avail with 3 segments in 1.44s
2026-03-17 13:27:32,301 INFO interview_app.transcription_queue transcription_job_completed
2026-03-17 13:27:32,301 INFO interview_app.transcription_queue transcription_job_completed
2026-03-17 13:27:32,301 INFO __main__ transcription_job_state_changed
2026-03-17 13:27:43,830 INFO interview_app.transcription_queue transcription_job_queued
2026-03-17 13:27:43,830 INFO __main__ transcription_job_state_changed
2026-03-17 13:27:43,831 INFO interview_app.transcription_queue transcription_job_started
2026-03-17 13:27:43,832 INFO __main__ transcription_job_state_changed
2026-03-17 13:27:44,100 INFO interview_app.transcription_queue transcription_job_started
2026-03-17 13:27:44,102 WARNING interview_audio_recorder Audio file missing, skipping transcription: C:\Users\Dnord\Dropbox\David LPL work\Initial Teacher Interview Guide\interviews\Candidate_Brittany_Edwards_2026-03-17_Q14_custom_Start_mic.wav
2026-03-17 13:27:44,135 INFO faster_whisper Processing audio with duration 00:08.190
2026-03-17 13:27:44,147 INFO faster_whisper VAD filter removed 00:05.438 of audio
2026-03-17 13:27:44,724 INFO interview_audio_recorder Transcribed Candidate_Brittany_Edwards_2026-03-17_Q14_custom_Start_sys.wav for speaker=CANDIDATE in 0.62s (1 kept segments, min_start=0.00)
2026-03-17 13:27:44,724 INFO interview_audio_recorder Full transcription completed for base_name=Candidate_Brittany_Edwards_2026-03-17_Q14_custom_Start with 1 segments in 0.62s
2026-03-17 13:27:44,736 INFO interview_app.transcription_queue transcription_job_completed
2026-03-17 13:27:44,736 INFO interview_app.transcription_queue transcription_job_completed
2026-03-17 13:27:44,736 INFO __main__ transcription_job_state_changed
2026-03-17 13:28:08,053 INFO interview_app.transcription_queue transcription_job_queued
2026-03-17 13:28:08,053 INFO __main__ transcription_job_state_changed
2026-03-17 13:28:08,054 INFO interview_app.transcription_queue transcription_job_started
2026-03-17 13:28:08,054 INFO __main__ transcription_job_state_changed
2026-03-17 13:28:08,073 WARNING __main__ transcription_health_failed
2026-03-17 13:28:08,078 INFO interview_app.transcription_queue transcription_job_started
2026-03-17 13:28:08,080 WARNING interview_audio_recorder Audio file missing, skipping transcription: C:\Users\Dnord\Dropbox\David LPL work\Initial Teacher Interview Guide\interviews\Candidate_Brittany_Edwards_2026-03-17_Q15_custom_Pay_mic.wav
2026-03-17 13:28:08,109 INFO faster_whisper Processing audio with duration 00:16.382
2026-03-17 13:28:08,134 INFO faster_whisper VAD filter removed 00:03.824 of audio
2026-03-17 13:28:08,922 INFO interview_audio_recorder Transcribed Candidate_Brittany_Edwards_2026-03-17_Q15_custom_Pay_sys.wav for speaker=CANDIDATE in 0.84s (1 kept segments, min_start=0.00)
2026-03-17 13:28:08,922 INFO interview_audio_recorder Full transcription completed for base_name=Candidate_Brittany_Edwards_2026-03-17_Q15_custom_Pay with 1 segments in 0.84s
2026-03-17 13:28:08,940 INFO interview_app.transcription_queue transcription_job_completed
2026-03-17 13:28:08,941 INFO interview_app.transcription_queue transcription_job_completed
2026-03-17 13:28:08,941 INFO __main__ transcription_job_state_changed
2026-03-17 20:24:19,664 INFO runtime_wrapper runtime_wrapper_exit
2026-03-19 11:43:28,007 INFO runtime_wrapper runtime_wrapper_start
2026-03-19 11:43:28,320 INFO app_logging app_logging_initialized
2026-03-19 12:57:34,576 INFO runtime_wrapper runtime_wrapper_exit
2026-03-20 11:32:34,761 INFO runtime_wrapper runtime_wrapper_start
2026-03-20 11:32:34,878 ERROR runtime_wrapper runtime_wrapper_fatal_exception
Traceback (most recent call last):
  File "C:\Users\Dnord\Dropbox\David LPL work\Initial Teacher Interview Guide\backup\src\runtime_wrapper.py", line 50, in main
    runpy.run_path(str(target_path), run_name="__main__")
  File "<frozen runpy>", line 291, in run_path
  File "<frozen runpy>", line 98, in _run_module_code
  File "<frozen runpy>", line 88, in _run_code
  File "C:\Users\Dnord\Dropbox\David LPL work\Initial Teacher Interview Guide\src\interview_app.pyw", line 90, in <module>
    from candidate_title import DEFAULT_CANDIDATE_TITLE, TITLE_OPTIONS, normalize_candidate_title
ModuleNotFoundError: No module named 'candidate_title'
2026-03-20 11:32:34,879 ERROR runtime_wrapper runtime_wrapper_crash_report
2026-03-20 11:32:34,881 ERROR runtime_wrapper uncaught_main_exception
Traceback (most recent call last):
  File "C:\Users\Dnord\Dropbox\David LPL work\Initial Teacher Interview Guide\backup\src\runtime_wrapper.py", line 231, in <module>
    raise SystemExit(main())
                     ^^^^^^
  File "C:\Users\Dnord\Dropbox\David LPL work\Initial Teacher Interview Guide\backup\src\runtime_wrapper.py", line 50, in main
    runpy.run_path(str(target_path), run_name="__main__")
  File "<frozen runpy>", line 291, in run_path
  File "<frozen runpy>", line 98, in _run_module_code
  File "<frozen runpy>", line 88, in _run_code
  File "C:\Users\Dnord\Dropbox\David LPL work\Initial Teacher Interview Guide\src\interview_app.pyw", line 90, in <module>
    from candidate_title import DEFAULT_CANDIDATE_TITLE, TITLE_OPTIONS, normalize_candidate_title
ModuleNotFoundError: No module named 'candidate_title'
2026-03-20 11:32:34,882 ERROR runtime_wrapper crash_report_written
2026-03-23 09:03:12,976 INFO runtime_wrapper runtime_wrapper_start
2026-03-23 09:03:13,117 ERROR runtime_wrapper runtime_wrapper_fatal_exception
Traceback (most recent call last):
  File "C:\Users\Dnord\Dropbox\David LPL work\Initial Teacher Interview Guide\backup\src\runtime_wrapper.py", line 50, in main
    runpy.run_path(str(target_path), run_name="__main__")
  File "<frozen runpy>", line 291, in run_path
  File "<frozen runpy>", line 98, in _run_module_code
  File "<frozen runpy>", line 88, in _run_code
  File "C:\Users\Dnord\Dropbox\David LPL work\Initial Teacher Interview Guide\src\interview_app.pyw", line 90, in <module>
    from candidate_title import DEFAULT_CANDIDATE_TITLE, TITLE_OPTIONS, normalize_candidate_title
ModuleNotFoundError: No module named 'candidate_title'
2026-03-23 09:03:13,117 ERROR runtime_wrapper runtime_wrapper_crash_report
2026-03-23 09:03:13,119 ERROR runtime_wrapper uncaught_main_exception
Traceback (most recent call last):
  File "C:\Users\Dnord\Dropbox\David LPL work\Initial Teacher Interview Guide\backup\src\runtime_wrapper.py", line 231, in <module>
    raise SystemExit(main())
                     ^^^^^^
  File "C:\Users\Dnord\Dropbox\David LPL work\Initial Teacher Interview Guide\backup\src\runtime_wrapper.py", line 50, in main
    runpy.run_path(str(target_path), run_name="__main__")
  File "<frozen runpy>", line 291, in run_path
  File "<frozen runpy>", line 98, in _run_module_code
  File "<frozen runpy>", line 88, in _run_code
  File "C:\Users\Dnord\Dropbox\David LPL work\Initial Teacher Interview Guide\src\interview_app.pyw", line 90, in <module>
    from candidate_title import DEFAULT_CANDIDATE_TITLE, TITLE_OPTIONS, normalize_candidate_title
ModuleNotFoundError: No module named 'candidate_title'
2026-03-23 09:03:13,120 ERROR runtime_wrapper crash_report_written
2026-05-05 09:34:31,571 INFO runtime_wrapper runtime_wrapper_start
2026-05-05 09:34:31,750 INFO app_logging app_logging_initialized
2026-05-05 10:03:17,652 INFO runtime_wrapper runtime_wrapper_start
2026-05-05 10:03:17,829 INFO app_logging app_logging_initialized
2026-05-05 10:04:44,857 INFO interview_app.transcription_queue transcription_job_queued
2026-05-05 10:04:44,857 INFO __main__ transcription_job_state_changed
2026-05-05 10:04:44,859 INFO interview_app.transcription_queue transcription_job_started
2026-05-05 10:04:44,859 INFO __main__ transcription_job_state_changed
2026-05-05 10:04:44,912 INFO interview_app.transcription_queue transcription_job_started
2026-05-05 10:04:47,741 INFO httpx HTTP Request: GET https://huggingface.co/api/models/Systran/faster-whisper-large-v3/revision/main "HTTP/1.1 200 OK"
2026-05-05 10:04:51,611 INFO interview_audio_recorder Initialized Whisper model cache for model=large-v3 device=cuda compute_type=float16 in 4.56s
2026-05-05 10:04:51,611 WARNING interview_audio_recorder Audio file missing, skipping transcription: C:\Users\Dnord\Dropbox\David LPL work\Initial Teacher Interview Guide\interviews\Candidate_Melissa_Neal_2026-05-05_Q1_custom_Why_ECE_mic.wav
2026-05-05 10:04:51,700 INFO faster_whisper Processing audio with duration 01:05.534
2026-05-05 10:04:51,860 INFO faster_whisper VAD filter removed 00:49.008 of audio
2026-05-05 10:04:54,392 INFO interview_audio_recorder Transcribed Candidate_Melissa_Neal_2026-05-05_Q1_custom_Why_ECE_sys.wav for speaker=CANDIDATE in 2.78s (1 kept segments, min_start=0.00)
2026-05-05 10:04:54,392 INFO interview_audio_recorder Full transcription completed for base_name=Candidate_Melissa_Neal_2026-05-05_Q1_custom_Why_ECE with 1 segments in 9.48s
2026-05-05 10:04:54,401 INFO interview_app.transcription_queue transcription_job_completed
2026-05-05 10:04:54,401 INFO interview_app.transcription_queue transcription_job_completed
2026-05-05 10:04:54,402 INFO __main__ transcription_job_state_changed
2026-05-05 10:07:01,385 INFO interview_app.transcription_queue transcription_job_queued
2026-05-05 10:07:01,386 INFO __main__ transcription_job_state_changed
2026-05-05 10:07:01,387 INFO interview_app.transcription_queue transcription_job_started
2026-05-05 10:07:01,387 INFO __main__ transcription_job_state_changed
2026-05-05 10:07:01,515 INFO interview_app.transcription_queue transcription_job_started
2026-05-05 10:07:01,518 WARNING interview_audio_recorder Audio file missing, skipping transcription: C:\Users\Dnord\Dropbox\David LPL work\Initial Teacher Interview Guide\interviews\Candidate_Melissa_Neal_2026-05-05_Q1_custom_Why_ECE_mic.wav
2026-05-05 10:07:01,607 INFO faster_whisper Processing audio with duration 01:05.534
2026-05-05 10:07:01,694 INFO faster_whisper VAD filter removed 00:12.702 of audio
2026-05-05 10:07:04,958 INFO interview_audio_recorder Transcribed Candidate_Melissa_Neal_2026-05-05_Q1_custom_Why_ECE_sys.wav for speaker=CANDIDATE in 3.44s (11 kept segments, min_start=0.00)
2026-05-05 10:07:04,958 INFO interview_audio_recorder Full transcription completed for base_name=Candidate_Melissa_Neal_2026-05-05_Q1_custom_Why_ECE with 11 segments in 3.44s
2026-05-05 10:07:04,972 INFO interview_app.transcription_queue transcription_job_completed
2026-05-05 10:07:04,972 INFO interview_app.transcription_queue transcription_job_completed
2026-05-05 10:07:04,972 INFO __main__ transcription_job_state_changed
2026-05-05 10:07:08,082 INFO interview_app.transcription_queue transcription_job_queued
2026-05-05 10:07:08,084 INFO __main__ transcription_job_state_changed
2026-05-05 10:07:08,084 INFO interview_app.transcription_queue transcription_job_started
2026-05-05 10:07:08,084 INFO __main__ transcription_job_state_changed
2026-05-05 10:07:08,204 INFO interview_app.transcription_queue transcription_job_started
2026-05-05 10:07:08,210 ERROR interview_audio_recorder stop_and_transcribe_failed
Traceback (most recent call last):
  File "C:\Users\Dnord\Dropbox\David LPL work\Initial Teacher Interview Guide\src\interview_audio_recorder.py", line 264, in stop_and_transcribe
    _ensure_at_least_one_audio_track({"mic": self.mic_wav, "system": self.sys_wav})
  File "C:\Users\Dnord\Dropbox\David LPL work\Initial Teacher Interview Guide\src\interview_audio_recorder.py", line 680, in _ensure_at_least_one_audio_track
    raise RuntimeError(f"No transcribable audio tracks were found: {details}")
RuntimeError: No transcribable audio tracks were found: mic audio file is missing: C:\Users\Dnord\Dropbox\David LPL work\Initial Teacher Interview Guide\interviews\Candidate_Melissa_Neal_2026-05-05_Q2_custom_Why_LPL_mic.wav; system audio file is empty: C:\Users\Dnord\Dropbox\David LPL work\Initial Teacher Interview Guide\interviews\Candidate_Melissa_Neal_2026-05-05_Q2_custom_Why_LPL_sys.wav
2026-05-05 10:07:08,211 INFO interview_app.transcription_queue transcription_job_failed
2026-05-05 10:07:08,211 INFO interview_app.transcription_queue transcription_job_failed
2026-05-05 10:07:08,211 INFO __main__ transcription_job_state_changed
2026-05-05 10:07:56,908 INFO interview_app.transcription_queue transcription_job_queued
2026-05-05 10:07:56,908 INFO __main__ transcription_job_state_changed
2026-05-05 10:07:56,909 INFO interview_app.transcription_queue transcription_job_started
2026-05-05 10:07:56,909 INFO __main__ transcription_job_state_changed
2026-05-05 10:07:57,112 INFO interview_app.transcription_queue transcription_job_started
2026-05-05 10:07:57,114 WARNING interview_audio_recorder Audio file missing, skipping transcription: C:\Users\Dnord\Dropbox\David LPL work\Initial Teacher Interview Guide\interviews\Candidate_Melissa_Neal_2026-05-05_Q3_trait_trait_1_mic.wav
2026-05-05 10:07:57,193 INFO faster_whisper Processing audio with duration 00:40.958
2026-05-05 10:07:57,250 INFO faster_whisper VAD filter removed 00:07.536 of audio
2026-05-05 10:08:00,106 INFO interview_audio_recorder Transcribed Candidate_Melissa_Neal_2026-05-05_Q3_trait_trait_1_sys.wav for speaker=CANDIDATE in 2.99s (8 kept segments, min_start=0.00)
2026-05-05 10:08:00,106 INFO interview_audio_recorder Full transcription completed for base_name=Candidate_Melissa_Neal_2026-05-05_Q3_trait_trait_1 with 8 segments in 2.99s
2026-05-05 10:08:00,120 INFO interview_app.transcription_queue transcription_job_completed
2026-05-05 10:08:00,120 INFO interview_app.transcription_queue transcription_job_completed
2026-05-05 10:08:00,120 INFO __main__ transcription_job_state_changed
2026-05-05 10:08:47,205 INFO interview_app.transcription_queue transcription_job_queued
2026-05-05 10:08:47,205 INFO __main__ transcription_job_state_changed
2026-05-05 10:08:47,206 INFO interview_app.transcription_queue transcription_job_started
2026-05-05 10:08:47,207 INFO __main__ transcription_job_state_changed
2026-05-05 10:08:47,384 INFO interview_app.transcription_queue transcription_job_started
2026-05-05 10:08:47,385 WARNING interview_audio_recorder Audio file missing, skipping transcription: C:\Users\Dnord\Dropbox\David LPL work\Initial Teacher Interview Guide\interviews\Candidate_Melissa_Neal_2026-05-05_Q4_trait_trait_2_mic.wav
2026-05-05 10:08:47,472 INFO faster_whisper Processing audio with duration 00:49.150
2026-05-05 10:08:47,537 INFO faster_whisper VAD filter removed 00:19.742 of audio
2026-05-05 10:08:49,368 INFO interview_audio_recorder Transcribed Candidate_Melissa_Neal_2026-05-05_Q4_trait_trait_2_sys.wav for speaker=CANDIDATE in 1.98s (3 kept segments, min_start=0.00)
2026-05-05 10:08:49,369 INFO interview_audio_recorder Full transcription completed for base_name=Candidate_Melissa_Neal_2026-05-05_Q4_trait_trait_2 with 3 segments in 1.98s
2026-05-05 10:08:49,379 INFO interview_app.transcription_queue transcription_job_completed
2026-05-05 10:08:49,379 INFO interview_app.transcription_queue transcription_job_completed
2026-05-05 10:08:49,380 INFO __main__ transcription_job_state_changed
2026-05-05 10:10:07,899 INFO interview_app.transcription_queue transcription_job_queued
2026-05-05 10:10:07,899 INFO __main__ transcription_job_state_changed
2026-05-05 10:10:07,899 INFO interview_app.transcription_queue transcription_job_started
2026-05-05 10:10:07,899 INFO __main__ transcription_job_state_changed
2026-05-05 10:10:08,086 INFO interview_app.transcription_queue transcription_job_started
2026-05-05 10:10:08,088 WARNING interview_audio_recorder Audio file missing, skipping transcription: C:\Users\Dnord\Dropbox\David LPL work\Initial Teacher Interview Guide\interviews\Candidate_Melissa_Neal_2026-05-05_Q5_trait_trait_3_mic.wav
2026-05-05 10:10:08,180 INFO faster_whisper Processing audio with duration 01:13.726
2026-05-05 10:10:08,280 INFO faster_whisper VAD filter removed 00:22.718 of audio
2026-05-05 10:10:10,981 INFO interview_audio_recorder Transcribed Candidate_Melissa_Neal_2026-05-05_Q5_trait_trait_3_sys.wav for speaker=CANDIDATE in 2.89s (7 kept segments, min_start=0.00)
2026-05-05 10:10:10,982 INFO interview_audio_recorder Full transcription completed for base_name=Candidate_Melissa_Neal_2026-05-05_Q5_trait_trait_3 with 7 segments in 2.89s
2026-05-05 10:10:10,993 INFO interview_app.transcription_queue transcription_job_completed
2026-05-05 10:10:10,993 INFO interview_app.transcription_queue transcription_job_completed
2026-05-05 10:10:10,993 INFO __main__ transcription_job_state_changed
2026-05-05 10:11:05,307 INFO interview_app.transcription_queue transcription_job_queued
2026-05-05 10:11:05,309 INFO __main__ transcription_job_state_changed
2026-05-05 10:11:05,309 INFO interview_app.transcription_queue transcription_job_started
2026-05-05 10:11:05,310 INFO __main__ transcription_job_state_changed
2026-05-05 10:11:05,494 INFO interview_app.transcription_queue transcription_job_started
2026-05-05 10:11:05,495 WARNING interview_audio_recorder Audio file missing, skipping transcription: C:\Users\Dnord\Dropbox\David LPL work\Initial Teacher Interview Guide\interviews\Candidate_Melissa_Neal_2026-05-05_Q6_trait_trait_4_mic.wav
2026-05-05 10:11:05,581 INFO faster_whisper Processing audio with duration 00:49.150
2026-05-05 10:11:05,644 INFO faster_whisper VAD filter removed 00:15.408 of audio
2026-05-05 10:11:08,206 INFO interview_audio_recorder Transcribed Candidate_Melissa_Neal_2026-05-05_Q6_trait_trait_4_sys.wav for speaker=CANDIDATE in 2.71s (6 kept segments, min_start=0.00)
2026-05-05 10:11:08,207 INFO interview_audio_recorder Full transcription completed for base_name=Candidate_Melissa_Neal_2026-05-05_Q6_trait_trait_4 with 6 segments in 2.71s
2026-05-05 10:11:08,218 INFO interview_app.transcription_queue transcription_job_completed
2026-05-05 10:11:08,218 INFO interview_app.transcription_queue transcription_job_completed
2026-05-05 10:11:08,218 INFO __main__ transcription_job_state_changed
2026-05-05 10:11:56,529 INFO interview_app.transcription_queue transcription_job_queued
2026-05-05 10:11:56,529 INFO __main__ transcription_job_state_changed
2026-05-05 10:11:56,530 INFO interview_app.transcription_queue transcription_job_started
2026-05-05 10:11:56,530 INFO __main__ transcription_job_state_changed
2026-05-05 10:11:56,716 INFO interview_app.transcription_queue transcription_job_started
2026-05-05 10:11:56,717 WARNING interview_audio_recorder Audio file missing, skipping transcription: C:\Users\Dnord\Dropbox\David LPL work\Initial Teacher Interview Guide\interviews\Candidate_Melissa_Neal_2026-05-05_Q7_trait_trait_5_mic.wav
2026-05-05 10:11:56,800 INFO faster_whisper Processing audio with duration 00:49.150
2026-05-05 10:11:56,864 INFO faster_whisper VAD filter removed 00:24.190 of audio
2026-05-05 10:11:58,557 INFO interview_audio_recorder Transcribed Candidate_Melissa_Neal_2026-05-05_Q7_trait_trait_5_sys.wav for speaker=CANDIDATE in 1.84s (4 kept segments, min_start=0.00)
2026-05-05 10:11:58,557 INFO interview_audio_recorder Full transcription completed for base_name=Candidate_Melissa_Neal_2026-05-05_Q7_trait_trait_5 with 4 segments in 1.84s
2026-05-05 10:11:58,571 INFO interview_app.transcription_queue transcription_job_completed
2026-05-05 10:11:58,571 INFO interview_app.transcription_queue transcription_job_completed
2026-05-05 10:11:58,571 INFO __main__ transcription_job_state_changed
2026-05-05 10:12:52,449 INFO interview_app.transcription_queue transcription_job_queued
2026-05-05 10:12:52,451 INFO __main__ transcription_job_state_changed
2026-05-05 10:12:52,451 INFO interview_app.transcription_queue transcription_job_started
2026-05-05 10:12:52,452 INFO __main__ transcription_job_state_changed
2026-05-05 10:12:52,625 INFO interview_app.transcription_queue transcription_job_started
2026-05-05 10:12:52,627 WARNING interview_audio_recorder Audio file missing, skipping transcription: C:\Users\Dnord\Dropbox\David LPL work\Initial Teacher Interview Guide\interviews\Candidate_Melissa_Neal_2026-05-05_Q8_trait_trait_6_mic.wav
2026-05-05 10:12:52,714 INFO faster_whisper Processing audio with duration 00:49.150
2026-05-05 10:12:52,778 INFO faster_whisper VAD filter removed 00:07.216 of audio
2026-05-05 10:12:55,800 INFO interview_audio_recorder Transcribed Candidate_Melissa_Neal_2026-05-05_Q8_trait_trait_6_sys.wav for speaker=CANDIDATE in 3.17s (6 kept segments, min_start=0.00)
2026-05-05 10:12:55,800 INFO interview_audio_recorder Full transcription completed for base_name=Candidate_Melissa_Neal_2026-05-05_Q8_trait_trait_6 with 6 segments in 3.17s
2026-05-05 10:12:55,812 INFO interview_app.transcription_queue transcription_job_completed
2026-05-05 10:12:55,812 INFO interview_app.transcription_queue transcription_job_completed
2026-05-05 10:12:55,812 INFO __main__ transcription_job_state_changed
2026-05-05 10:13:58,210 INFO interview_app.transcription_queue transcription_job_queued
2026-05-05 10:13:58,210 INFO __main__ transcription_job_state_changed
2026-05-05 10:13:58,210 INFO interview_app.transcription_queue transcription_job_started
2026-05-05 10:13:58,211 INFO __main__ transcription_job_state_changed
2026-05-05 10:13:58,387 INFO interview_app.transcription_queue transcription_job_started
2026-05-05 10:13:58,388 WARNING interview_audio_recorder Audio file missing, skipping transcription: C:\Users\Dnord\Dropbox\David LPL work\Initial Teacher Interview Guide\interviews\Candidate_Melissa_Neal_2026-05-05_Q9_trait_trait_7_mic.wav
2026-05-05 10:13:58,479 INFO faster_whisper Processing audio with duration 00:57.342
2026-05-05 10:13:58,558 INFO faster_whisper VAD filter removed 00:15.166 of audio
2026-05-05 10:14:01,410 INFO interview_audio_recorder Transcribed Candidate_Melissa_Neal_2026-05-05_Q9_trait_trait_7_sys.wav for speaker=CANDIDATE in 3.02s (6 kept segments, min_start=0.00)
2026-05-05 10:14:01,410 INFO interview_audio_recorder Full transcription completed for base_name=Candidate_Melissa_Neal_2026-05-05_Q9_trait_trait_7 with 6 segments in 3.02s
2026-05-05 10:14:01,424 INFO interview_app.transcription_queue transcription_job_completed
2026-05-05 10:14:01,424 INFO interview_app.transcription_queue transcription_job_completed
2026-05-05 10:14:01,424 INFO __main__ transcription_job_state_changed
2026-05-05 10:15:01,500 INFO interview_app.transcription_queue transcription_job_queued
2026-05-05 10:15:01,500 INFO __main__ transcription_job_state_changed
2026-05-05 10:15:01,501 INFO interview_app.transcription_queue transcription_job_started
2026-05-05 10:15:01,501 INFO __main__ transcription_job_state_changed
2026-05-05 10:15:01,678 INFO interview_app.transcription_queue transcription_job_started
2026-05-05 10:15:01,680 WARNING interview_audio_recorder Audio file missing, skipping transcription: C:\Users\Dnord\Dropbox\David LPL work\Initial Teacher Interview Guide\interviews\Candidate_Melissa_Neal_2026-05-05_Q10_trait_trait_10_mic.wav
2026-05-05 10:15:01,768 INFO faster_whisper Processing audio with duration 00:57.342
2026-05-05 10:15:01,852 INFO faster_whisper VAD filter removed 00:11.504 of audio
2026-05-05 10:15:05,085 INFO interview_audio_recorder Transcribed Candidate_Melissa_Neal_2026-05-05_Q10_trait_trait_10_sys.wav for speaker=CANDIDATE in 3.40s (12 kept segments, min_start=0.00)
2026-05-05 10:15:05,086 INFO interview_audio_recorder Full transcription completed for base_name=Candidate_Melissa_Neal_2026-05-05_Q10_trait_trait_10 with 12 segments in 3.41s
2026-05-05 10:15:05,097 INFO interview_app.transcription_queue transcription_job_completed
2026-05-05 10:15:05,097 INFO interview_app.transcription_queue transcription_job_completed
2026-05-05 10:15:05,099 INFO __main__ transcription_job_state_changed
2026-05-05 10:15:34,229 INFO interview_app.transcription_queue transcription_job_queued
2026-05-05 10:15:34,229 INFO __main__ transcription_job_state_changed
2026-05-05 10:15:34,229 INFO interview_app.transcription_queue transcription_job_started
2026-05-05 10:15:34,229 INFO __main__ transcription_job_state_changed
2026-05-05 10:15:34,287 INFO interview_app.transcription_queue transcription_job_started
2026-05-05 10:15:34,289 WARNING interview_audio_recorder Audio file missing, skipping transcription: C:\Users\Dnord\Dropbox\David LPL work\Initial Teacher Interview Guide\interviews\Candidate_Melissa_Neal_2026-05-05_Q12_custom_FT_or_PT_mic.wav
2026-05-05 10:15:34,369 INFO faster_whisper Processing audio with duration 00:24.574
2026-05-05 10:15:34,401 INFO faster_whisper VAD filter removed 00:17.822 of audio
2026-05-05 10:15:35,130 INFO interview_audio_recorder Transcribed Candidate_Melissa_Neal_2026-05-05_Q12_custom_FT_or_PT_sys.wav for speaker=CANDIDATE in 0.84s (1 kept segments, min_start=0.00)
2026-05-05 10:15:35,130 INFO interview_audio_recorder Full transcription completed for base_name=Candidate_Melissa_Neal_2026-05-05_Q12_custom_FT_or_PT with 1 segments in 0.84s
2026-05-05 10:15:35,142 INFO interview_app.transcription_queue transcription_job_completed
2026-05-05 10:15:35,143 INFO interview_app.transcription_queue transcription_job_completed
2026-05-05 10:15:35,143 INFO __main__ transcription_job_state_changed
2026-05-05 10:15:52,673 INFO interview_app.transcription_queue transcription_job_queued
2026-05-05 10:15:52,674 INFO __main__ transcription_job_state_changed
2026-05-05 10:15:52,674 INFO interview_app.transcription_queue transcription_job_started
2026-05-05 10:15:52,674 INFO __main__ transcription_job_state_changed
2026-05-05 10:15:52,744 INFO interview_app.transcription_queue transcription_job_started
2026-05-05 10:15:52,745 WARNING interview_audio_recorder Audio file missing, skipping transcription: C:\Users\Dnord\Dropbox\David LPL work\Initial Teacher Interview Guide\interviews\Candidate_Melissa_Neal_2026-05-05_Q13_custom_Not_Avail_mic.wav
2026-05-05 10:15:52,827 INFO faster_whisper Processing audio with duration 00:16.382
2026-05-05 10:15:52,853 INFO faster_whisper VAD filter removed 00:06.414 of audio
2026-05-05 10:15:54,261 INFO interview_audio_recorder Transcribed Candidate_Melissa_Neal_2026-05-05_Q13_custom_Not_Avail_sys.wav for speaker=CANDIDATE in 1.51s (2 kept segments, min_start=0.00)
2026-05-05 10:15:54,261 INFO interview_audio_recorder Full transcription completed for base_name=Candidate_Melissa_Neal_2026-05-05_Q13_custom_Not_Avail with 2 segments in 1.52s
2026-05-05 10:15:54,272 INFO interview_app.transcription_queue transcription_job_completed
2026-05-05 10:15:54,272 INFO interview_app.transcription_queue transcription_job_completed
2026-05-05 10:15:54,273 INFO __main__ transcription_job_state_changed
2026-05-05 10:16:13,424 INFO interview_app.transcription_queue transcription_job_queued
2026-05-05 10:16:13,425 INFO __main__ transcription_job_state_changed
2026-05-05 10:16:13,425 INFO interview_app.transcription_queue transcription_job_started
2026-05-05 10:16:13,427 INFO __main__ transcription_job_state_changed
2026-05-05 10:16:13,494 INFO interview_app.transcription_queue transcription_job_started
2026-05-05 10:16:13,495 WARNING interview_audio_recorder Audio file missing, skipping transcription: C:\Users\Dnord\Dropbox\David LPL work\Initial Teacher Interview Guide\interviews\Candidate_Melissa_Neal_2026-05-05_Q14_custom_Pay_mic.wav
2026-05-05 10:16:13,577 INFO faster_whisper Processing audio with duration 00:16.382
2026-05-05 10:16:13,598 INFO faster_whisper VAD filter removed 00:03.712 of audio
2026-05-05 10:16:14,689 INFO interview_audio_recorder Transcribed Candidate_Melissa_Neal_2026-05-05_Q14_custom_Pay_sys.wav for speaker=CANDIDATE in 1.19s (3 kept segments, min_start=0.00)
2026-05-05 10:16:14,690 INFO interview_audio_recorder Full transcription completed for base_name=Candidate_Melissa_Neal_2026-05-05_Q14_custom_Pay with 3 segments in 1.19s
2026-05-05 10:16:14,702 INFO interview_app.transcription_queue transcription_job_completed
2026-05-05 10:16:14,703 INFO interview_app.transcription_queue transcription_job_completed
2026-05-05 10:16:14,703 INFO __main__ transcription_job_state_changed
2026-05-05 10:16:37,899 INFO interview_app.transcription_queue transcription_job_queued
2026-05-05 10:16:37,900 INFO __main__ transcription_job_state_changed
2026-05-05 10:16:37,900 INFO interview_app.transcription_queue transcription_job_started
2026-05-05 10:16:37,900 INFO __main__ transcription_job_state_changed
2026-05-05 10:16:37,931 WARNING __main__ transcription_health_failed
2026-05-05 10:16:37,936 INFO interview_app.transcription_queue transcription_job_started
2026-05-05 10:16:37,938 WARNING interview_audio_recorder Audio file missing, skipping transcription: C:\Users\Dnord\Dropbox\David LPL work\Initial Teacher Interview Guide\interviews\Candidate_Melissa_Neal_2026-05-05_Q15_custom_Start_mic.wav
2026-05-05 10:16:38,016 INFO faster_whisper Processing audio with duration 00:16.382
2026-05-05 10:16:38,037 INFO faster_whisper VAD filter removed 00:00.000 of audio
2026-05-05 10:16:39,300 INFO interview_audio_recorder Transcribed Candidate_Melissa_Neal_2026-05-05_Q15_custom_Start_sys.wav for speaker=CANDIDATE in 1.36s (3 kept segments, min_start=0.00)
2026-05-05 10:16:39,300 INFO interview_audio_recorder Full transcription completed for base_name=Candidate_Melissa_Neal_2026-05-05_Q15_custom_Start with 3 segments in 1.36s
2026-05-05 10:16:39,311 INFO interview_app.transcription_queue transcription_job_completed
2026-05-05 10:16:39,311 INFO interview_app.transcription_queue transcription_job_completed
2026-05-05 10:16:39,311 INFO __main__ transcription_job_state_changed
2026-05-05 10:17:19,564 INFO runtime_wrapper runtime_wrapper_exit
2026-05-05 12:03:47,270 INFO runtime_wrapper runtime_wrapper_exit
2026-05-05 15:01:30,908 INFO runtime_wrapper runtime_wrapper_start
2026-05-05 15:01:31,108 INFO app_logging app_logging_initialized
2026-05-05 15:05:52,225 INFO interview_app.transcription_queue transcription_job_queued
2026-05-05 15:05:52,225 INFO __main__ transcription_job_state_changed
2026-05-05 15:05:52,227 INFO interview_app.transcription_queue transcription_job_started
2026-05-05 15:05:52,227 INFO __main__ transcription_job_state_changed
2026-05-05 15:05:52,362 INFO interview_app.transcription_queue transcription_job_started
2026-05-05 15:05:55,347 INFO httpx HTTP Request: GET https://huggingface.co/api/models/Systran/faster-whisper-large-v3/revision/main "HTTP/1.1 200 OK"
2026-05-05 15:05:59,149 INFO interview_audio_recorder Initialized Whisper model cache for model=large-v3 device=cuda compute_type=float16 in 4.44s
2026-05-05 15:05:59,149 WARNING interview_audio_recorder Audio file missing, skipping transcription: C:\Users\Dnord\Dropbox\David LPL work\Initial Teacher Interview Guide\interviews\Candidate_Zaira_Merino_2026-05-05_Q1_custom_Why_ECE_mic.wav
2026-05-05 15:05:59,236 INFO faster_whisper Processing audio with duration 01:38.302
2026-05-05 15:05:59,445 INFO faster_whisper VAD filter removed 00:25.072 of audio
2026-05-05 15:06:03,411 INFO interview_audio_recorder Transcribed Candidate_Zaira_Merino_2026-05-05_Q1_custom_Why_ECE_sys.wav for speaker=CANDIDATE in 4.26s (8 kept segments, min_start=0.00)
2026-05-05 15:06:03,412 INFO interview_audio_recorder Full transcription completed for base_name=Candidate_Zaira_Merino_2026-05-05_Q1_custom_Why_ECE with 8 segments in 11.05s
2026-05-05 15:06:03,427 INFO interview_app.transcription_queue transcription_job_completed
2026-05-05 15:06:03,427 INFO interview_app.transcription_queue transcription_job_completed
2026-05-05 15:06:03,428 INFO __main__ transcription_job_state_changed
2026-05-05 15:08:19,029 INFO interview_app.transcription_queue transcription_job_queued
2026-05-05 15:08:19,030 INFO __main__ transcription_job_state_changed
2026-05-05 15:08:19,030 INFO interview_app.transcription_queue transcription_job_started
2026-05-05 15:08:19,031 INFO __main__ transcription_job_state_changed
2026-05-05 15:08:19,171 INFO interview_app.transcription_queue transcription_job_started
2026-05-05 15:08:19,172 WARNING interview_audio_recorder Audio file missing, skipping transcription: C:\Users\Dnord\Dropbox\David LPL work\Initial Teacher Interview Guide\interviews\Candidate_Zaira_Merino_2026-05-05_Q2_custom_Why_LPL_mic.wav
2026-05-05 15:08:19,282 INFO faster_whisper Processing audio with duration 02:19.262
2026-05-05 15:08:19,480 INFO faster_whisper VAD filter removed 00:35.774 of audio
2026-05-05 15:08:26,225 INFO interview_audio_recorder Transcribed Candidate_Zaira_Merino_2026-05-05_Q2_custom_Why_LPL_sys.wav for speaker=CANDIDATE in 7.05s (18 kept segments, min_start=0.00)
2026-05-05 15:08:26,227 INFO interview_audio_recorder Full transcription completed for base_name=Candidate_Zaira_Merino_2026-05-05_Q2_custom_Why_LPL with 18 segments in 7.05s
2026-05-05 15:08:26,235 INFO interview_app.transcription_queue transcription_job_completed
2026-05-05 15:08:26,236 INFO interview_app.transcription_queue transcription_job_completed
2026-05-05 15:08:26,236 INFO __main__ transcription_job_state_changed
2026-05-05 15:10:12,790 INFO interview_app.transcription_queue transcription_job_queued
2026-05-05 15:10:12,791 INFO __main__ transcription_job_state_changed
2026-05-05 15:10:12,791 INFO interview_app.transcription_queue transcription_job_started
2026-05-05 15:10:12,792 INFO __main__ transcription_job_state_changed
2026-05-05 15:10:13,011 INFO interview_app.transcription_queue transcription_job_started
2026-05-05 15:10:13,012 WARNING interview_audio_recorder Audio file missing, skipping transcription: C:\Users\Dnord\Dropbox\David LPL work\Initial Teacher Interview Guide\interviews\Candidate_Zaira_Merino_2026-05-05_Q3_trait_trait_1_mic.wav
2026-05-05 15:10:13,107 INFO faster_whisper Processing audio with duration 01:46.494
2026-05-05 15:10:13,270 INFO faster_whisper VAD filter removed 00:15.728 of audio
2026-05-05 15:10:19,401 INFO interview_audio_recorder Transcribed Candidate_Zaira_Merino_2026-05-05_Q3_trait_trait_1_sys.wav for speaker=CANDIDATE in 6.39s (14 kept segments, min_start=0.00)
2026-05-05 15:10:19,402 INFO interview_audio_recorder Full transcription completed for base_name=Candidate_Zaira_Merino_2026-05-05_Q3_trait_trait_1 with 14 segments in 6.39s
2026-05-05 15:10:19,412 INFO interview_app.transcription_queue transcription_job_completed
2026-05-05 15:10:19,412 INFO interview_app.transcription_queue transcription_job_completed
2026-05-05 15:10:19,412 INFO __main__ transcription_job_state_changed
2026-05-05 15:11:33,881 INFO interview_app.transcription_queue transcription_job_queued
2026-05-05 15:11:33,881 INFO __main__ transcription_job_state_changed
2026-05-05 15:11:33,882 INFO interview_app.transcription_queue transcription_job_started
2026-05-05 15:11:33,882 INFO __main__ transcription_job_state_changed
2026-05-05 15:11:34,087 INFO interview_app.transcription_queue transcription_job_started
2026-05-05 15:11:34,089 WARNING interview_audio_recorder Audio file missing, skipping transcription: C:\Users\Dnord\Dropbox\David LPL work\Initial Teacher Interview Guide\interviews\Candidate_Zaira_Merino_2026-05-05_Q4_trait_trait_2_mic.wav
2026-05-05 15:11:34,180 INFO faster_whisper Processing audio with duration 01:13.726
2026-05-05 15:11:34,293 INFO faster_whisper VAD filter removed 00:17.152 of audio
2026-05-05 15:11:37,421 INFO interview_audio_recorder Transcribed Candidate_Zaira_Merino_2026-05-05_Q4_trait_trait_2_sys.wav for speaker=CANDIDATE in 3.33s (8 kept segments, min_start=0.00)
2026-05-05 15:11:37,422 INFO interview_audio_recorder Full transcription completed for base_name=Candidate_Zaira_Merino_2026-05-05_Q4_trait_trait_2 with 8 segments in 3.33s
2026-05-05 15:11:37,434 INFO interview_app.transcription_queue transcription_job_completed
2026-05-05 15:11:37,434 INFO interview_app.transcription_queue transcription_job_completed
2026-05-05 15:11:37,435 INFO __main__ transcription_job_state_changed
2026-05-05 15:13:22,807 INFO interview_app.transcription_queue transcription_job_queued
2026-05-05 15:13:22,807 INFO __main__ transcription_job_state_changed
2026-05-05 15:13:22,808 INFO interview_app.transcription_queue transcription_job_started
2026-05-05 15:13:22,808 INFO __main__ transcription_job_state_changed
2026-05-05 15:13:23,007 INFO interview_app.transcription_queue transcription_job_started
2026-05-05 15:13:23,008 WARNING interview_audio_recorder Audio file missing, skipping transcription: C:\Users\Dnord\Dropbox\David LPL work\Initial Teacher Interview Guide\interviews\Candidate_Zaira_Merino_2026-05-05_Q5_trait_trait_3_mic.wav
2026-05-05 15:13:23,112 INFO faster_whisper Processing audio with duration 01:46.494
2026-05-05 15:13:23,262 INFO faster_whisper VAD filter removed 00:50.462 of audio
2026-05-05 15:13:26,503 INFO interview_audio_recorder Transcribed Candidate_Zaira_Merino_2026-05-05_Q5_trait_trait_3_sys.wav for speaker=CANDIDATE in 3.49s (11 kept segments, min_start=0.00)
2026-05-05 15:13:26,505 INFO interview_audio_recorder Full transcription completed for base_name=Candidate_Zaira_Merino_2026-05-05_Q5_trait_trait_3 with 11 segments in 3.50s
2026-05-05 15:13:26,514 INFO interview_app.transcription_queue transcription_job_completed
2026-05-05 15:13:26,514 INFO interview_app.transcription_queue transcription_job_completed
2026-05-05 15:13:26,514 INFO __main__ transcription_job_state_changed
2026-05-05 15:14:50,896 INFO interview_app.transcription_queue transcription_job_queued
2026-05-05 15:14:50,897 INFO __main__ transcription_job_state_changed
2026-05-05 15:14:50,898 INFO interview_app.transcription_queue transcription_job_started
2026-05-05 15:14:50,899 INFO __main__ transcription_job_state_changed
2026-05-05 15:14:51,102 INFO interview_app.transcription_queue transcription_job_started
2026-05-05 15:14:51,103 WARNING interview_audio_recorder Audio file missing, skipping transcription: C:\Users\Dnord\Dropbox\David LPL work\Initial Teacher Interview Guide\interviews\Candidate_Zaira_Merino_2026-05-05_Q6_trait_trait_4_mic.wav
2026-05-05 15:14:51,199 INFO faster_whisper Processing audio with duration 01:21.918
2026-05-05 15:14:51,316 INFO faster_whisper VAD filter removed 00:28.432 of audio
2026-05-05 15:14:54,485 INFO interview_audio_recorder Transcribed Candidate_Zaira_Merino_2026-05-05_Q6_trait_trait_4_sys.wav for speaker=CANDIDATE in 3.38s (8 kept segments, min_start=0.00)
2026-05-05 15:14:54,485 INFO interview_audio_recorder Full transcription completed for base_name=Candidate_Zaira_Merino_2026-05-05_Q6_trait_trait_4 with 8 segments in 3.38s
2026-05-05 15:14:54,498 INFO interview_app.transcription_queue transcription_job_completed
2026-05-05 15:14:54,498 INFO interview_app.transcription_queue transcription_job_completed
2026-05-05 15:14:54,498 INFO __main__ transcription_job_state_changed
2026-05-05 15:16:49,573 INFO interview_app.transcription_queue transcription_job_queued
2026-05-05 15:16:49,574 INFO __main__ transcription_job_state_changed
2026-05-05 15:16:49,574 INFO interview_app.transcription_queue transcription_job_started
2026-05-05 15:16:49,574 INFO __main__ transcription_job_state_changed
2026-05-05 15:16:49,785 INFO interview_app.transcription_queue transcription_job_started
2026-05-05 15:16:49,787 WARNING interview_audio_recorder Audio file missing, skipping transcription: C:\Users\Dnord\Dropbox\David LPL work\Initial Teacher Interview Guide\interviews\Candidate_Zaira_Merino_2026-05-05_Q7_trait_trait_5_mic.wav
2026-05-05 15:16:49,889 INFO faster_whisper Processing audio with duration 01:54.686
2026-05-05 15:16:50,052 INFO faster_whisper VAD filter removed 00:32.112 of audio
2026-05-05 15:16:54,803 INFO interview_audio_recorder Transcribed Candidate_Zaira_Merino_2026-05-05_Q7_trait_trait_5_sys.wav for speaker=CANDIDATE in 5.02s (10 kept segments, min_start=0.00)
2026-05-05 15:16:54,804 INFO interview_audio_recorder Full transcription completed for base_name=Candidate_Zaira_Merino_2026-05-05_Q7_trait_trait_5 with 10 segments in 5.02s
2026-05-05 15:16:54,816 INFO interview_app.transcription_queue transcription_job_completed
2026-05-05 15:16:54,817 INFO interview_app.transcription_queue transcription_job_completed
2026-05-05 15:16:54,817 INFO __main__ transcription_job_state_changed
2026-05-05 15:18:02,245 INFO interview_app.transcription_queue transcription_job_queued
2026-05-05 15:18:02,246 INFO __main__ transcription_job_state_changed
2026-05-05 15:18:02,246 INFO interview_app.transcription_queue transcription_job_started
2026-05-05 15:18:02,247 INFO __main__ transcription_job_state_changed
2026-05-05 15:18:02,459 INFO interview_app.transcription_queue transcription_job_started
2026-05-05 15:18:02,461 WARNING interview_audio_recorder Audio file missing, skipping transcription: C:\Users\Dnord\Dropbox\David LPL work\Initial Teacher Interview Guide\interviews\Candidate_Zaira_Merino_2026-05-05_Q8_trait_trait_6_mic.wav
2026-05-05 15:18:02,555 INFO faster_whisper Processing audio with duration 01:05.534
2026-05-05 15:18:02,651 INFO faster_whisper VAD filter removed 00:18.256 of audio
2026-05-05 15:18:07,768 INFO interview_audio_recorder Transcribed Candidate_Zaira_Merino_2026-05-05_Q8_trait_trait_6_sys.wav for speaker=CANDIDATE in 5.31s (9 kept segments, min_start=0.00)
2026-05-05 15:18:07,769 INFO interview_audio_recorder Full transcription completed for base_name=Candidate_Zaira_Merino_2026-05-05_Q8_trait_trait_6 with 9 segments in 5.31s
2026-05-05 15:18:07,782 INFO interview_app.transcription_queue transcription_job_completed
2026-05-05 15:18:07,782 INFO interview_app.transcription_queue transcription_job_completed
2026-05-05 15:18:07,782 INFO __main__ transcription_job_state_changed
2026-05-05 15:19:04,742 INFO interview_app.transcription_queue transcription_job_queued
2026-05-05 15:19:04,742 INFO __main__ transcription_job_state_changed
2026-05-05 15:19:04,743 INFO interview_app.transcription_queue transcription_job_started
2026-05-05 15:19:04,744 INFO __main__ transcription_job_state_changed
2026-05-05 15:19:04,965 INFO interview_app.transcription_queue transcription_job_started
2026-05-05 15:19:04,966 WARNING interview_audio_recorder Audio file missing, skipping transcription: C:\Users\Dnord\Dropbox\David LPL work\Initial Teacher Interview Guide\interviews\Candidate_Zaira_Merino_2026-05-05_Q9_trait_trait_7_mic.wav
2026-05-05 15:19:05,056 INFO faster_whisper Processing audio with duration 00:57.342
2026-05-05 15:19:05,135 INFO faster_whisper VAD filter removed 00:24.048 of audio
2026-05-05 15:19:07,499 INFO interview_audio_recorder Transcribed Candidate_Zaira_Merino_2026-05-05_Q9_trait_trait_7_sys.wav for speaker=CANDIDATE in 2.53s (8 kept segments, min_start=0.00)
2026-05-05 15:19:07,499 INFO interview_audio_recorder Full transcription completed for base_name=Candidate_Zaira_Merino_2026-05-05_Q9_trait_trait_7 with 8 segments in 2.53s
2026-05-05 15:19:07,512 INFO interview_app.transcription_queue transcription_job_completed
2026-05-05 15:19:07,513 INFO interview_app.transcription_queue transcription_job_completed
2026-05-05 15:19:07,514 INFO __main__ transcription_job_state_changed
2026-05-05 15:19:20,907 INFO interview_app.transcription_queue transcription_job_queued
2026-05-05 15:19:20,907 INFO __main__ transcription_job_state_changed
2026-05-05 15:19:20,907 INFO interview_app.transcription_queue transcription_job_started
2026-05-05 15:19:20,907 INFO __main__ transcription_job_state_changed
2026-05-05 15:19:20,980 INFO interview_app.transcription_queue transcription_job_started
2026-05-05 15:19:20,981 WARNING interview_audio_recorder Audio file missing, skipping transcription: C:\Users\Dnord\Dropbox\David LPL work\Initial Teacher Interview Guide\interviews\Candidate_Zaira_Merino_2026-05-05_Q12_custom_FT_or_PT_mic.wav
2026-05-05 15:19:21,065 INFO faster_whisper Processing audio with duration 00:08.190
2026-05-05 15:19:21,075 INFO faster_whisper VAD filter removed 00:06.942 of audio
2026-05-05 15:19:21,457 INFO interview_audio_recorder Transcribed Candidate_Zaira_Merino_2026-05-05_Q12_custom_FT_or_PT_sys.wav for speaker=CANDIDATE in 0.47s (1 kept segments, min_start=0.00)
2026-05-05 15:19:21,458 INFO interview_audio_recorder Full transcription completed for base_name=Candidate_Zaira_Merino_2026-05-05_Q12_custom_FT_or_PT with 1 segments in 0.48s
2026-05-05 15:19:21,468 INFO interview_app.transcription_queue transcription_job_completed
2026-05-05 15:19:21,468 INFO interview_app.transcription_queue transcription_job_completed
2026-05-05 15:19:21,469 INFO __main__ transcription_job_state_changed
2026-05-05 15:19:50,567 INFO interview_app.transcription_queue transcription_job_queued
2026-05-05 15:19:50,568 INFO __main__ transcription_job_state_changed
2026-05-05 15:19:50,568 INFO interview_app.transcription_queue transcription_job_started
2026-05-05 15:19:50,569 INFO __main__ transcription_job_state_changed
2026-05-05 15:19:50,629 INFO interview_app.transcription_queue transcription_job_started
2026-05-05 15:19:50,630 WARNING interview_audio_recorder Audio file missing, skipping transcription: C:\Users\Dnord\Dropbox\David LPL work\Initial Teacher Interview Guide\interviews\Candidate_Zaira_Merino_2026-05-05_Q13_custom_Not_Avail_mic.wav
2026-05-05 15:19:50,722 INFO faster_whisper Processing audio with duration 00:24.574
2026-05-05 15:19:50,757 INFO faster_whisper VAD filter removed 00:04.240 of audio
2026-05-05 15:19:52,138 INFO interview_audio_recorder Transcribed Candidate_Zaira_Merino_2026-05-05_Q13_custom_Not_Avail_sys.wav for speaker=CANDIDATE in 1.51s (1 kept segments, min_start=0.00)
2026-05-05 15:19:52,138 INFO interview_audio_recorder Full transcription completed for base_name=Candidate_Zaira_Merino_2026-05-05_Q13_custom_Not_Avail with 1 segments in 1.51s
2026-05-05 15:19:52,150 INFO interview_app.transcription_queue transcription_job_completed
2026-05-05 15:19:52,150 INFO interview_app.transcription_queue transcription_job_completed
2026-05-05 15:19:52,150 INFO __main__ transcription_job_state_changed
2026-05-05 15:20:04,743 INFO interview_app.transcription_queue transcription_job_queued
2026-05-05 15:20:04,745 INFO __main__ transcription_job_state_changed
2026-05-05 15:20:04,745 INFO interview_app.transcription_queue transcription_job_started
2026-05-05 15:20:04,746 INFO __main__ transcription_job_state_changed
2026-05-05 15:20:04,823 INFO interview_app.transcription_queue transcription_job_started
2026-05-05 15:20:04,824 WARNING interview_audio_recorder Audio file missing, skipping transcription: C:\Users\Dnord\Dropbox\David LPL work\Initial Teacher Interview Guide\interviews\Candidate_Zaira_Merino_2026-05-05_Q14_custom_Pay_mic.wav
2026-05-05 15:20:04,902 INFO faster_whisper Processing audio with duration 00:08.190
2026-05-05 15:20:04,913 INFO faster_whisper VAD filter removed 00:00.000 of audio
2026-05-05 15:20:05,588 INFO interview_audio_recorder Transcribed Candidate_Zaira_Merino_2026-05-05_Q14_custom_Pay_sys.wav for speaker=CANDIDATE in 0.76s (1 kept segments, min_start=0.00)
2026-05-05 15:20:05,589 INFO interview_audio_recorder Full transcription completed for base_name=Candidate_Zaira_Merino_2026-05-05_Q14_custom_Pay with 1 segments in 0.76s
2026-05-05 15:20:05,600 INFO interview_app.transcription_queue transcription_job_completed
2026-05-05 15:20:05,601 INFO interview_app.transcription_queue transcription_job_completed
2026-05-05 15:20:05,602 INFO __main__ transcription_job_state_changed
2026-05-05 15:20:14,346 INFO interview_app.transcription_queue transcription_job_queued
2026-05-05 15:20:14,347 INFO __main__ transcription_job_state_changed
2026-05-05 15:20:14,347 INFO interview_app.transcription_queue transcription_job_started
2026-05-05 15:20:14,348 INFO __main__ transcription_job_state_changed
2026-05-05 15:20:14,380 INFO interview_app.transcription_queue transcription_job_started
2026-05-05 15:20:14,381 WARNING interview_audio_recorder Audio file missing, skipping transcription: C:\Users\Dnord\Dropbox\David LPL work\Initial Teacher Interview Guide\interviews\Candidate_Zaira_Merino_2026-05-05_Q15_custom_Start_mic.wav
2026-05-05 15:20:14,462 INFO faster_whisper Processing audio with duration 00:08.190
2026-05-05 15:20:14,474 INFO faster_whisper VAD filter removed 00:06.782 of audio
2026-05-05 15:20:14,893 INFO interview_audio_recorder Transcribed Candidate_Zaira_Merino_2026-05-05_Q15_custom_Start_sys.wav for speaker=CANDIDATE in 0.51s (1 kept segments, min_start=0.00)
2026-05-05 15:20:14,893 INFO interview_audio_recorder Full transcription completed for base_name=Candidate_Zaira_Merino_2026-05-05_Q15_custom_Start with 1 segments in 0.51s
2026-05-05 15:20:14,906 INFO interview_app.transcription_queue transcription_job_completed
2026-05-05 15:20:14,907 INFO interview_app.transcription_queue transcription_job_completed
2026-05-05 15:20:14,908 INFO __main__ transcription_job_state_changed
2026-05-05 15:34:37,619 INFO interview_app.transcription_queue transcription_job_queued
2026-05-05 15:34:37,620 INFO __main__ transcription_job_state_changed
2026-05-05 15:34:37,622 INFO interview_app.transcription_queue transcription_job_started
2026-05-05 15:34:37,622 INFO __main__ transcription_job_state_changed
2026-05-05 15:34:37,756 INFO interview_app.transcription_queue transcription_job_started
2026-05-05 15:34:37,757 WARNING interview_audio_recorder Audio file missing, skipping transcription: C:\Users\Dnord\Dropbox\David LPL work\Initial Teacher Interview Guide\interviews\Candidate_Elisabeth_Propst_2026-05-05_Q1_custom_Why_ECE_mic.wav
2026-05-05 15:34:37,869 INFO faster_whisper Processing audio with duration 01:21.918
2026-05-05 15:34:37,974 INFO faster_whisper VAD filter removed 00:07.152 of audio
2026-05-05 15:34:42,935 INFO interview_audio_recorder Transcribed Candidate_Elisabeth_Propst_2026-05-05_Q1_custom_Why_ECE_sys.wav for speaker=CANDIDATE in 5.18s (11 kept segments, min_start=0.00)
2026-05-05 15:34:42,935 INFO interview_audio_recorder Full transcription completed for base_name=Candidate_Elisabeth_Propst_2026-05-05_Q1_custom_Why_ECE with 11 segments in 5.18s
2026-05-05 15:34:42,952 INFO interview_app.transcription_queue transcription_job_completed
2026-05-05 15:34:42,952 INFO interview_app.transcription_queue transcription_job_completed
2026-05-05 15:34:42,953 INFO __main__ transcription_job_state_changed
2026-05-05 15:35:10,089 INFO interview_app.transcription_queue transcription_job_queued
2026-05-05 15:35:10,090 INFO __main__ transcription_job_state_changed
2026-05-05 15:35:10,090 INFO interview_app.transcription_queue transcription_job_started
2026-05-05 15:35:10,090 INFO __main__ transcription_job_state_changed
2026-05-05 15:35:10,222 INFO interview_app.transcription_queue transcription_job_started
2026-05-05 15:35:10,225 WARNING interview_audio_recorder Audio file missing, skipping transcription: C:\Users\Dnord\Dropbox\David LPL work\Initial Teacher Interview Guide\interviews\Candidate_Elisabeth_Propst_2026-05-05_Q2_custom_Why_LPL_mic.wav
2026-05-05 15:35:10,307 INFO faster_whisper Processing audio with duration 00:24.574
2026-05-05 15:35:10,339 INFO faster_whisper VAD filter removed 00:05.072 of audio
2026-05-05 15:35:11,574 INFO interview_audio_recorder Transcribed Candidate_Elisabeth_Propst_2026-05-05_Q2_custom_Why_LPL_sys.wav for speaker=CANDIDATE in 1.35s (1 kept segments, min_start=0.00)
2026-05-05 15:35:11,575 INFO interview_audio_recorder Full transcription completed for base_name=Candidate_Elisabeth_Propst_2026-05-05_Q2_custom_Why_LPL with 1 segments in 1.35s
2026-05-05 15:35:11,589 INFO interview_app.transcription_queue transcription_job_completed
2026-05-05 15:35:11,589 INFO interview_app.transcription_queue transcription_job_completed
2026-05-05 15:35:11,589 INFO __main__ transcription_job_state_changed
2026-05-05 15:37:06,180 INFO interview_app.transcription_queue transcription_job_queued
2026-05-05 15:37:06,180 INFO __main__ transcription_job_state_changed
2026-05-05 15:37:06,182 INFO interview_app.transcription_queue transcription_job_started
2026-05-05 15:37:06,183 INFO __main__ transcription_job_state_changed
2026-05-05 15:37:06,412 INFO interview_app.transcription_queue transcription_job_started
2026-05-05 15:37:06,414 WARNING interview_audio_recorder Audio file missing, skipping transcription: C:\Users\Dnord\Dropbox\David LPL work\Initial Teacher Interview Guide\interviews\Candidate_Elisabeth_Propst_2026-05-05_Q3_trait_trait_1_mic.wav
2026-05-05 15:37:06,515 INFO faster_whisper Processing audio with duration 01:54.686
2026-05-05 15:37:06,672 INFO faster_whisper VAD filter removed 00:10.224 of audio
2026-05-05 15:37:16,288 INFO interview_audio_recorder Transcribed Candidate_Elisabeth_Propst_2026-05-05_Q3_trait_trait_1_sys.wav for speaker=CANDIDATE in 9.87s (21 kept segments, min_start=0.00)
2026-05-05 15:37:16,289 INFO interview_audio_recorder Full transcription completed for base_name=Candidate_Elisabeth_Propst_2026-05-05_Q3_trait_trait_1 with 21 segments in 9.88s
2026-05-05 15:37:16,301 INFO interview_app.transcription_queue transcription_job_completed
2026-05-05 15:37:16,301 INFO interview_app.transcription_queue transcription_job_completed
2026-05-05 15:37:16,301 INFO __main__ transcription_job_state_changed
2026-05-05 15:38:51,458 INFO interview_app.transcription_queue transcription_job_queued
2026-05-05 15:38:51,459 INFO __main__ transcription_job_state_changed
2026-05-05 15:38:51,460 INFO interview_app.transcription_queue transcription_job_started
2026-05-05 15:38:51,460 INFO __main__ transcription_job_state_changed
2026-05-05 15:38:51,667 INFO interview_app.transcription_queue transcription_job_started
2026-05-05 15:38:51,668 WARNING interview_audio_recorder Audio file missing, skipping transcription: C:\Users\Dnord\Dropbox\David LPL work\Initial Teacher Interview Guide\interviews\Candidate_Elisabeth_Propst_2026-05-05_Q4_trait_trait_2_mic.wav
2026-05-05 15:38:51,766 INFO faster_whisper Processing audio with duration 01:38.302
2026-05-05 15:38:51,899 INFO faster_whisper VAD filter removed 00:14.192 of audio
2026-05-05 15:38:57,969 INFO interview_audio_recorder Transcribed Candidate_Elisabeth_Propst_2026-05-05_Q4_trait_trait_2_sys.wav for speaker=CANDIDATE in 6.30s (16 kept segments, min_start=0.00)
2026-05-05 15:38:57,970 INFO interview_audio_recorder Full transcription completed for base_name=Candidate_Elisabeth_Propst_2026-05-05_Q4_trait_trait_2 with 16 segments in 6.30s
2026-05-05 15:38:57,988 INFO interview_app.transcription_queue transcription_job_completed
2026-05-05 15:38:57,989 INFO interview_app.transcription_queue transcription_job_completed
2026-05-05 15:38:57,989 INFO __main__ transcription_job_state_changed
2026-05-05 15:40:39,854 INFO interview_app.transcription_queue transcription_job_queued
2026-05-05 15:40:39,856 INFO __main__ transcription_job_state_changed
2026-05-05 15:40:39,856 INFO interview_app.transcription_queue transcription_job_started
2026-05-05 15:40:39,858 INFO __main__ transcription_job_state_changed
2026-05-05 15:40:40,056 INFO interview_app.transcription_queue transcription_job_started
2026-05-05 15:40:40,058 WARNING interview_audio_recorder Audio file missing, skipping transcription: C:\Users\Dnord\Dropbox\David LPL work\Initial Teacher Interview Guide\interviews\Candidate_Elisabeth_Propst_2026-05-05_Q5_trait_trait_3_mic.wav
2026-05-05 15:40:40,154 INFO faster_whisper Processing audio with duration 01:46.494
2026-05-05 15:40:40,297 INFO faster_whisper VAD filter removed 00:16.784 of audio
2026-05-05 15:40:47,977 INFO interview_audio_recorder Transcribed Candidate_Elisabeth_Propst_2026-05-05_Q5_trait_trait_3_sys.wav for speaker=CANDIDATE in 7.92s (16 kept segments, min_start=0.00)
2026-05-05 15:40:47,977 INFO interview_audio_recorder Full transcription completed for base_name=Candidate_Elisabeth_Propst_2026-05-05_Q5_trait_trait_3 with 16 segments in 7.92s
2026-05-05 15:40:47,988 INFO interview_app.transcription_queue transcription_job_completed
2026-05-05 15:40:47,989 INFO interview_app.transcription_queue transcription_job_completed
2026-05-05 15:40:47,990 INFO __main__ transcription_job_state_changed
2026-05-05 15:42:11,402 INFO interview_app.transcription_queue transcription_job_queued
2026-05-05 15:42:11,402 INFO __main__ transcription_job_state_changed
2026-05-05 15:42:11,403 INFO interview_app.transcription_queue transcription_job_started
2026-05-05 15:42:11,404 INFO __main__ transcription_job_state_changed
2026-05-05 15:42:11,616 INFO interview_app.transcription_queue transcription_job_started
2026-05-05 15:42:11,618 WARNING interview_audio_recorder Audio file missing, skipping transcription: C:\Users\Dnord\Dropbox\David LPL work\Initial Teacher Interview Guide\interviews\Candidate_Elisabeth_Propst_2026-05-05_Q6_trait_trait_4_mic.wav
2026-05-05 15:42:11,721 INFO faster_whisper Processing audio with duration 01:30.110
2026-05-05 15:42:11,854 INFO faster_whisper VAD filter removed 00:31.888 of audio
2026-05-05 15:42:15,967 INFO interview_audio_recorder Transcribed Candidate_Elisabeth_Propst_2026-05-05_Q6_trait_trait_4_sys.wav for speaker=CANDIDATE in 4.35s (10 kept segments, min_start=0.00)
2026-05-05 15:42:15,967 INFO interview_audio_recorder Full transcription completed for base_name=Candidate_Elisabeth_Propst_2026-05-05_Q6_trait_trait_4 with 10 segments in 4.35s
2026-05-05 15:42:15,980 INFO interview_app.transcription_queue transcription_job_completed
2026-05-05 15:42:15,980 INFO interview_app.transcription_queue transcription_job_completed
2026-05-05 15:42:15,981 INFO __main__ transcription_job_state_changed
2026-05-05 15:43:32,546 INFO interview_app.transcription_queue transcription_job_queued
2026-05-05 15:43:32,547 INFO __main__ transcription_job_state_changed
2026-05-05 15:43:32,549 INFO interview_app.transcription_queue transcription_job_started
2026-05-05 15:43:32,549 INFO __main__ transcription_job_state_changed
2026-05-05 15:43:32,832 INFO interview_app.transcription_queue transcription_job_started
2026-05-05 15:43:32,834 WARNING interview_audio_recorder Audio file missing, skipping transcription: C:\Users\Dnord\Dropbox\David LPL work\Initial Teacher Interview Guide\interviews\Candidate_Elisabeth_Propst_2026-05-05_Q7_trait_trait_5_mic.wav
2026-05-05 15:43:32,932 INFO faster_whisper Processing audio with duration 01:13.726
2026-05-05 15:43:33,035 INFO faster_whisper VAD filter removed 00:10.944 of audio
2026-05-05 15:43:38,904 INFO interview_audio_recorder Transcribed Candidate_Elisabeth_Propst_2026-05-05_Q7_trait_trait_5_sys.wav for speaker=CANDIDATE in 6.07s (11 kept segments, min_start=0.00)
2026-05-05 15:43:38,905 INFO interview_audio_recorder Full transcription completed for base_name=Candidate_Elisabeth_Propst_2026-05-05_Q7_trait_trait_5 with 11 segments in 6.07s
2026-05-05 15:43:38,918 INFO interview_app.transcription_queue transcription_job_completed
2026-05-05 15:43:38,918 INFO interview_app.transcription_queue transcription_job_completed
2026-05-05 15:43:38,919 INFO __main__ transcription_job_state_changed
2026-05-05 15:44:27,974 INFO interview_app.transcription_queue transcription_job_queued
2026-05-05 15:44:27,974 INFO __main__ transcription_job_state_changed
2026-05-05 15:44:27,976 INFO interview_app.transcription_queue transcription_job_started
2026-05-05 15:44:27,977 INFO __main__ transcription_job_state_changed
2026-05-05 15:44:28,204 INFO interview_app.transcription_queue transcription_job_started
2026-05-05 15:44:28,205 WARNING interview_audio_recorder Audio file missing, skipping transcription: C:\Users\Dnord\Dropbox\David LPL work\Initial Teacher Interview Guide\interviews\Candidate_Elisabeth_Propst_2026-05-05_Q9_trait_trait_7_mic.wav
2026-05-05 15:44:28,294 INFO faster_whisper Processing audio with duration 00:49.150
2026-05-05 15:44:28,361 INFO faster_whisper VAD filter removed 00:08.336 of audio
2026-05-05 15:44:32,021 INFO interview_audio_recorder Transcribed Candidate_Elisabeth_Propst_2026-05-05_Q9_trait_trait_7_sys.wav for speaker=CANDIDATE in 3.81s (3 kept segments, min_start=0.00)
2026-05-05 15:44:32,022 INFO interview_audio_recorder Full transcription completed for base_name=Candidate_Elisabeth_Propst_2026-05-05_Q9_trait_trait_7 with 3 segments in 3.82s
2026-05-05 15:44:32,037 INFO interview_app.transcription_queue transcription_job_completed
2026-05-05 15:44:32,037 INFO interview_app.transcription_queue transcription_job_completed
2026-05-05 15:44:32,037 INFO __main__ transcription_job_state_changed
2026-05-05 15:44:37,360 INFO interview_app.transcription_queue transcription_job_queued
2026-05-05 15:44:37,361 INFO __main__ transcription_job_state_changed
2026-05-05 15:44:37,362 INFO interview_app.transcription_queue transcription_job_started
2026-05-05 15:44:37,362 INFO __main__ transcription_job_state_changed
2026-05-05 15:44:37,431 INFO interview_app.transcription_queue transcription_job_started
2026-05-05 15:44:37,438 ERROR interview_audio_recorder stop_and_transcribe_failed
Traceback (most recent call last):
  File "C:\Users\Dnord\Dropbox\David LPL work\Initial Teacher Interview Guide\src\interview_audio_recorder.py", line 264, in stop_and_transcribe
    _ensure_at_least_one_audio_track({"mic": self.mic_wav, "system": self.sys_wav})
  File "C:\Users\Dnord\Dropbox\David LPL work\Initial Teacher Interview Guide\src\interview_audio_recorder.py", line 680, in _ensure_at_least_one_audio_track
    raise RuntimeError(f"No transcribable audio tracks were found: {details}")
RuntimeError: No transcribable audio tracks were found: mic audio file is missing: C:\Users\Dnord\Dropbox\David LPL work\Initial Teacher Interview Guide\interviews\Candidate_Elisabeth_Propst_2026-05-05_Q12_custom_FT_or_PT_mic.wav; system audio file is empty: C:\Users\Dnord\Dropbox\David LPL work\Initial Teacher Interview Guide\interviews\Candidate_Elisabeth_Propst_2026-05-05_Q12_custom_FT_or_PT_sys.wav
2026-05-05 15:44:37,439 INFO interview_app.transcription_queue transcription_job_failed
2026-05-05 15:44:37,440 INFO interview_app.transcription_queue transcription_job_failed
2026-05-05 15:44:37,440 INFO __main__ transcription_job_state_changed
2026-05-05 15:44:56,484 INFO interview_app.transcription_queue transcription_job_queued
2026-05-05 15:44:56,484 INFO __main__ transcription_job_state_changed
2026-05-05 15:44:56,485 INFO interview_app.transcription_queue transcription_job_started
2026-05-05 15:44:56,486 INFO __main__ transcription_job_state_changed
2026-05-05 15:44:56,554 INFO interview_app.transcription_queue transcription_job_started
2026-05-05 15:44:56,557 WARNING interview_audio_recorder Audio file missing, skipping transcription: C:\Users\Dnord\Dropbox\David LPL work\Initial Teacher Interview Guide\interviews\Candidate_Elisabeth_Propst_2026-05-05_Q13_custom_Not_Avail_mic.wav
2026-05-05 15:44:56,639 INFO faster_whisper Processing audio with duration 00:16.382
2026-05-05 15:44:56,662 INFO faster_whisper VAD filter removed 00:09.456 of audio
2026-05-05 15:44:57,360 INFO interview_audio_recorder Transcribed Candidate_Elisabeth_Propst_2026-05-05_Q13_custom_Not_Avail_sys.wav for speaker=CANDIDATE in 0.80s (1 kept segments, min_start=0.00)
2026-05-05 15:44:57,360 INFO interview_audio_recorder Full transcription completed for base_name=Candidate_Elisabeth_Propst_2026-05-05_Q13_custom_Not_Avail with 1 segments in 0.80s
2026-05-05 15:44:57,372 INFO interview_app.transcription_queue transcription_job_completed
2026-05-05 15:44:57,373 INFO interview_app.transcription_queue transcription_job_completed
2026-05-05 15:44:57,373 INFO __main__ transcription_job_state_changed
2026-05-05 15:44:59,832 INFO interview_app.transcription_queue transcription_job_queued
2026-05-05 15:44:59,833 INFO __main__ transcription_job_state_changed
2026-05-05 15:44:59,833 INFO interview_app.transcription_queue transcription_job_started
2026-05-05 15:44:59,834 INFO __main__ transcription_job_state_changed
2026-05-05 15:44:59,908 INFO interview_app.transcription_queue transcription_job_started
2026-05-05 15:44:59,913 ERROR interview_audio_recorder stop_and_transcribe_failed
Traceback (most recent call last):
  File "C:\Users\Dnord\Dropbox\David LPL work\Initial Teacher Interview Guide\src\interview_audio_recorder.py", line 264, in stop_and_transcribe
    _ensure_at_least_one_audio_track({"mic": self.mic_wav, "system": self.sys_wav})
  File "C:\Users\Dnord\Dropbox\David LPL work\Initial Teacher Interview Guide\src\interview_audio_recorder.py", line 680, in _ensure_at_least_one_audio_track
    raise RuntimeError(f"No transcribable audio tracks were found: {details}")
RuntimeError: No transcribable audio tracks were found: mic audio file is missing: C:\Users\Dnord\Dropbox\David LPL work\Initial Teacher Interview Guide\interviews\Candidate_Elisabeth_Propst_2026-05-05_Q12_custom_FT_or_PT_mic.wav; system audio file is empty: C:\Users\Dnord\Dropbox\David LPL work\Initial Teacher Interview Guide\interviews\Candidate_Elisabeth_Propst_2026-05-05_Q12_custom_FT_or_PT_sys.wav
2026-05-05 15:44:59,915 INFO interview_app.transcription_queue transcription_job_failed
2026-05-05 15:44:59,915 INFO interview_app.transcription_queue transcription_job_failed
2026-05-05 15:44:59,916 INFO __main__ transcription_job_state_changed
2026-05-05 15:45:03,674 INFO interview_app.transcription_queue transcription_job_queued
2026-05-05 15:45:03,674 INFO __main__ transcription_job_state_changed
2026-05-05 15:45:03,675 INFO interview_app.transcription_queue transcription_job_started
2026-05-05 15:45:03,676 INFO __main__ transcription_job_state_changed
2026-05-05 15:45:03,742 INFO interview_app.transcription_queue transcription_job_started
2026-05-05 15:45:03,747 ERROR interview_audio_recorder stop_and_transcribe_failed
Traceback (most recent call last):
  File "C:\Users\Dnord\Dropbox\David LPL work\Initial Teacher Interview Guide\src\interview_audio_recorder.py", line 264, in stop_and_transcribe
    _ensure_at_least_one_audio_track({"mic": self.mic_wav, "system": self.sys_wav})
  File "C:\Users\Dnord\Dropbox\David LPL work\Initial Teacher Interview Guide\src\interview_audio_recorder.py", line 680, in _ensure_at_least_one_audio_track
    raise RuntimeError(f"No transcribable audio tracks were found: {details}")
RuntimeError: No transcribable audio tracks were found: mic audio file is missing: C:\Users\Dnord\Dropbox\David LPL work\Initial Teacher Interview Guide\interviews\Candidate_Elisabeth_Propst_2026-05-05_Q13_custom_Not_Avail_mic.wav; system audio file is empty: C:\Users\Dnord\Dropbox\David LPL work\Initial Teacher Interview Guide\interviews\Candidate_Elisabeth_Propst_2026-05-05_Q13_custom_Not_Avail_sys.wav
2026-05-05 15:45:03,749 INFO interview_app.transcription_queue transcription_job_failed
2026-05-05 15:45:03,749 INFO interview_app.transcription_queue transcription_job_failed
2026-05-05 15:45:03,749 INFO __main__ transcription_job_state_changed
2026-05-05 15:45:20,924 INFO interview_app.transcription_queue transcription_job_queued
2026-05-05 15:45:20,924 INFO __main__ transcription_job_state_changed
2026-05-05 15:45:20,925 INFO interview_app.transcription_queue transcription_job_started
2026-05-05 15:45:20,925 INFO __main__ transcription_job_state_changed
2026-05-05 15:45:20,987 INFO interview_app.transcription_queue transcription_job_started
2026-05-05 15:45:20,988 WARNING interview_audio_recorder Audio file missing, skipping transcription: C:\Users\Dnord\Dropbox\David LPL work\Initial Teacher Interview Guide\interviews\Candidate_Elisabeth_Propst_2026-05-05_Q14_custom_Pay_mic.wav
2026-05-05 15:45:21,071 INFO faster_whisper Processing audio with duration 00:16.382
2026-05-05 15:45:21,092 INFO faster_whisper VAD filter removed 00:09.662 of audio
2026-05-05 15:45:21,893 INFO interview_audio_recorder Transcribed Candidate_Elisabeth_Propst_2026-05-05_Q14_custom_Pay_sys.wav for speaker=CANDIDATE in 0.90s (2 kept segments, min_start=0.00)
2026-05-05 15:45:21,894 INFO interview_audio_recorder Full transcription completed for base_name=Candidate_Elisabeth_Propst_2026-05-05_Q14_custom_Pay with 2 segments in 0.91s
2026-05-05 15:45:21,907 INFO interview_app.transcription_queue transcription_job_completed
2026-05-05 15:45:21,907 INFO interview_app.transcription_queue transcription_job_completed
2026-05-05 15:45:21,908 INFO __main__ transcription_job_state_changed
2026-05-05 15:45:27,955 INFO interview_app.transcription_queue transcription_job_queued
2026-05-05 15:45:27,957 INFO __main__ transcription_job_state_changed
2026-05-05 15:45:27,957 INFO interview_app.transcription_queue transcription_job_started
2026-05-05 15:45:27,958 INFO __main__ transcription_job_state_changed
2026-05-05 15:45:27,987 WARNING __main__ transcription_health_failed
2026-05-05 15:45:27,991 INFO interview_app.transcription_queue transcription_job_started
2026-05-05 15:45:27,994 ERROR interview_audio_recorder stop_and_transcribe_failed
Traceback (most recent call last):
  File "C:\Users\Dnord\Dropbox\David LPL work\Initial Teacher Interview Guide\src\interview_audio_recorder.py", line 264, in stop_and_transcribe
    _ensure_at_least_one_audio_track({"mic": self.mic_wav, "system": self.sys_wav})
  File "C:\Users\Dnord\Dropbox\David LPL work\Initial Teacher Interview Guide\src\interview_audio_recorder.py", line 680, in _ensure_at_least_one_audio_track
    raise RuntimeError(f"No transcribable audio tracks were found: {details}")
RuntimeError: No transcribable audio tracks were found: mic audio file is missing: C:\Users\Dnord\Dropbox\David LPL work\Initial Teacher Interview Guide\interviews\Candidate_Elisabeth_Propst_2026-05-05_Q15_custom_Start_mic.wav; system audio file is empty: C:\Users\Dnord\Dropbox\David LPL work\Initial Teacher Interview Guide\interviews\Candidate_Elisabeth_Propst_2026-05-05_Q15_custom_Start_sys.wav
2026-05-05 15:45:27,997 INFO interview_app.transcription_queue transcription_job_failed
2026-05-05 15:45:27,999 INFO interview_app.transcription_queue transcription_job_failed
2026-05-05 15:45:27,999 INFO __main__ transcription_job_state_changed
2026-05-05 16:27:01,674 INFO runtime_wrapper runtime_wrapper_exit
2026-05-06 08:56:52,779 INFO runtime_wrapper runtime_wrapper_start
2026-05-06 08:56:52,960 INFO app_logging app_logging_initialized
2026-05-06 09:34:44,802 INFO interview_app.transcription_queue transcription_job_queued
2026-05-06 09:34:44,803 INFO __main__ transcription_job_state_changed
2026-05-06 09:34:44,805 INFO interview_app.transcription_queue transcription_job_started
2026-05-06 09:34:44,806 INFO __main__ transcription_job_state_changed
2026-05-06 09:34:44,943 INFO interview_app.transcription_queue transcription_job_started
2026-05-06 09:34:47,869 INFO httpx HTTP Request: GET https://huggingface.co/api/models/Systran/faster-whisper-large-v3/revision/main "HTTP/1.1 200 OK"
2026-05-06 09:34:51,630 INFO interview_audio_recorder Initialized Whisper model cache for model=large-v3 device=cuda compute_type=float16 in 4.33s
2026-05-06 09:34:51,632 WARNING interview_audio_recorder Audio file missing, skipping transcription: C:\Users\Dnord\Dropbox\David LPL work\Initial Teacher Interview Guide\interviews\Candidate_Ramatu_Waller_McClammy_2026-05-06_Q1_custom_Why_ECE_mic.wav
2026-05-06 09:34:51,714 INFO faster_whisper Processing audio with duration 01:13.726
2026-05-06 09:34:51,886 INFO faster_whisper VAD filter removed 00:12.656 of audio
2026-05-06 09:34:56,120 INFO interview_audio_recorder Transcribed Candidate_Ramatu_Waller_McClammy_2026-05-06_Q1_custom_Why_ECE_sys.wav for speaker=CANDIDATE in 4.49s (5 kept segments, min_start=0.00)
2026-05-06 09:34:56,121 INFO interview_audio_recorder Full transcription completed for base_name=Candidate_Ramatu_Waller_McClammy_2026-05-06_Q1_custom_Why_ECE with 5 segments in 11.18s
2026-05-06 09:34:56,131 INFO interview_app.transcription_queue transcription_job_completed
2026-05-06 09:34:56,132 INFO interview_app.transcription_queue transcription_job_completed
2026-05-06 09:34:56,133 INFO __main__ transcription_job_state_changed
2026-05-06 09:35:21,541 INFO interview_app.transcription_queue transcription_job_queued
2026-05-06 09:35:21,542 INFO __main__ transcription_job_state_changed
2026-05-06 09:35:21,544 INFO interview_app.transcription_queue transcription_job_started
2026-05-06 09:35:21,544 INFO __main__ transcription_job_state_changed
2026-05-06 09:35:21,700 INFO interview_app.transcription_queue transcription_job_started
2026-05-06 09:35:21,701 WARNING interview_audio_recorder Audio file missing, skipping transcription: C:\Users\Dnord\Dropbox\David LPL work\Initial Teacher Interview Guide\interviews\Candidate_Ramatu_Waller_McClammy_2026-05-06_Q2_custom_Why_LPL_mic.wav
2026-05-06 09:35:21,784 INFO faster_whisper Processing audio with duration 00:32.766
2026-05-06 09:35:21,829 INFO faster_whisper VAD filter removed 00:03.568 of audio
2026-05-06 09:35:23,800 INFO interview_audio_recorder Transcribed Candidate_Ramatu_Waller_McClammy_2026-05-06_Q2_custom_Why_LPL_sys.wav for speaker=CANDIDATE in 2.10s (4 kept segments, min_start=0.00)
2026-05-06 09:35:23,802 INFO interview_audio_recorder Full transcription completed for base_name=Candidate_Ramatu_Waller_McClammy_2026-05-06_Q2_custom_Why_LPL with 4 segments in 2.10s
2026-05-06 09:35:23,816 INFO interview_app.transcription_queue transcription_job_completed
2026-05-06 09:35:23,816 INFO interview_app.transcription_queue transcription_job_completed
2026-05-06 09:35:23,817 INFO __main__ transcription_job_state_changed
2026-05-06 09:36:12,784 INFO interview_app.transcription_queue transcription_job_queued
2026-05-06 09:36:12,785 INFO __main__ transcription_job_state_changed
2026-05-06 09:36:12,785 INFO interview_app.transcription_queue transcription_job_started
2026-05-06 09:36:12,786 INFO __main__ transcription_job_state_changed
2026-05-06 09:36:13,031 INFO interview_app.transcription_queue transcription_job_started
2026-05-06 09:36:13,033 WARNING interview_audio_recorder Audio file missing, skipping transcription: C:\Users\Dnord\Dropbox\David LPL work\Initial Teacher Interview Guide\interviews\Candidate_Ramatu_Waller_McClammy_2026-05-06_Q3_trait_trait_1_mic.wav
2026-05-06 09:36:13,120 INFO faster_whisper Processing audio with duration 00:49.150
2026-05-06 09:36:13,189 INFO faster_whisper VAD filter removed 00:15.870 of audio
2026-05-06 09:36:15,718 INFO interview_audio_recorder Transcribed Candidate_Ramatu_Waller_McClammy_2026-05-06_Q3_trait_trait_1_sys.wav for speaker=CANDIDATE in 2.68s (2 kept segments, min_start=0.00)
2026-05-06 09:36:15,718 INFO interview_audio_recorder Full transcription completed for base_name=Candidate_Ramatu_Waller_McClammy_2026-05-06_Q3_trait_trait_1 with 2 segments in 2.69s
2026-05-06 09:36:15,732 INFO interview_app.transcription_queue transcription_job_completed
2026-05-06 09:36:15,733 INFO interview_app.transcription_queue transcription_job_completed
2026-05-06 09:36:15,733 INFO __main__ transcription_job_state_changed
2026-05-06 09:36:57,714 INFO interview_app.transcription_queue transcription_job_queued
2026-05-06 09:36:57,714 INFO __main__ transcription_job_state_changed
2026-05-06 09:36:57,714 INFO interview_app.transcription_queue transcription_job_started
2026-05-06 09:36:57,716 INFO __main__ transcription_job_state_changed
2026-05-06 09:36:57,977 INFO interview_app.transcription_queue transcription_job_started
2026-05-06 09:36:57,979 WARNING interview_audio_recorder Audio file missing, skipping transcription: C:\Users\Dnord\Dropbox\David LPL work\Initial Teacher Interview Guide\interviews\Candidate_Ramatu_Waller_McClammy_2026-05-06_Q4_trait_trait_2_mic.wav
2026-05-06 09:36:58,067 INFO faster_whisper Processing audio with duration 00:40.958
2026-05-06 09:36:58,124 INFO faster_whisper VAD filter removed 00:03.856 of audio
2026-05-06 09:37:00,594 INFO interview_audio_recorder Transcribed Candidate_Ramatu_Waller_McClammy_2026-05-06_Q4_trait_trait_2_sys.wav for speaker=CANDIDATE in 2.62s (2 kept segments, min_start=0.00)
2026-05-06 09:37:00,595 INFO interview_audio_recorder Full transcription completed for base_name=Candidate_Ramatu_Waller_McClammy_2026-05-06_Q4_trait_trait_2 with 2 segments in 2.62s
2026-05-06 09:37:00,608 INFO interview_app.transcription_queue transcription_job_completed
2026-05-06 09:37:00,609 INFO interview_app.transcription_queue transcription_job_completed
2026-05-06 09:37:00,609 INFO __main__ transcription_job_state_changed
2026-05-06 09:38:31,563 INFO interview_app.transcription_queue transcription_job_queued
2026-05-06 09:38:31,563 INFO __main__ transcription_job_state_changed
2026-05-06 09:38:31,564 INFO interview_app.transcription_queue transcription_job_started
2026-05-06 09:38:31,564 INFO __main__ transcription_job_state_changed
2026-05-06 09:38:31,798 INFO interview_app.transcription_queue transcription_job_started
2026-05-06 09:38:31,800 WARNING interview_audio_recorder Audio file missing, skipping transcription: C:\Users\Dnord\Dropbox\David LPL work\Initial Teacher Interview Guide\interviews\Candidate_Ramatu_Waller_McClammy_2026-05-06_Q5_trait_trait_3_mic.wav
2026-05-06 09:38:31,893 INFO faster_whisper Processing audio with duration 01:30.110
2026-05-06 09:38:32,028 INFO faster_whisper VAD filter removed 00:25.072 of audio
2026-05-06 09:38:36,108 INFO interview_audio_recorder Transcribed Candidate_Ramatu_Waller_McClammy_2026-05-06_Q5_trait_trait_3_sys.wav for speaker=CANDIDATE in 4.31s (6 kept segments, min_start=0.00)
2026-05-06 09:38:36,109 INFO interview_audio_recorder Full transcription completed for base_name=Candidate_Ramatu_Waller_McClammy_2026-05-06_Q5_trait_trait_3 with 6 segments in 4.31s
2026-05-06 09:38:36,122 INFO interview_app.transcription_queue transcription_job_completed
2026-05-06 09:38:36,122 INFO interview_app.transcription_queue transcription_job_completed
2026-05-06 09:38:36,122 INFO __main__ transcription_job_state_changed
2026-05-06 09:39:19,533 INFO interview_app.transcription_queue transcription_job_queued
2026-05-06 09:39:19,535 INFO __main__ transcription_job_state_changed
2026-05-06 09:39:19,535 INFO interview_app.transcription_queue transcription_job_started
2026-05-06 09:39:19,536 INFO __main__ transcription_job_state_changed
2026-05-06 09:39:19,758 INFO interview_app.transcription_queue transcription_job_started
2026-05-06 09:39:19,759 WARNING interview_audio_recorder Audio file missing, skipping transcription: C:\Users\Dnord\Dropbox\David LPL work\Initial Teacher Interview Guide\interviews\Candidate_Ramatu_Waller_McClammy_2026-05-06_Q6_trait_trait_4_mic.wav
2026-05-06 09:39:19,847 INFO faster_whisper Processing audio with duration 00:40.958
2026-05-06 09:39:19,903 INFO faster_whisper VAD filter removed 00:08.848 of audio
2026-05-06 09:39:22,265 INFO interview_audio_recorder Transcribed Candidate_Ramatu_Waller_McClammy_2026-05-06_Q6_trait_trait_4_sys.wav for speaker=CANDIDATE in 2.51s (2 kept segments, min_start=0.00)
2026-05-06 09:39:22,267 INFO interview_audio_recorder Full transcription completed for base_name=Candidate_Ramatu_Waller_McClammy_2026-05-06_Q6_trait_trait_4 with 2 segments in 2.51s
2026-05-06 09:39:22,280 INFO interview_app.transcription_queue transcription_job_completed
2026-05-06 09:39:22,281 INFO interview_app.transcription_queue transcription_job_completed
2026-05-06 09:39:22,281 INFO __main__ transcription_job_state_changed
2026-05-06 09:40:57,932 INFO interview_app.transcription_queue transcription_job_queued
2026-05-06 09:40:57,933 INFO __main__ transcription_job_state_changed
2026-05-06 09:40:57,934 INFO interview_app.transcription_queue transcription_job_started
2026-05-06 09:40:57,935 INFO __main__ transcription_job_state_changed
2026-05-06 09:40:58,192 INFO interview_app.transcription_queue transcription_job_started
2026-05-06 09:40:58,195 WARNING interview_audio_recorder Audio file missing, skipping transcription: C:\Users\Dnord\Dropbox\David LPL work\Initial Teacher Interview Guide\interviews\Candidate_Ramatu_Waller_McClammy_2026-05-06_Q7_trait_trait_5_mic.wav
2026-05-06 09:40:58,288 INFO faster_whisper Processing audio with duration 01:30.110
2026-05-06 09:40:58,408 INFO faster_whisper VAD filter removed 00:27.376 of audio
2026-05-06 09:41:03,877 INFO interview_audio_recorder Transcribed Candidate_Ramatu_Waller_McClammy_2026-05-06_Q7_trait_trait_5_sys.wav for speaker=CANDIDATE in 5.68s (7 kept segments, min_start=0.00)
2026-05-06 09:41:03,878 INFO interview_audio_recorder Full transcription completed for base_name=Candidate_Ramatu_Waller_McClammy_2026-05-06_Q7_trait_trait_5 with 7 segments in 5.68s
2026-05-06 09:41:03,890 INFO interview_app.transcription_queue transcription_job_completed
2026-05-06 09:41:03,890 INFO interview_app.transcription_queue transcription_job_completed
2026-05-06 09:41:03,890 INFO __main__ transcription_job_state_changed
2026-05-06 09:41:54,019 INFO interview_app.transcription_queue transcription_job_queued
2026-05-06 09:41:54,021 INFO __main__ transcription_job_state_changed
2026-05-06 09:41:54,021 INFO interview_app.transcription_queue transcription_job_started
2026-05-06 09:41:54,021 INFO __main__ transcription_job_state_changed
2026-05-06 09:41:54,268 INFO interview_app.transcription_queue transcription_job_started
2026-05-06 09:41:54,270 WARNING interview_audio_recorder Audio file missing, skipping transcription: C:\Users\Dnord\Dropbox\David LPL work\Initial Teacher Interview Guide\interviews\Candidate_Ramatu_Waller_McClammy_2026-05-06_Q8_trait_trait_6_mic.wav
2026-05-06 09:41:54,363 INFO faster_whisper Processing audio with duration 00:49.150
2026-05-06 09:41:54,427 INFO faster_whisper VAD filter removed 00:10.064 of audio
2026-05-06 09:41:56,647 INFO interview_audio_recorder Transcribed Candidate_Ramatu_Waller_McClammy_2026-05-06_Q8_trait_trait_6_sys.wav for speaker=CANDIDATE in 2.38s (5 kept segments, min_start=0.00)
2026-05-06 09:41:56,649 INFO interview_audio_recorder Full transcription completed for base_name=Candidate_Ramatu_Waller_McClammy_2026-05-06_Q8_trait_trait_6 with 5 segments in 2.38s
2026-05-06 09:41:56,659 INFO interview_app.transcription_queue transcription_job_completed
2026-05-06 09:41:56,660 INFO interview_app.transcription_queue transcription_job_completed
2026-05-06 09:41:56,660 INFO __main__ transcription_job_state_changed
2026-05-06 09:42:54,573 INFO interview_app.transcription_queue transcription_job_queued
2026-05-06 09:42:54,573 INFO __main__ transcription_job_state_changed
2026-05-06 09:42:54,574 INFO interview_app.transcription_queue transcription_job_started
2026-05-06 09:42:54,575 INFO __main__ transcription_job_state_changed
2026-05-06 09:42:54,823 INFO interview_app.transcription_queue transcription_job_started
2026-05-06 09:42:54,825 WARNING interview_audio_recorder Audio file missing, skipping transcription: C:\Users\Dnord\Dropbox\David LPL work\Initial Teacher Interview Guide\interviews\Candidate_Ramatu_Waller_McClammy_2026-05-06_Q9_trait_trait_7_mic.wav
2026-05-06 09:42:54,918 INFO faster_whisper Processing audio with duration 00:57.342
2026-05-06 09:42:55,000 INFO faster_whisper VAD filter removed 00:07.344 of audio
2026-05-06 09:42:57,875 INFO interview_audio_recorder Transcribed Candidate_Ramatu_Waller_McClammy_2026-05-06_Q9_trait_trait_7_sys.wav for speaker=CANDIDATE in 3.05s (9 kept segments, min_start=0.00)
2026-05-06 09:42:57,876 INFO interview_audio_recorder Full transcription completed for base_name=Candidate_Ramatu_Waller_McClammy_2026-05-06_Q9_trait_trait_7 with 9 segments in 3.05s
2026-05-06 09:42:57,887 INFO interview_app.transcription_queue transcription_job_completed
2026-05-06 09:42:57,887 INFO interview_app.transcription_queue transcription_job_completed
2026-05-06 09:42:57,888 INFO __main__ transcription_job_state_changed
2026-05-06 09:43:08,598 INFO interview_app.transcription_queue transcription_job_queued
2026-05-06 09:43:08,600 INFO __main__ transcription_job_state_changed
2026-05-06 09:43:08,600 INFO interview_app.transcription_queue transcription_job_started
2026-05-06 09:43:08,601 INFO __main__ transcription_job_state_changed
2026-05-06 09:43:08,664 INFO interview_app.transcription_queue transcription_job_started
2026-05-06 09:43:08,669 ERROR interview_audio_recorder stop_and_transcribe_failed
Traceback (most recent call last):
  File "C:\Users\Dnord\Dropbox\David LPL work\Initial Teacher Interview Guide\src\interview_audio_recorder.py", line 264, in stop_and_transcribe
    _ensure_at_least_one_audio_track({"mic": self.mic_wav, "system": self.sys_wav})
  File "C:\Users\Dnord\Dropbox\David LPL work\Initial Teacher Interview Guide\src\interview_audio_recorder.py", line 680, in _ensure_at_least_one_audio_track
    raise RuntimeError(f"No transcribable audio tracks were found: {details}")
RuntimeError: No transcribable audio tracks were found: mic audio file is missing: C:\Users\Dnord\Dropbox\David LPL work\Initial Teacher Interview Guide\interviews\Candidate_Ramatu_Waller_McClammy_2026-05-06_Q12_custom_FT_or_PT_mic.wav; system audio file is empty: C:\Users\Dnord\Dropbox\David LPL work\Initial Teacher Interview Guide\interviews\Candidate_Ramatu_Waller_McClammy_2026-05-06_Q12_custom_FT_or_PT_sys.wav
2026-05-06 09:43:08,670 INFO interview_app.transcription_queue transcription_job_failed
2026-05-06 09:43:08,671 INFO interview_app.transcription_queue transcription_job_failed
2026-05-06 09:43:08,671 INFO __main__ transcription_job_state_changed
2026-05-06 09:43:13,803 INFO interview_app.transcription_queue transcription_job_queued
2026-05-06 09:43:13,803 INFO __main__ transcription_job_state_changed
2026-05-06 09:43:13,804 INFO interview_app.transcription_queue transcription_job_started
2026-05-06 09:43:13,804 INFO __main__ transcription_job_state_changed
2026-05-06 09:43:13,923 INFO interview_app.transcription_queue transcription_job_started
2026-05-06 09:43:13,929 ERROR interview_audio_recorder stop_and_transcribe_failed
Traceback (most recent call last):
  File "C:\Users\Dnord\Dropbox\David LPL work\Initial Teacher Interview Guide\src\interview_audio_recorder.py", line 264, in stop_and_transcribe
    _ensure_at_least_one_audio_track({"mic": self.mic_wav, "system": self.sys_wav})
  File "C:\Users\Dnord\Dropbox\David LPL work\Initial Teacher Interview Guide\src\interview_audio_recorder.py", line 680, in _ensure_at_least_one_audio_track
    raise RuntimeError(f"No transcribable audio tracks were found: {details}")
RuntimeError: No transcribable audio tracks were found: mic audio file is missing: C:\Users\Dnord\Dropbox\David LPL work\Initial Teacher Interview Guide\interviews\Candidate_Ramatu_Waller_McClammy_2026-05-06_Q13_custom_Not_Avail_mic.wav; system audio file is empty: C:\Users\Dnord\Dropbox\David LPL work\Initial Teacher Interview Guide\interviews\Candidate_Ramatu_Waller_McClammy_2026-05-06_Q13_custom_Not_Avail_sys.wav
2026-05-06 09:43:13,930 INFO interview_app.transcription_queue transcription_job_failed
2026-05-06 09:43:13,930 INFO interview_app.transcription_queue transcription_job_failed
2026-05-06 09:43:13,930 INFO __main__ transcription_job_state_changed
2026-05-06 09:43:29,307 INFO interview_app.transcription_queue transcription_job_queued
2026-05-06 09:43:29,308 INFO __main__ transcription_job_state_changed
2026-05-06 09:43:29,308 INFO interview_app.transcription_queue transcription_job_started
2026-05-06 09:43:29,309 INFO __main__ transcription_job_state_changed
2026-05-06 09:43:29,393 INFO interview_app.transcription_queue transcription_job_started
2026-05-06 09:43:29,394 WARNING interview_audio_recorder Audio file missing, skipping transcription: C:\Users\Dnord\Dropbox\David LPL work\Initial Teacher Interview Guide\interviews\Candidate_Ramatu_Waller_McClammy_2026-05-06_Q14_custom_Pay_mic.wav
2026-05-06 09:43:29,473 INFO faster_whisper Processing audio with duration 00:08.190
2026-05-06 09:43:29,483 INFO faster_whisper VAD filter removed 00:02.736 of audio
2026-05-06 09:43:30,060 INFO interview_audio_recorder Transcribed Candidate_Ramatu_Waller_McClammy_2026-05-06_Q14_custom_Pay_sys.wav for speaker=CANDIDATE in 0.66s (1 kept segments, min_start=0.00)
2026-05-06 09:43:30,060 INFO interview_audio_recorder Full transcription completed for base_name=Candidate_Ramatu_Waller_McClammy_2026-05-06_Q14_custom_Pay with 1 segments in 0.67s
2026-05-06 09:43:30,072 INFO interview_app.transcription_queue transcription_job_completed
2026-05-06 09:43:30,072 INFO interview_app.transcription_queue transcription_job_completed
2026-05-06 09:43:30,072 INFO __main__ transcription_job_state_changed
2026-05-06 09:43:39,941 INFO interview_app.transcription_queue transcription_job_queued
2026-05-06 09:43:39,942 INFO __main__ transcription_job_state_changed
2026-05-06 09:43:39,942 INFO interview_app.transcription_queue transcription_job_started
2026-05-06 09:43:39,943 INFO __main__ transcription_job_state_changed
2026-05-06 09:43:39,979 WARNING __main__ transcription_health_failed
2026-05-06 09:43:39,984 INFO interview_app.transcription_queue transcription_job_started
2026-05-06 09:43:39,986 WARNING interview_audio_recorder Audio file missing, skipping transcription: C:\Users\Dnord\Dropbox\David LPL work\Initial Teacher Interview Guide\interviews\Candidate_Ramatu_Waller_McClammy_2026-05-06_Q15_custom_Start_mic.wav
2026-05-06 09:43:40,063 INFO faster_whisper Processing audio with duration 00:08.190
2026-05-06 09:43:40,073 INFO faster_whisper VAD filter removed 00:02.928 of audio
2026-05-06 09:43:40,656 INFO interview_audio_recorder Transcribed Candidate_Ramatu_Waller_McClammy_2026-05-06_Q15_custom_Start_sys.wav for speaker=CANDIDATE in 0.67s (2 kept segments, min_start=0.00)
2026-05-06 09:43:40,656 INFO interview_audio_recorder Full transcription completed for base_name=Candidate_Ramatu_Waller_McClammy_2026-05-06_Q15_custom_Start with 2 segments in 0.67s
2026-05-06 09:43:40,667 INFO interview_app.transcription_queue transcription_job_completed
2026-05-06 09:43:40,667 INFO interview_app.transcription_queue transcription_job_completed
2026-05-06 09:43:40,668 INFO __main__ transcription_job_state_changed
2026-05-06 11:06:33,719 INFO interview_app.transcription_queue transcription_job_queued
2026-05-06 11:06:33,721 INFO __main__ transcription_job_state_changed
2026-05-06 11:06:33,724 INFO interview_app.transcription_queue transcription_job_started
2026-05-06 11:06:33,725 INFO __main__ transcription_job_state_changed
2026-05-06 11:06:33,888 INFO interview_app.transcription_queue transcription_job_started
2026-05-06 11:06:33,890 WARNING interview_audio_recorder Audio file missing, skipping transcription: C:\Users\Dnord\Dropbox\David LPL work\Initial Teacher Interview Guide\interviews\Candidate_Isabella_Bravo_2026-05-06_Q1_custom_Why_ECE_mic.wav
2026-05-06 11:06:34,002 INFO faster_whisper Processing audio with duration 01:54.686
2026-05-06 11:06:34,168 INFO faster_whisper VAD filter removed 00:26.416 of audio
2026-05-06 11:06:40,570 INFO interview_audio_recorder Transcribed Candidate_Isabella_Bravo_2026-05-06_Q1_custom_Why_ECE_sys.wav for speaker=CANDIDATE in 6.68s (13 kept segments, min_start=0.00)
2026-05-06 11:06:40,571 INFO interview_audio_recorder Full transcription completed for base_name=Candidate_Isabella_Bravo_2026-05-06_Q1_custom_Why_ECE with 13 segments in 6.68s
2026-05-06 11:06:40,582 INFO interview_app.transcription_queue transcription_job_completed
2026-05-06 11:06:40,582 INFO interview_app.transcription_queue transcription_job_completed
2026-05-06 11:06:40,582 INFO __main__ transcription_job_state_changed
2026-05-06 11:07:11,668 INFO interview_app.transcription_queue transcription_job_queued
2026-05-06 11:07:11,669 INFO __main__ transcription_job_state_changed
2026-05-06 11:07:11,670 INFO interview_app.transcription_queue transcription_job_started
2026-05-06 11:07:11,670 INFO __main__ transcription_job_state_changed
2026-05-06 11:07:11,839 INFO interview_app.transcription_queue transcription_job_started
2026-05-06 11:07:11,841 WARNING interview_audio_recorder Audio file missing, skipping transcription: C:\Users\Dnord\Dropbox\David LPL work\Initial Teacher Interview Guide\interviews\Candidate_Isabella_Bravo_2026-05-06_Q2_custom_Why_LPL_mic.wav
2026-05-06 11:07:11,925 INFO faster_whisper Processing audio with duration 00:32.766
2026-05-06 11:07:11,972 INFO faster_whisper VAD filter removed 00:03.920 of audio
2026-05-06 11:07:13,433 INFO interview_audio_recorder Transcribed Candidate_Isabella_Bravo_2026-05-06_Q2_custom_Why_LPL_sys.wav for speaker=CANDIDATE in 1.59s (2 kept segments, min_start=0.00)
2026-05-06 11:07:13,434 INFO interview_audio_recorder Full transcription completed for base_name=Candidate_Isabella_Bravo_2026-05-06_Q2_custom_Why_LPL with 2 segments in 1.59s
2026-05-06 11:07:13,446 INFO interview_app.transcription_queue transcription_job_completed
2026-05-06 11:07:13,446 INFO interview_app.transcription_queue transcription_job_completed
2026-05-06 11:07:13,446 INFO __main__ transcription_job_state_changed
2026-05-06 11:09:29,729 INFO interview_app.transcription_queue transcription_job_queued
2026-05-06 11:09:29,729 INFO __main__ transcription_job_state_changed
2026-05-06 11:09:29,730 INFO interview_app.transcription_queue transcription_job_started
2026-05-06 11:09:29,730 INFO __main__ transcription_job_state_changed
2026-05-06 11:09:29,974 INFO interview_app.transcription_queue transcription_job_started
2026-05-06 11:09:29,976 WARNING interview_audio_recorder Audio file missing, skipping transcription: C:\Users\Dnord\Dropbox\David LPL work\Initial Teacher Interview Guide\interviews\Candidate_Isabella_Bravo_2026-05-06_Q3_trait_trait_1_mic.wav
2026-05-06 11:09:30,078 INFO faster_whisper Processing audio with duration 02:11.070
2026-05-06 11:09:30,278 INFO faster_whisper VAD filter removed 00:09.712 of audio
2026-05-06 11:09:40,415 INFO interview_audio_recorder Transcribed Candidate_Isabella_Bravo_2026-05-06_Q3_trait_trait_1_sys.wav for speaker=CANDIDATE in 10.44s (22 kept segments, min_start=0.00)
2026-05-06 11:09:40,415 INFO interview_audio_recorder Full transcription completed for base_name=Candidate_Isabella_Bravo_2026-05-06_Q3_trait_trait_1 with 22 segments in 10.44s
2026-05-06 11:09:40,425 INFO interview_app.transcription_queue transcription_job_completed
2026-05-06 11:09:40,425 INFO interview_app.transcription_queue transcription_job_completed
2026-05-06 11:09:40,426 INFO __main__ transcription_job_state_changed
2026-05-06 11:11:59,479 INFO interview_app.transcription_queue transcription_job_queued
2026-05-06 11:11:59,479 INFO __main__ transcription_job_state_changed
2026-05-06 11:11:59,479 INFO interview_app.transcription_queue transcription_job_started
2026-05-06 11:11:59,480 INFO __main__ transcription_job_state_changed
2026-05-06 11:11:59,747 INFO interview_app.transcription_queue transcription_job_started
2026-05-06 11:11:59,753 WARNING interview_audio_recorder Audio file missing, skipping transcription: C:\Users\Dnord\Dropbox\David LPL work\Initial Teacher Interview Guide\interviews\Candidate_Isabella_Bravo_2026-05-06_Q4_trait_trait_2_mic.wav
2026-05-06 11:11:59,859 INFO faster_whisper Processing audio with duration 02:27.454
2026-05-06 11:12:00,081 INFO faster_whisper VAD filter removed 00:11.632 of audio
2026-05-06 11:12:11,267 INFO interview_audio_recorder Transcribed Candidate_Isabella_Bravo_2026-05-06_Q4_trait_trait_2_sys.wav for speaker=CANDIDATE in 11.51s (24 kept segments, min_start=0.00)
2026-05-06 11:12:11,267 INFO interview_audio_recorder Full transcription completed for base_name=Candidate_Isabella_Bravo_2026-05-06_Q4_trait_trait_2 with 24 segments in 11.51s
2026-05-06 11:12:11,278 INFO interview_app.transcription_queue transcription_job_completed
2026-05-06 11:12:11,279 INFO interview_app.transcription_queue transcription_job_completed
2026-05-06 11:12:11,280 INFO __main__ transcription_job_state_changed
2026-05-06 11:13:15,100 INFO interview_app.transcription_queue transcription_job_queued
2026-05-06 11:13:15,100 INFO __main__ transcription_job_state_changed
2026-05-06 11:13:15,101 INFO interview_app.transcription_queue transcription_job_started
2026-05-06 11:13:15,102 INFO __main__ transcription_job_state_changed
2026-05-06 11:13:15,366 INFO interview_app.transcription_queue transcription_job_started
2026-05-06 11:13:15,368 WARNING interview_audio_recorder Audio file missing, skipping transcription: C:\Users\Dnord\Dropbox\David LPL work\Initial Teacher Interview Guide\interviews\Candidate_Isabella_Bravo_2026-05-06_Q5_trait_trait_3_mic.wav
2026-05-06 11:13:15,458 INFO faster_whisper Processing audio with duration 01:13.726
2026-05-06 11:13:15,559 INFO faster_whisper VAD filter removed 00:20.158 of audio
2026-05-06 11:13:19,509 INFO interview_audio_recorder Transcribed Candidate_Isabella_Bravo_2026-05-06_Q5_trait_trait_3_sys.wav for speaker=CANDIDATE in 4.14s (13 kept segments, min_start=0.00)
2026-05-06 11:13:19,509 INFO interview_audio_recorder Full transcription completed for base_name=Candidate_Isabella_Bravo_2026-05-06_Q5_trait_trait_3 with 13 segments in 4.14s
2026-05-06 11:13:19,521 INFO interview_app.transcription_queue transcription_job_completed
2026-05-06 11:13:19,521 INFO interview_app.transcription_queue transcription_job_completed
2026-05-06 11:13:19,521 INFO __main__ transcription_job_state_changed
2026-05-06 11:15:28,358 INFO interview_app.transcription_queue transcription_job_queued
2026-05-06 11:15:28,360 INFO __main__ transcription_job_state_changed
2026-05-06 11:15:28,361 INFO interview_app.transcription_queue transcription_job_started
2026-05-06 11:15:28,361 INFO __main__ transcription_job_state_changed
2026-05-06 11:15:28,623 INFO interview_app.transcription_queue transcription_job_started
2026-05-06 11:15:28,625 WARNING interview_audio_recorder Audio file missing, skipping transcription: C:\Users\Dnord\Dropbox\David LPL work\Initial Teacher Interview Guide\interviews\Candidate_Isabella_Bravo_2026-05-06_Q6_trait_trait_4_mic.wav
2026-05-06 11:15:28,728 INFO faster_whisper Processing audio with duration 02:11.070
2026-05-06 11:15:28,906 INFO faster_whisper VAD filter removed 00:15.280 of audio
2026-05-06 11:15:37,047 INFO interview_audio_recorder Transcribed Candidate_Isabella_Bravo_2026-05-06_Q6_trait_trait_4_sys.wav for speaker=CANDIDATE in 8.42s (20 kept segments, min_start=0.00)
2026-05-06 11:15:37,047 INFO interview_audio_recorder Full transcription completed for base_name=Candidate_Isabella_Bravo_2026-05-06_Q6_trait_trait_4 with 20 segments in 8.42s
2026-05-06 11:15:37,061 INFO interview_app.transcription_queue transcription_job_completed
2026-05-06 11:15:37,061 INFO interview_app.transcription_queue transcription_job_completed
2026-05-06 11:15:37,062 INFO __main__ transcription_job_state_changed
2026-05-06 11:17:23,742 INFO interview_app.transcription_queue transcription_job_queued
2026-05-06 11:17:23,743 INFO __main__ transcription_job_state_changed
2026-05-06 11:17:23,743 INFO interview_app.transcription_queue transcription_job_started
2026-05-06 11:17:23,743 INFO __main__ transcription_job_state_changed
2026-05-06 11:17:23,989 INFO interview_app.transcription_queue transcription_job_started
2026-05-06 11:17:23,991 WARNING interview_audio_recorder Audio file missing, skipping transcription: C:\Users\Dnord\Dropbox\David LPL work\Initial Teacher Interview Guide\interviews\Candidate_Isabella_Bravo_2026-05-06_Q7_trait_trait_5_mic.wav
2026-05-06 11:17:24,091 INFO faster_whisper Processing audio with duration 01:46.494
2026-05-06 11:17:24,237 INFO faster_whisper VAD filter removed 00:07.408 of audio
2026-05-06 11:17:31,728 INFO interview_audio_recorder Transcribed Candidate_Isabella_Bravo_2026-05-06_Q7_trait_trait_5_sys.wav for speaker=CANDIDATE in 7.74s (17 kept segments, min_start=0.00)
2026-05-06 11:17:31,729 INFO interview_audio_recorder Full transcription completed for base_name=Candidate_Isabella_Bravo_2026-05-06_Q7_trait_trait_5 with 17 segments in 7.74s
2026-05-06 11:17:31,741 INFO interview_app.transcription_queue transcription_job_completed
2026-05-06 11:17:31,742 INFO interview_app.transcription_queue transcription_job_completed
2026-05-06 11:17:31,742 INFO __main__ transcription_job_state_changed
2026-05-06 11:18:49,313 INFO interview_app.transcription_queue transcription_job_queued
2026-05-06 11:18:49,314 INFO __main__ transcription_job_state_changed
2026-05-06 11:18:49,314 INFO interview_app.transcription_queue transcription_job_started
2026-05-06 11:18:49,314 INFO __main__ transcription_job_state_changed
2026-05-06 11:18:49,552 INFO interview_app.transcription_queue transcription_job_started
2026-05-06 11:18:49,555 WARNING interview_audio_recorder Audio file missing, skipping transcription: C:\Users\Dnord\Dropbox\David LPL work\Initial Teacher Interview Guide\interviews\Candidate_Isabella_Bravo_2026-05-06_Q8_trait_trait_6_mic.wav
2026-05-06 11:18:49,650 INFO faster_whisper Processing audio with duration 01:21.918
2026-05-06 11:18:49,771 INFO faster_whisper VAD filter removed 00:09.488 of audio
2026-05-06 11:18:55,193 INFO interview_audio_recorder Transcribed Candidate_Isabella_Bravo_2026-05-06_Q8_trait_trait_6_sys.wav for speaker=CANDIDATE in 5.64s (13 kept segments, min_start=0.00)
2026-05-06 11:18:55,194 INFO interview_audio_recorder Full transcription completed for base_name=Candidate_Isabella_Bravo_2026-05-06_Q8_trait_trait_6 with 13 segments in 5.64s
2026-05-06 11:18:55,206 INFO interview_app.transcription_queue transcription_job_completed
2026-05-06 11:18:55,207 INFO interview_app.transcription_queue transcription_job_completed
2026-05-06 11:18:55,207 INFO __main__ transcription_job_state_changed
2026-05-06 11:20:29,084 INFO interview_app.transcription_queue transcription_job_queued
2026-05-06 11:20:29,085 INFO __main__ transcription_job_state_changed
2026-05-06 11:20:29,086 INFO interview_app.transcription_queue transcription_job_started
2026-05-06 11:20:29,086 INFO __main__ transcription_job_state_changed
2026-05-06 11:20:29,339 INFO interview_app.transcription_queue transcription_job_started
2026-05-06 11:20:29,341 WARNING interview_audio_recorder Audio file missing, skipping transcription: C:\Users\Dnord\Dropbox\David LPL work\Initial Teacher Interview Guide\interviews\Candidate_Isabella_Bravo_2026-05-06_Q9_trait_trait_7_mic.wav
2026-05-06 11:20:29,442 INFO faster_whisper Processing audio with duration 01:38.302
2026-05-06 11:20:29,577 INFO faster_whisper VAD filter removed 00:09.822 of audio
2026-05-06 11:20:35,682 INFO interview_audio_recorder Transcribed Candidate_Isabella_Bravo_2026-05-06_Q9_trait_trait_7_sys.wav for speaker=CANDIDATE in 6.34s (14 kept segments, min_start=0.00)
2026-05-06 11:20:35,683 INFO interview_audio_recorder Full transcription completed for base_name=Candidate_Isabella_Bravo_2026-05-06_Q9_trait_trait_7 with 14 segments in 6.34s
2026-05-06 11:20:35,697 INFO interview_app.transcription_queue transcription_job_completed
2026-05-06 11:20:35,698 INFO interview_app.transcription_queue transcription_job_completed
2026-05-06 11:20:35,698 INFO __main__ transcription_job_state_changed
2026-05-06 11:23:11,041 INFO interview_app.transcription_queue transcription_job_queued
2026-05-06 11:23:11,041 INFO __main__ transcription_job_state_changed
2026-05-06 11:23:11,043 INFO interview_app.transcription_queue transcription_job_started
2026-05-06 11:23:11,044 INFO __main__ transcription_job_state_changed
2026-05-06 11:23:11,262 INFO interview_app.transcription_queue transcription_job_started
2026-05-06 11:23:11,265 WARNING interview_audio_recorder Audio file missing, skipping transcription: C:\Users\Dnord\Dropbox\David LPL work\Initial Teacher Interview Guide\interviews\Candidate_Isabella_Bravo_2026-05-06_Q11_trait_trait_11_mic.wav
2026-05-06 11:23:11,375 INFO faster_whisper Processing audio with duration 02:35.646
2026-05-06 11:23:11,594 INFO faster_whisper VAD filter removed 00:07.664 of audio
2026-05-06 11:23:22,429 INFO interview_audio_recorder Transcribed Candidate_Isabella_Bravo_2026-05-06_Q11_trait_trait_11_sys.wav for speaker=CANDIDATE in 11.16s (27 kept segments, min_start=0.00)
2026-05-06 11:23:22,430 INFO interview_audio_recorder Full transcription completed for base_name=Candidate_Isabella_Bravo_2026-05-06_Q11_trait_trait_11 with 27 segments in 11.16s
2026-05-06 11:23:22,442 INFO interview_app.transcription_queue transcription_job_completed
2026-05-06 11:23:22,443 INFO interview_app.transcription_queue transcription_job_completed
2026-05-06 11:23:22,443 INFO __main__ transcription_job_state_changed
2026-05-06 11:23:48,249 INFO interview_app.transcription_queue transcription_job_queued
2026-05-06 11:23:48,249 INFO __main__ transcription_job_state_changed
2026-05-06 11:23:48,250 INFO interview_app.transcription_queue transcription_job_started
2026-05-06 11:23:48,250 INFO __main__ transcription_job_state_changed
2026-05-06 11:23:48,311 INFO interview_app.transcription_queue transcription_job_started
2026-05-06 11:23:48,313 WARNING interview_audio_recorder Audio file missing, skipping transcription: C:\Users\Dnord\Dropbox\David LPL work\Initial Teacher Interview Guide\interviews\Candidate_Isabella_Bravo_2026-05-06_Q12_custom_FT_or_PT_mic.wav
2026-05-06 11:23:48,396 INFO faster_whisper Processing audio with duration 00:32.766
2026-05-06 11:23:48,441 INFO faster_whisper VAD filter removed 00:06.704 of audio
2026-05-06 11:23:50,093 INFO interview_audio_recorder Transcribed Candidate_Isabella_Bravo_2026-05-06_Q12_custom_FT_or_PT_sys.wav for speaker=CANDIDATE in 1.78s (4 kept segments, min_start=0.00)
2026-05-06 11:23:50,094 INFO interview_audio_recorder Full transcription completed for base_name=Candidate_Isabella_Bravo_2026-05-06_Q12_custom_FT_or_PT with 4 segments in 1.78s
2026-05-06 11:23:50,107 INFO interview_app.transcription_queue transcription_job_completed
2026-05-06 11:23:50,108 INFO interview_app.transcription_queue transcription_job_completed
2026-05-06 11:23:50,108 INFO __main__ transcription_job_state_changed
2026-05-06 11:26:43,664 INFO interview_app.transcription_queue transcription_job_queued
2026-05-06 11:26:43,665 INFO __main__ transcription_job_state_changed
2026-05-06 11:26:43,665 INFO interview_app.transcription_queue transcription_job_started
2026-05-06 11:26:43,667 INFO __main__ transcription_job_state_changed
2026-05-06 11:26:43,744 INFO interview_app.transcription_queue transcription_job_started
2026-05-06 11:26:43,746 WARNING interview_audio_recorder Audio file missing, skipping transcription: C:\Users\Dnord\Dropbox\David LPL work\Initial Teacher Interview Guide\interviews\Candidate_Isabella_Bravo_2026-05-06_Q13_custom_Not_Avail_mic.wav
2026-05-06 11:26:43,855 INFO faster_whisper Processing audio with duration 02:52.030
2026-05-06 11:26:44,117 INFO faster_whisper VAD filter removed 01:11.232 of audio
2026-05-06 11:26:49,930 INFO interview_audio_recorder Transcribed Candidate_Isabella_Bravo_2026-05-06_Q13_custom_Not_Avail_sys.wav for speaker=CANDIDATE in 6.18s (13 kept segments, min_start=0.00)
2026-05-06 11:26:49,930 INFO interview_audio_recorder Full transcription completed for base_name=Candidate_Isabella_Bravo_2026-05-06_Q13_custom_Not_Avail with 13 segments in 6.19s
2026-05-06 11:26:49,947 INFO interview_app.transcription_queue transcription_job_completed
2026-05-06 11:26:49,948 INFO interview_app.transcription_queue transcription_job_completed
2026-05-06 11:26:49,949 INFO __main__ transcription_job_state_changed
2026-05-06 11:32:05,823 INFO interview_app.transcription_queue transcription_job_queued
2026-05-06 11:32:05,824 INFO __main__ transcription_job_state_changed
2026-05-06 11:32:05,824 INFO interview_app.transcription_queue transcription_job_started
2026-05-06 11:32:05,825 INFO __main__ transcription_job_state_changed
2026-05-06 11:32:05,898 INFO interview_app.transcription_queue transcription_job_started
2026-05-06 11:32:05,900 WARNING interview_audio_recorder Audio file missing, skipping transcription: C:\Users\Dnord\Dropbox\David LPL work\Initial Teacher Interview Guide\interviews\Candidate_Isabella_Bravo_2026-05-06_Q14_custom_Pay_mic.wav
2026-05-06 11:32:06,050 INFO faster_whisper Processing audio with duration 05:19.486
2026-05-06 11:32:06,529 INFO faster_whisper VAD filter removed 03:37.246 of audio
2026-05-06 11:32:14,600 INFO interview_audio_recorder Transcribed Candidate_Isabella_Bravo_2026-05-06_Q14_custom_Pay_sys.wav for speaker=CANDIDATE in 8.70s (29 kept segments, min_start=0.00)
2026-05-06 11:32:14,602 INFO interview_audio_recorder Full transcription completed for base_name=Candidate_Isabella_Bravo_2026-05-06_Q14_custom_Pay with 29 segments in 8.70s
2026-05-06 11:32:14,617 INFO interview_app.transcription_queue transcription_job_completed
2026-05-06 11:32:14,617 INFO interview_app.transcription_queue transcription_job_completed
2026-05-06 11:32:14,618 INFO __main__ transcription_job_state_changed
2026-05-06 11:32:48,650 INFO interview_app.transcription_queue transcription_job_queued
2026-05-06 11:32:48,651 INFO __main__ transcription_job_state_changed
2026-05-06 11:32:48,652 INFO interview_app.transcription_queue transcription_job_started
2026-05-06 11:32:48,652 INFO __main__ transcription_job_state_changed
2026-05-06 11:32:48,687 INFO interview_app.transcription_queue transcription_job_started
2026-05-06 11:32:48,688 WARNING interview_audio_recorder Audio file missing, skipping transcription: C:\Users\Dnord\Dropbox\David LPL work\Initial Teacher Interview Guide\interviews\Candidate_Isabella_Bravo_2026-05-06_Q15_custom_Start_mic.wav
2026-05-06 11:32:48,773 INFO faster_whisper Processing audio with duration 00:40.958
2026-05-06 11:32:48,828 INFO faster_whisper VAD filter removed 00:05.424 of audio
2026-05-06 11:32:51,391 INFO interview_audio_recorder Transcribed Candidate_Isabella_Bravo_2026-05-06_Q15_custom_Start_sys.wav for speaker=CANDIDATE in 2.70s (6 kept segments, min_start=0.00)
2026-05-06 11:32:51,391 INFO interview_audio_recorder Full transcription completed for base_name=Candidate_Isabella_Bravo_2026-05-06_Q15_custom_Start with 6 segments in 2.70s
2026-05-06 11:32:51,405 INFO interview_app.transcription_queue transcription_job_completed
2026-05-06 11:32:51,405 INFO interview_app.transcription_queue transcription_job_completed
2026-05-06 11:32:51,405 INFO __main__ transcription_job_state_changed
2026-05-06 15:03:29,010 INFO runtime_wrapper runtime_wrapper_start
2026-05-06 15:03:29,193 INFO app_logging app_logging_initialized
2026-05-06 15:08:05,738 INFO interview_app.transcription_queue transcription_job_queued
2026-05-06 15:08:05,741 INFO __main__ transcription_job_state_changed
2026-05-06 15:08:05,743 INFO interview_app.transcription_queue transcription_job_started
2026-05-06 15:08:05,744 INFO __main__ transcription_job_state_changed
2026-05-06 15:08:05,945 INFO interview_app.transcription_queue transcription_job_started
2026-05-06 15:08:08,973 INFO httpx HTTP Request: GET https://huggingface.co/api/models/Systran/faster-whisper-large-v3/revision/main "HTTP/1.1 200 OK"
2026-05-06 15:08:13,483 INFO interview_audio_recorder Initialized Whisper model cache for model=large-v3 device=cuda compute_type=float16 in 5.03s
2026-05-06 15:08:13,484 WARNING interview_audio_recorder Audio file missing, skipping transcription: C:\Users\Dnord\Dropbox\David LPL work\Initial Teacher Interview Guide\interviews\Candidate_Chioma_Nworisa_2026-05-06_Q1_custom_Why_ECE_mic.wav
2026-05-06 15:08:13,599 INFO faster_whisper Processing audio with duration 03:08.414
2026-05-06 15:08:13,960 INFO faster_whisper VAD filter removed 00:05.616 of audio
2026-05-06 15:08:28,109 INFO interview_audio_recorder Transcribed Candidate_Chioma_Nworisa_2026-05-06_Q1_custom_Why_ECE_sys.wav for speaker=CANDIDATE in 14.62s (28 kept segments, min_start=0.00)
2026-05-06 15:08:28,110 INFO interview_audio_recorder Full transcription completed for base_name=Candidate_Chioma_Nworisa_2026-05-06_Q1_custom_Why_ECE with 28 segments in 22.16s
2026-05-06 15:08:28,124 INFO interview_app.transcription_queue transcription_job_completed
2026-05-06 15:08:28,125 INFO interview_app.transcription_queue transcription_job_completed
2026-05-06 15:08:28,126 INFO __main__ transcription_job_state_changed
2026-05-06 15:10:03,509 INFO interview_app.transcription_queue transcription_job_queued
2026-05-06 15:10:03,510 INFO __main__ transcription_job_state_changed
2026-05-06 15:10:03,511 INFO interview_app.transcription_queue transcription_job_started
2026-05-06 15:10:03,513 INFO __main__ transcription_job_state_changed
2026-05-06 15:10:03,719 INFO interview_app.transcription_queue transcription_job_started
2026-05-06 15:10:03,720 WARNING interview_audio_recorder Audio file missing, skipping transcription: C:\Users\Dnord\Dropbox\David LPL work\Initial Teacher Interview Guide\interviews\Candidate_Chioma_Nworisa_2026-05-06_Q2_custom_Why_LPL_mic.wav
2026-05-06 15:10:03,820 INFO faster_whisper Processing audio with duration 01:54.686
2026-05-06 15:10:04,101 INFO faster_whisper VAD filter removed 00:08.462 of audio
2026-05-06 15:10:13,722 INFO interview_audio_recorder Transcribed Candidate_Chioma_Nworisa_2026-05-06_Q2_custom_Why_LPL_sys.wav for speaker=CANDIDATE in 10.00s (9 kept segments, min_start=0.00)
2026-05-06 15:10:13,722 INFO interview_audio_recorder Full transcription completed for base_name=Candidate_Chioma_Nworisa_2026-05-06_Q2_custom_Why_LPL with 9 segments in 10.00s
2026-05-06 15:10:13,736 INFO interview_app.transcription_queue transcription_job_completed
2026-05-06 15:10:13,737 INFO interview_app.transcription_queue transcription_job_completed
2026-05-06 15:10:13,737 INFO __main__ transcription_job_state_changed
2026-05-06 15:13:26,018 INFO interview_app.transcription_queue transcription_job_queued
2026-05-06 15:13:26,018 INFO __main__ transcription_job_state_changed
2026-05-06 15:13:26,019 INFO interview_app.transcription_queue transcription_job_started
2026-05-06 15:13:26,019 INFO __main__ transcription_job_state_changed
2026-05-06 15:13:26,241 INFO interview_app.transcription_queue transcription_job_started
2026-05-06 15:13:26,243 WARNING interview_audio_recorder Audio file missing, skipping transcription: C:\Users\Dnord\Dropbox\David LPL work\Initial Teacher Interview Guide\interviews\Candidate_Chioma_Nworisa_2026-05-06_Q3_trait_trait_1_mic.wav
2026-05-06 15:13:26,363 INFO faster_whisper Processing audio with duration 03:16.606
2026-05-06 15:13:26,643 INFO faster_whisper VAD filter removed 00:09.616 of audio
2026-05-06 15:13:42,757 INFO interview_audio_recorder Transcribed Candidate_Chioma_Nworisa_2026-05-06_Q3_trait_trait_1_sys.wav for speaker=CANDIDATE in 16.51s (33 kept segments, min_start=0.00)
2026-05-06 15:13:42,758 INFO interview_audio_recorder Full transcription completed for base_name=Candidate_Chioma_Nworisa_2026-05-06_Q3_trait_trait_1 with 33 segments in 16.51s
2026-05-06 15:13:42,769 INFO interview_app.transcription_queue transcription_job_completed
2026-05-06 15:13:42,771 INFO interview_app.transcription_queue transcription_job_completed
2026-05-06 15:13:42,771 INFO __main__ transcription_job_state_changed
2026-05-06 15:18:22,864 INFO interview_app.transcription_queue transcription_job_queued
2026-05-06 15:18:22,864 INFO __main__ transcription_job_state_changed
2026-05-06 15:18:22,864 INFO interview_app.transcription_queue transcription_job_started
2026-05-06 15:18:22,865 INFO __main__ transcription_job_state_changed
2026-05-06 15:18:23,145 INFO interview_app.transcription_queue transcription_job_started
2026-05-06 15:18:23,147 WARNING interview_audio_recorder Audio file missing, skipping transcription: C:\Users\Dnord\Dropbox\David LPL work\Initial Teacher Interview Guide\interviews\Candidate_Chioma_Nworisa_2026-05-06_Q4_trait_trait_2_mic.wav
2026-05-06 15:18:23,285 INFO faster_whisper Processing audio with duration 04:54.910
2026-05-06 15:18:23,757 INFO faster_whisper VAD filter removed 00:47.422 of audio
2026-05-06 15:18:43,258 INFO interview_audio_recorder Transcribed Candidate_Chioma_Nworisa_2026-05-06_Q4_trait_trait_2_sys.wav for speaker=CANDIDATE in 20.11s (37 kept segments, min_start=0.00)
2026-05-06 15:18:43,259 INFO interview_audio_recorder Full transcription completed for base_name=Candidate_Chioma_Nworisa_2026-05-06_Q4_trait_trait_2 with 37 segments in 20.11s
2026-05-06 15:18:43,274 INFO interview_app.transcription_queue transcription_job_completed
2026-05-06 15:18:43,275 INFO interview_app.transcription_queue transcription_job_completed
2026-05-06 15:18:43,276 INFO __main__ transcription_job_state_changed
2026-05-06 15:19:24,273 INFO runtime_wrapper runtime_wrapper_exit
2026-05-06 15:20:06,947 INFO interview_app.transcription_queue transcription_job_queued
2026-05-06 15:20:06,947 INFO __main__ transcription_job_state_changed
2026-05-06 15:20:06,949 INFO interview_app.transcription_queue transcription_job_started
2026-05-06 15:20:06,949 INFO __main__ transcription_job_state_changed
2026-05-06 15:20:07,225 INFO interview_app.transcription_queue transcription_job_started
2026-05-06 15:20:07,226 WARNING interview_audio_recorder Audio file missing, skipping transcription: C:\Users\Dnord\Dropbox\David LPL work\Initial Teacher Interview Guide\interviews\Candidate_Chioma_Nworisa_2026-05-06_Q5_trait_trait_3_mic.wav
2026-05-06 15:20:07,318 INFO faster_whisper Processing audio with duration 01:38.302
2026-05-06 15:20:07,455 INFO faster_whisper VAD filter removed 00:16.880 of audio
2026-05-06 15:20:12,985 INFO interview_audio_recorder Transcribed Candidate_Chioma_Nworisa_2026-05-06_Q5_trait_trait_3_sys.wav for speaker=CANDIDATE in 5.76s (6 kept segments, min_start=0.00)
2026-05-06 15:20:12,986 INFO interview_audio_recorder Full transcription completed for base_name=Candidate_Chioma_Nworisa_2026-05-06_Q5_trait_trait_3 with 6 segments in 5.76s
2026-05-06 15:20:13,001 INFO interview_app.transcription_queue transcription_job_completed
2026-05-06 15:20:13,001 INFO interview_app.transcription_queue transcription_job_completed
2026-05-06 15:20:13,002 INFO __main__ transcription_job_state_changed
2026-05-06 15:21:54,834 INFO interview_app.transcription_queue transcription_job_queued
2026-05-06 15:21:54,835 INFO __main__ transcription_job_state_changed
2026-05-06 15:21:54,836 INFO interview_app.transcription_queue transcription_job_started
2026-05-06 15:21:54,837 INFO __main__ transcription_job_state_changed
2026-05-06 15:21:55,123 INFO interview_app.transcription_queue transcription_job_started
2026-05-06 15:21:55,125 WARNING interview_audio_recorder Audio file missing, skipping transcription: C:\Users\Dnord\Dropbox\David LPL work\Initial Teacher Interview Guide\interviews\Candidate_Chioma_Nworisa_2026-05-06_Q6_trait_trait_4_mic.wav
2026-05-06 15:21:55,225 INFO faster_whisper Processing audio with duration 01:46.494
2026-05-06 15:21:55,375 INFO faster_whisper VAD filter removed 00:33.022 of audio
2026-05-06 15:22:01,156 INFO interview_audio_recorder Transcribed Candidate_Chioma_Nworisa_2026-05-06_Q6_trait_trait_4_sys.wav for speaker=CANDIDATE in 6.03s (4 kept segments, min_start=0.00)
2026-05-06 15:22:01,157 INFO interview_audio_recorder Full transcription completed for base_name=Candidate_Chioma_Nworisa_2026-05-06_Q6_trait_trait_4 with 4 segments in 6.03s
2026-05-06 15:22:01,173 INFO interview_app.transcription_queue transcription_job_completed
2026-05-06 15:22:01,174 INFO interview_app.transcription_queue transcription_job_completed
2026-05-06 15:22:01,174 INFO __main__ transcription_job_state_changed
2026-05-06 15:24:30,182 INFO interview_app.transcription_queue transcription_job_queued
2026-05-06 15:24:30,183 INFO __main__ transcription_job_state_changed
2026-05-06 15:24:30,183 INFO interview_app.transcription_queue transcription_job_started
2026-05-06 15:24:30,184 INFO __main__ transcription_job_state_changed
2026-05-06 15:24:30,480 INFO interview_app.transcription_queue transcription_job_started
2026-05-06 15:24:30,482 WARNING interview_audio_recorder Audio file missing, skipping transcription: C:\Users\Dnord\Dropbox\David LPL work\Initial Teacher Interview Guide\interviews\Candidate_Chioma_Nworisa_2026-05-06_Q7_trait_trait_5_mic.wav
2026-05-06 15:24:30,601 INFO faster_whisper Processing audio with duration 02:27.454
2026-05-06 15:24:30,902 INFO faster_whisper VAD filter removed 00:10.512 of audio
2026-05-06 15:24:42,115 INFO interview_audio_recorder Transcribed Candidate_Chioma_Nworisa_2026-05-06_Q7_trait_trait_5_sys.wav for speaker=CANDIDATE in 11.63s (21 kept segments, min_start=0.00)
2026-05-06 15:24:42,117 INFO interview_audio_recorder Full transcription completed for base_name=Candidate_Chioma_Nworisa_2026-05-06_Q7_trait_trait_5 with 21 segments in 11.63s
2026-05-06 15:24:42,134 INFO interview_app.transcription_queue transcription_job_completed
2026-05-06 15:24:42,134 INFO interview_app.transcription_queue transcription_job_completed
2026-05-06 15:24:42,135 INFO __main__ transcription_job_state_changed
2026-05-06 15:27:04,282 INFO interview_app.transcription_queue transcription_job_queued
2026-05-06 15:27:04,284 INFO __main__ transcription_job_state_changed
2026-05-06 15:27:04,284 INFO interview_app.transcription_queue transcription_job_started
2026-05-06 15:27:04,285 INFO __main__ transcription_job_state_changed
2026-05-06 15:27:04,561 INFO interview_app.transcription_queue transcription_job_started
2026-05-06 15:27:04,563 WARNING interview_audio_recorder Audio file missing, skipping transcription: C:\Users\Dnord\Dropbox\David LPL work\Initial Teacher Interview Guide\interviews\Candidate_Chioma_Nworisa_2026-05-06_Q8_trait_trait_6_mic.wav
2026-05-06 15:27:04,676 INFO faster_whisper Processing audio with duration 02:27.454
2026-05-06 15:27:04,885 INFO faster_whisper VAD filter removed 00:18.320 of audio
2026-05-06 15:27:13,552 INFO interview_audio_recorder Transcribed Candidate_Chioma_Nworisa_2026-05-06_Q8_trait_trait_6_sys.wav for speaker=CANDIDATE in 8.99s (14 kept segments, min_start=0.00)
2026-05-06 15:27:13,552 INFO interview_audio_recorder Full transcription completed for base_name=Candidate_Chioma_Nworisa_2026-05-06_Q8_trait_trait_6 with 14 segments in 8.99s
2026-05-06 15:27:13,569 INFO interview_app.transcription_queue transcription_job_completed
2026-05-06 15:27:13,570 INFO interview_app.transcription_queue transcription_job_completed
2026-05-06 15:27:13,570 INFO __main__ transcription_job_state_changed
2026-05-06 15:28:55,129 INFO interview_app.transcription_queue transcription_job_queued
2026-05-06 15:28:55,130 INFO __main__ transcription_job_state_changed
2026-05-06 15:28:55,130 INFO interview_app.transcription_queue transcription_job_started
2026-05-06 15:28:55,131 INFO __main__ transcription_job_state_changed
2026-05-06 15:28:55,434 INFO interview_app.transcription_queue transcription_job_started
2026-05-06 15:28:55,437 WARNING interview_audio_recorder Audio file missing, skipping transcription: C:\Users\Dnord\Dropbox\David LPL work\Initial Teacher Interview Guide\interviews\Candidate_Chioma_Nworisa_2026-05-06_Q9_trait_trait_7_mic.wav
2026-05-06 15:28:55,532 INFO faster_whisper Processing audio with duration 01:46.494
2026-05-06 15:28:55,677 INFO faster_whisper VAD filter removed 00:10.320 of audio
2026-05-06 15:29:02,596 INFO interview_audio_recorder Transcribed Candidate_Chioma_Nworisa_2026-05-06_Q9_trait_trait_7_sys.wav for speaker=CANDIDATE in 7.16s (14 kept segments, min_start=0.00)
2026-05-06 15:29:02,596 INFO interview_audio_recorder Full transcription completed for base_name=Candidate_Chioma_Nworisa_2026-05-06_Q9_trait_trait_7 with 14 segments in 7.16s
2026-05-06 15:29:02,610 INFO interview_app.transcription_queue transcription_job_completed
2026-05-06 15:29:02,611 INFO interview_app.transcription_queue transcription_job_completed
2026-05-06 15:29:02,611 INFO __main__ transcription_job_state_changed
2026-05-06 15:29:18,931 INFO interview_app.transcription_queue transcription_job_queued
2026-05-06 15:29:18,932 INFO __main__ transcription_job_state_changed
2026-05-06 15:29:18,932 INFO interview_app.transcription_queue transcription_job_started
2026-05-06 15:29:18,933 INFO __main__ transcription_job_state_changed
2026-05-06 15:29:19,002 INFO interview_app.transcription_queue transcription_job_started
2026-05-06 15:29:19,003 WARNING interview_audio_recorder Audio file missing, skipping transcription: C:\Users\Dnord\Dropbox\David LPL work\Initial Teacher Interview Guide\interviews\Candidate_Chioma_Nworisa_2026-05-06_Q12_custom_FT_or_PT_mic.wav
2026-05-06 15:29:19,085 INFO faster_whisper Processing audio with duration 00:16.382
2026-05-06 15:29:19,108 INFO faster_whisper VAD filter removed 00:08.048 of audio
2026-05-06 15:29:20,074 INFO interview_audio_recorder Transcribed Candidate_Chioma_Nworisa_2026-05-06_Q12_custom_FT_or_PT_sys.wav for speaker=CANDIDATE in 1.07s (2 kept segments, min_start=0.00)
2026-05-06 15:29:20,075 INFO interview_audio_recorder Full transcription completed for base_name=Candidate_Chioma_Nworisa_2026-05-06_Q12_custom_FT_or_PT with 2 segments in 1.07s
2026-05-06 15:29:20,088 INFO interview_app.transcription_queue transcription_job_completed
2026-05-06 15:29:20,089 INFO interview_app.transcription_queue transcription_job_completed
2026-05-06 15:29:20,089 INFO __main__ transcription_job_state_changed
2026-05-06 15:29:57,580 INFO interview_app.transcription_queue transcription_job_queued
2026-05-06 15:29:57,580 INFO __main__ transcription_job_state_changed
2026-05-06 15:29:57,581 INFO interview_app.transcription_queue transcription_job_started
2026-05-06 15:29:57,582 INFO __main__ transcription_job_state_changed
2026-05-06 15:29:57,648 INFO interview_app.transcription_queue transcription_job_started
2026-05-06 15:29:57,650 WARNING interview_audio_recorder Audio file missing, skipping transcription: C:\Users\Dnord\Dropbox\David LPL work\Initial Teacher Interview Guide\interviews\Candidate_Chioma_Nworisa_2026-05-06_Q13_custom_Not_Avail_mic.wav
2026-05-06 15:29:57,734 INFO faster_whisper Processing audio with duration 00:32.766
2026-05-06 15:29:57,780 INFO faster_whisper VAD filter removed 00:11.248 of audio
2026-05-06 15:29:59,006 INFO interview_audio_recorder Transcribed Candidate_Chioma_Nworisa_2026-05-06_Q13_custom_Not_Avail_sys.wav for speaker=CANDIDATE in 1.36s (3 kept segments, min_start=0.00)
2026-05-06 15:29:59,007 INFO interview_audio_recorder Full transcription completed for base_name=Candidate_Chioma_Nworisa_2026-05-06_Q13_custom_Not_Avail with 3 segments in 1.36s
2026-05-06 15:29:59,022 INFO interview_app.transcription_queue transcription_job_completed
2026-05-06 15:29:59,022 INFO interview_app.transcription_queue transcription_job_completed
2026-05-06 15:29:59,023 INFO __main__ transcription_job_state_changed
2026-05-06 15:30:27,459 INFO interview_app.transcription_queue transcription_job_queued
2026-05-06 15:30:27,459 INFO __main__ transcription_job_state_changed
2026-05-06 15:30:27,461 INFO interview_app.transcription_queue transcription_job_started
2026-05-06 15:30:27,461 INFO __main__ transcription_job_state_changed
2026-05-06 15:30:27,581 INFO interview_app.transcription_queue transcription_job_started
2026-05-06 15:30:27,583 WARNING interview_audio_recorder Audio file missing, skipping transcription: C:\Users\Dnord\Dropbox\David LPL work\Initial Teacher Interview Guide\interviews\Candidate_Chioma_Nworisa_2026-05-06_Q14_custom_Pay_mic.wav
2026-05-06 15:30:27,665 INFO faster_whisper Processing audio with duration 00:24.574
2026-05-06 15:30:27,700 INFO faster_whisper VAD filter removed 00:05.168 of audio
2026-05-06 15:30:29,147 INFO interview_audio_recorder Transcribed Candidate_Chioma_Nworisa_2026-05-06_Q14_custom_Pay_sys.wav for speaker=CANDIDATE in 1.56s (3 kept segments, min_start=0.00)
2026-05-06 15:30:29,148 INFO interview_audio_recorder Full transcription completed for base_name=Candidate_Chioma_Nworisa_2026-05-06_Q14_custom_Pay with 3 segments in 1.57s
2026-05-06 15:30:29,165 INFO interview_app.transcription_queue transcription_job_completed
2026-05-06 15:30:29,165 INFO interview_app.transcription_queue transcription_job_completed
2026-05-06 15:30:29,165 INFO __main__ transcription_job_state_changed
2026-05-06 15:30:46,616 INFO interview_app.transcription_queue transcription_job_queued
2026-05-06 15:30:46,616 INFO __main__ transcription_job_state_changed
2026-05-06 15:30:46,617 INFO interview_app.transcription_queue transcription_job_started
2026-05-06 15:30:46,618 INFO __main__ transcription_job_state_changed
2026-05-06 15:30:46,662 INFO interview_app.transcription_queue transcription_job_started
2026-05-06 15:30:46,664 WARNING interview_audio_recorder Audio file missing, skipping transcription: C:\Users\Dnord\Dropbox\David LPL work\Initial Teacher Interview Guide\interviews\Candidate_Chioma_Nworisa_2026-05-06_Q15_custom_Start_mic.wav
2026-05-06 15:30:46,747 INFO faster_whisper Processing audio with duration 00:16.382
2026-05-06 15:30:46,769 INFO faster_whisper VAD filter removed 00:05.694 of audio
2026-05-06 15:30:47,599 INFO interview_audio_recorder Transcribed Candidate_Chioma_Nworisa_2026-05-06_Q15_custom_Start_sys.wav for speaker=CANDIDATE in 0.93s (1 kept segments, min_start=0.00)
2026-05-06 15:30:47,599 INFO interview_audio_recorder Full transcription completed for base_name=Candidate_Chioma_Nworisa_2026-05-06_Q15_custom_Start with 1 segments in 0.94s
2026-05-06 15:30:47,614 INFO interview_app.transcription_queue transcription_job_completed
2026-05-06 15:30:47,614 INFO interview_app.transcription_queue transcription_job_completed
2026-05-06 15:30:47,614 INFO __main__ transcription_job_state_changed
2026-05-07 13:33:05,779 INFO runtime_wrapper runtime_wrapper_start
2026-05-07 13:33:06,168 INFO app_logging app_logging_initialized
2026-05-07 13:35:38,586 INFO interview_app.transcription_queue transcription_job_queued
2026-05-07 13:35:38,587 INFO __main__ transcription_job_state_changed
2026-05-07 13:35:38,587 INFO interview_app.transcription_queue transcription_job_started
2026-05-07 13:35:38,587 INFO __main__ transcription_job_state_changed
2026-05-07 13:35:38,762 INFO interview_app.transcription_queue transcription_job_started
2026-05-07 13:35:43,402 INFO httpx HTTP Request: GET https://huggingface.co/api/models/Systran/faster-whisper-large-v3/revision/main "HTTP/1.1 200 OK"
2026-05-07 13:35:47,566 INFO interview_audio_recorder Initialized Whisper model cache for model=large-v3 device=cuda compute_type=float16 in 4.92s
2026-05-07 13:35:47,567 WARNING interview_audio_recorder Audio file missing, skipping transcription: C:\Users\Dnord\Dropbox\David LPL work\Initial Teacher Interview Guide\interviews\Candidate_Jessalyn_Espinoza_Valcourt_2026-05-07_Q1_custom_Why_ECE_mic.wav
2026-05-07 13:35:47,670 INFO faster_whisper Processing audio with duration 00:32.766
2026-05-07 13:35:47,895 INFO faster_whisper VAD filter removed 00:00.000 of audio
2026-05-07 13:35:51,385 INFO interview_audio_recorder Transcribed Candidate_Jessalyn_Espinoza_Valcourt_2026-05-07_Q1_custom_Why_ECE_sys.wav for speaker=CANDIDATE in 3.82s (7 kept segments, min_start=0.00)
2026-05-07 13:35:51,385 INFO interview_audio_recorder Full transcription completed for base_name=Candidate_Jessalyn_Espinoza_Valcourt_2026-05-07_Q1_custom_Why_ECE with 7 segments in 12.62s
2026-05-07 13:35:51,395 INFO interview_app.transcription_queue transcription_job_completed
2026-05-07 13:35:51,396 INFO interview_app.transcription_queue transcription_job_completed
2026-05-07 13:35:51,396 INFO __main__ transcription_job_state_changed
2026-05-07 13:36:46,253 INFO interview_app.transcription_queue transcription_job_queued
2026-05-07 13:36:46,254 INFO __main__ transcription_job_state_changed
2026-05-07 13:36:46,254 INFO interview_app.transcription_queue transcription_job_started
2026-05-07 13:36:46,255 INFO __main__ transcription_job_state_changed
2026-05-07 13:36:46,454 INFO interview_app.transcription_queue transcription_job_started
2026-05-07 13:36:46,455 WARNING interview_audio_recorder Audio file missing, skipping transcription: C:\Users\Dnord\Dropbox\David LPL work\Initial Teacher Interview Guide\interviews\Candidate_Jessalyn_Espinoza_Valcourt_2026-05-07_Q2_custom_Why_LPL_mic.wav
2026-05-07 13:36:46,547 INFO faster_whisper Processing audio with duration 01:05.534
2026-05-07 13:36:46,636 INFO faster_whisper VAD filter removed 00:28.976 of audio
2026-05-07 13:36:49,144 INFO interview_audio_recorder Transcribed Candidate_Jessalyn_Espinoza_Valcourt_2026-05-07_Q2_custom_Why_LPL_sys.wav for speaker=CANDIDATE in 2.69s (6 kept segments, min_start=0.00)
2026-05-07 13:36:49,145 INFO interview_audio_recorder Full transcription completed for base_name=Candidate_Jessalyn_Espinoza_Valcourt_2026-05-07_Q2_custom_Why_LPL with 6 segments in 2.69s
2026-05-07 13:36:49,157 INFO interview_app.transcription_queue transcription_job_completed
2026-05-07 13:36:49,158 INFO interview_app.transcription_queue transcription_job_completed
2026-05-07 13:36:49,158 INFO __main__ transcription_job_state_changed
2026-05-07 13:37:34,024 INFO interview_app.transcription_queue transcription_job_queued
2026-05-07 13:37:34,024 INFO __main__ transcription_job_state_changed
2026-05-07 13:37:34,025 INFO interview_app.transcription_queue transcription_job_started
2026-05-07 13:37:34,027 INFO __main__ transcription_job_state_changed
2026-05-07 13:37:34,276 INFO interview_app.transcription_queue transcription_job_started
2026-05-07 13:37:34,277 WARNING interview_audio_recorder Audio file missing, skipping transcription: C:\Users\Dnord\Dropbox\David LPL work\Initial Teacher Interview Guide\interviews\Candidate_Jessalyn_Espinoza_Valcourt_2026-05-07_Q3_trait_trait_1_mic.wav
2026-05-07 13:37:34,361 INFO faster_whisper Processing audio with duration 00:40.958
2026-05-07 13:37:34,414 INFO faster_whisper VAD filter removed 00:08.752 of audio
2026-05-07 13:37:36,902 INFO interview_audio_recorder Transcribed Candidate_Jessalyn_Espinoza_Valcourt_2026-05-07_Q3_trait_trait_1_sys.wav for speaker=CANDIDATE in 2.62s (5 kept segments, min_start=0.00)
2026-05-07 13:37:36,902 INFO interview_audio_recorder Full transcription completed for base_name=Candidate_Jessalyn_Espinoza_Valcourt_2026-05-07_Q3_trait_trait_1 with 5 segments in 2.63s
2026-05-07 13:37:36,912 INFO interview_app.transcription_queue transcription_job_completed
2026-05-07 13:37:36,912 INFO interview_app.transcription_queue transcription_job_completed
2026-05-07 13:37:36,912 INFO __main__ transcription_job_state_changed
2026-05-07 13:38:26,236 INFO interview_app.transcription_queue transcription_job_queued
2026-05-07 13:38:26,237 INFO __main__ transcription_job_state_changed
2026-05-07 13:38:26,238 INFO interview_app.transcription_queue transcription_job_started
2026-05-07 13:38:26,239 INFO __main__ transcription_job_state_changed
2026-05-07 13:38:26,483 INFO interview_app.transcription_queue transcription_job_started
2026-05-07 13:38:26,485 WARNING interview_audio_recorder Audio file missing, skipping transcription: C:\Users\Dnord\Dropbox\David LPL work\Initial Teacher Interview Guide\interviews\Candidate_Jessalyn_Espinoza_Valcourt_2026-05-07_Q4_trait_trait_2_mic.wav
2026-05-07 13:38:26,566 INFO faster_whisper Processing audio with duration 00:49.150
2026-05-07 13:38:26,632 INFO faster_whisper VAD filter removed 00:12.830 of audio
2026-05-07 13:38:29,387 INFO interview_audio_recorder Transcribed Candidate_Jessalyn_Espinoza_Valcourt_2026-05-07_Q4_trait_trait_2_sys.wav for speaker=CANDIDATE in 2.90s (6 kept segments, min_start=0.00)
2026-05-07 13:38:29,388 INFO interview_audio_recorder Full transcription completed for base_name=Candidate_Jessalyn_Espinoza_Valcourt_2026-05-07_Q4_trait_trait_2 with 6 segments in 2.90s
2026-05-07 13:38:29,399 INFO interview_app.transcription_queue transcription_job_completed
2026-05-07 13:38:29,399 INFO interview_app.transcription_queue transcription_job_completed
2026-05-07 13:38:29,399 INFO __main__ transcription_job_state_changed
2026-05-07 13:39:13,800 INFO interview_app.transcription_queue transcription_job_queued
2026-05-07 13:39:13,801 INFO __main__ transcription_job_state_changed
2026-05-07 13:39:13,801 INFO interview_app.transcription_queue transcription_job_started
2026-05-07 13:39:13,802 INFO __main__ transcription_job_state_changed
2026-05-07 13:39:14,017 INFO interview_app.transcription_queue transcription_job_started
2026-05-07 13:39:14,019 WARNING interview_audio_recorder Audio file missing, skipping transcription: C:\Users\Dnord\Dropbox\David LPL work\Initial Teacher Interview Guide\interviews\Candidate_Jessalyn_Espinoza_Valcourt_2026-05-07_Q5_trait_trait_3_mic.wav
2026-05-07 13:39:14,108 INFO faster_whisper Processing audio with duration 00:40.958
2026-05-07 13:39:14,166 INFO faster_whisper VAD filter removed 00:17.616 of audio
2026-05-07 13:39:16,783 INFO interview_audio_recorder Transcribed Candidate_Jessalyn_Espinoza_Valcourt_2026-05-07_Q5_trait_trait_3_sys.wav for speaker=CANDIDATE in 2.76s (5 kept segments, min_start=0.00)
2026-05-07 13:39:16,785 INFO interview_audio_recorder Full transcription completed for base_name=Candidate_Jessalyn_Espinoza_Valcourt_2026-05-07_Q5_trait_trait_3 with 5 segments in 2.77s
2026-05-07 13:39:16,801 INFO interview_app.transcription_queue transcription_job_completed
2026-05-07 13:39:16,802 INFO interview_app.transcription_queue transcription_job_completed
2026-05-07 13:39:16,802 INFO __main__ transcription_job_state_changed
2026-05-07 13:39:57,282 INFO interview_app.transcription_queue transcription_job_queued
2026-05-07 13:39:57,282 INFO __main__ transcription_job_state_changed
2026-05-07 13:39:57,282 INFO interview_app.transcription_queue transcription_job_started
2026-05-07 13:39:57,283 INFO __main__ transcription_job_state_changed
2026-05-07 13:39:57,520 INFO interview_app.transcription_queue transcription_job_started
2026-05-07 13:39:57,522 WARNING interview_audio_recorder Audio file missing, skipping transcription: C:\Users\Dnord\Dropbox\David LPL work\Initial Teacher Interview Guide\interviews\Candidate_Jessalyn_Espinoza_Valcourt_2026-05-07_Q6_trait_trait_4_mic.wav
2026-05-07 13:39:57,606 INFO faster_whisper Processing audio with duration 00:40.958
2026-05-07 13:39:57,663 INFO faster_whisper VAD filter removed 00:18.494 of audio
2026-05-07 13:39:59,691 INFO interview_audio_recorder Transcribed Candidate_Jessalyn_Espinoza_Valcourt_2026-05-07_Q6_trait_trait_4_sys.wav for speaker=CANDIDATE in 2.17s (4 kept segments, min_start=0.00)
2026-05-07 13:39:59,691 INFO interview_audio_recorder Full transcription completed for base_name=Candidate_Jessalyn_Espinoza_Valcourt_2026-05-07_Q6_trait_trait_4 with 4 segments in 2.17s
2026-05-07 13:39:59,703 INFO interview_app.transcription_queue transcription_job_completed
2026-05-07 13:39:59,703 INFO interview_app.transcription_queue transcription_job_completed
2026-05-07 13:39:59,704 INFO __main__ transcription_job_state_changed
2026-05-07 13:40:40,920 INFO interview_app.transcription_queue transcription_job_queued
2026-05-07 13:40:40,920 INFO __main__ transcription_job_state_changed
2026-05-07 13:40:40,921 INFO interview_app.transcription_queue transcription_job_started
2026-05-07 13:40:40,922 INFO __main__ transcription_job_state_changed
2026-05-07 13:40:41,140 INFO interview_app.transcription_queue transcription_job_started
2026-05-07 13:40:41,141 WARNING interview_audio_recorder Audio file missing, skipping transcription: C:\Users\Dnord\Dropbox\David LPL work\Initial Teacher Interview Guide\interviews\Candidate_Jessalyn_Espinoza_Valcourt_2026-05-07_Q7_trait_trait_5_mic.wav
2026-05-07 13:40:41,226 INFO faster_whisper Processing audio with duration 00:40.958
2026-05-07 13:40:41,283 INFO faster_whisper VAD filter removed 00:18.558 of audio
2026-05-07 13:40:43,871 INFO interview_audio_recorder Transcribed Candidate_Jessalyn_Espinoza_Valcourt_2026-05-07_Q7_trait_trait_5_sys.wav for speaker=CANDIDATE in 2.73s (2 kept segments, min_start=0.00)
2026-05-07 13:40:43,872 INFO interview_audio_recorder Full transcription completed for base_name=Candidate_Jessalyn_Espinoza_Valcourt_2026-05-07_Q7_trait_trait_5 with 2 segments in 2.73s
2026-05-07 13:40:43,886 INFO interview_app.transcription_queue transcription_job_completed
2026-05-07 13:40:43,886 INFO interview_app.transcription_queue transcription_job_completed
2026-05-07 13:40:43,886 INFO __main__ transcription_job_state_changed
2026-05-07 13:41:16,555 INFO interview_app.transcription_queue transcription_job_queued
2026-05-07 13:41:16,556 INFO __main__ transcription_job_state_changed
2026-05-07 13:41:16,557 INFO interview_app.transcription_queue transcription_job_started
2026-05-07 13:41:16,558 INFO __main__ transcription_job_state_changed
2026-05-07 13:41:16,792 INFO interview_app.transcription_queue transcription_job_started
2026-05-07 13:41:16,794 WARNING interview_audio_recorder Audio file missing, skipping transcription: C:\Users\Dnord\Dropbox\David LPL work\Initial Teacher Interview Guide\interviews\Candidate_Jessalyn_Espinoza_Valcourt_2026-05-07_Q8_trait_trait_6_mic.wav
2026-05-07 13:41:16,881 INFO faster_whisper Processing audio with duration 00:32.766
2026-05-07 13:41:16,928 INFO faster_whisper VAD filter removed 00:08.912 of audio
2026-05-07 13:41:19,591 INFO interview_audio_recorder Transcribed Candidate_Jessalyn_Espinoza_Valcourt_2026-05-07_Q8_trait_trait_6_sys.wav for speaker=CANDIDATE in 2.80s (6 kept segments, min_start=0.00)
2026-05-07 13:41:19,592 INFO interview_audio_recorder Full transcription completed for base_name=Candidate_Jessalyn_Espinoza_Valcourt_2026-05-07_Q8_trait_trait_6 with 6 segments in 2.80s
2026-05-07 13:41:19,600 INFO interview_app.transcription_queue transcription_job_completed
2026-05-07 13:41:19,601 INFO interview_app.transcription_queue transcription_job_completed
2026-05-07 13:41:19,601 INFO __main__ transcription_job_state_changed
2026-05-07 13:41:24,775 INFO interview_app.transcription_queue transcription_job_queued
2026-05-07 13:41:24,776 INFO __main__ transcription_job_state_changed
2026-05-07 13:41:24,776 INFO interview_app.transcription_queue transcription_job_started
2026-05-07 13:41:24,777 INFO __main__ transcription_job_state_changed
2026-05-07 13:41:24,924 INFO interview_app.transcription_queue transcription_job_started
2026-05-07 13:41:24,930 ERROR interview_audio_recorder stop_and_transcribe_failed
Traceback (most recent call last):
  File "C:\Users\Dnord\Dropbox\David LPL work\Initial Teacher Interview Guide\src\interview_audio_recorder.py", line 264, in stop_and_transcribe
    _ensure_at_least_one_audio_track({"mic": self.mic_wav, "system": self.sys_wav})
  File "C:\Users\Dnord\Dropbox\David LPL work\Initial Teacher Interview Guide\src\interview_audio_recorder.py", line 680, in _ensure_at_least_one_audio_track
    raise RuntimeError(f"No transcribable audio tracks were found: {details}")
RuntimeError: No transcribable audio tracks were found: mic audio file is missing: C:\Users\Dnord\Dropbox\David LPL work\Initial Teacher Interview Guide\interviews\Candidate_Jessalyn_Espinoza_Valcourt_2026-05-07_Q12_custom_FT_or_PT_mic.wav; system audio file is empty: C:\Users\Dnord\Dropbox\David LPL work\Initial Teacher Interview Guide\interviews\Candidate_Jessalyn_Espinoza_Valcourt_2026-05-07_Q12_custom_FT_or_PT_sys.wav
2026-05-07 13:41:24,930 INFO interview_app.transcription_queue transcription_job_failed
2026-05-07 13:41:24,931 INFO interview_app.transcription_queue transcription_job_failed
2026-05-07 13:41:24,931 INFO __main__ transcription_job_state_changed
2026-05-07 13:41:31,119 INFO interview_app.transcription_queue transcription_job_queued
2026-05-07 13:41:31,119 INFO __main__ transcription_job_state_changed
2026-05-07 13:41:31,120 INFO interview_app.transcription_queue transcription_job_started
2026-05-07 13:41:31,121 INFO __main__ transcription_job_state_changed
2026-05-07 13:41:31,277 INFO interview_app.transcription_queue transcription_job_started
2026-05-07 13:41:31,283 ERROR interview_audio_recorder stop_and_transcribe_failed
Traceback (most recent call last):
  File "C:\Users\Dnord\Dropbox\David LPL work\Initial Teacher Interview Guide\src\interview_audio_recorder.py", line 264, in stop_and_transcribe
    _ensure_at_least_one_audio_track({"mic": self.mic_wav, "system": self.sys_wav})
  File "C:\Users\Dnord\Dropbox\David LPL work\Initial Teacher Interview Guide\src\interview_audio_recorder.py", line 680, in _ensure_at_least_one_audio_track
    raise RuntimeError(f"No transcribable audio tracks were found: {details}")
RuntimeError: No transcribable audio tracks were found: mic audio file is missing: C:\Users\Dnord\Dropbox\David LPL work\Initial Teacher Interview Guide\interviews\Candidate_Jessalyn_Espinoza_Valcourt_2026-05-07_Q13_custom_Not_Avail_mic.wav; system audio file is empty: C:\Users\Dnord\Dropbox\David LPL work\Initial Teacher Interview Guide\interviews\Candidate_Jessalyn_Espinoza_Valcourt_2026-05-07_Q13_custom_Not_Avail_sys.wav
2026-05-07 13:41:31,284 INFO interview_app.transcription_queue transcription_job_failed
2026-05-07 13:41:31,285 INFO interview_app.transcription_queue transcription_job_failed
2026-05-07 13:41:31,285 INFO __main__ transcription_job_state_changed
2026-05-07 13:42:01,628 INFO interview_app.transcription_queue transcription_job_queued
2026-05-07 13:42:01,629 INFO __main__ transcription_job_state_changed
2026-05-07 13:42:01,629 INFO interview_app.transcription_queue transcription_job_started
2026-05-07 13:42:01,629 INFO __main__ transcription_job_state_changed
2026-05-07 13:42:01,783 INFO interview_app.transcription_queue transcription_job_started
2026-05-07 13:42:01,785 WARNING interview_audio_recorder Audio file missing, skipping transcription: C:\Users\Dnord\Dropbox\David LPL work\Initial Teacher Interview Guide\interviews\Candidate_Jessalyn_Espinoza_Valcourt_2026-05-07_Q14_custom_Pay_mic.wav
2026-05-07 13:42:01,866 INFO faster_whisper Processing audio with duration 00:24.574
2026-05-07 13:42:01,900 INFO faster_whisper VAD filter removed 00:11.886 of audio
2026-05-07 13:42:02,757 INFO interview_audio_recorder Transcribed Candidate_Jessalyn_Espinoza_Valcourt_2026-05-07_Q14_custom_Pay_sys.wav for speaker=CANDIDATE in 0.97s (2 kept segments, min_start=0.00)
2026-05-07 13:42:02,758 INFO interview_audio_recorder Full transcription completed for base_name=Candidate_Jessalyn_Espinoza_Valcourt_2026-05-07_Q14_custom_Pay with 2 segments in 0.97s
2026-05-07 13:42:02,767 INFO interview_app.transcription_queue transcription_job_completed
2026-05-07 13:42:02,768 INFO interview_app.transcription_queue transcription_job_completed
2026-05-07 13:42:02,768 INFO __main__ transcription_job_state_changed
2026-05-07 13:42:23,665 INFO interview_app.transcription_queue transcription_job_queued
2026-05-07 13:42:23,665 INFO __main__ transcription_job_state_changed
2026-05-07 13:42:23,666 INFO interview_app.transcription_queue transcription_job_started
2026-05-07 13:42:23,666 INFO __main__ transcription_job_state_changed
2026-05-07 13:42:23,684 WARNING __main__ transcription_health_failed
2026-05-07 13:42:23,686 INFO interview_app.transcription_queue transcription_job_started
2026-05-07 13:42:23,687 WARNING interview_audio_recorder Audio file missing, skipping transcription: C:\Users\Dnord\Dropbox\David LPL work\Initial Teacher Interview Guide\interviews\Candidate_Jessalyn_Espinoza_Valcourt_2026-05-07_Q15_custom_Start_mic.wav
2026-05-07 13:42:23,777 INFO faster_whisper Processing audio with duration 00:16.382
2026-05-07 13:42:23,800 INFO faster_whisper VAD filter removed 00:01.600 of audio
2026-05-07 13:42:24,927 INFO interview_audio_recorder Transcribed Candidate_Jessalyn_Espinoza_Valcourt_2026-05-07_Q15_custom_Start_sys.wav for speaker=CANDIDATE in 1.24s (4 kept segments, min_start=0.00)
2026-05-07 13:42:24,927 INFO interview_audio_recorder Full transcription completed for base_name=Candidate_Jessalyn_Espinoza_Valcourt_2026-05-07_Q15_custom_Start with 4 segments in 1.24s
2026-05-07 13:42:24,941 INFO interview_app.transcription_queue transcription_job_completed
2026-05-07 13:42:24,941 INFO interview_app.transcription_queue transcription_job_completed
2026-05-07 13:42:24,941 INFO __main__ transcription_job_state_changed
2026-05-07 13:42:32,123 INFO runtime_wrapper runtime_wrapper_exit
2026-05-08 13:34:41,036 INFO runtime_wrapper runtime_wrapper_start
2026-05-08 13:34:41,774 INFO app_logging app_logging_initialized
2026-05-08 13:38:26,009 INFO interview_app.transcription_queue transcription_job_queued
2026-05-08 13:38:26,009 INFO __main__ transcription_job_state_changed
2026-05-08 13:38:26,010 INFO interview_app.transcription_queue transcription_job_started
2026-05-08 13:38:26,011 INFO __main__ transcription_job_state_changed
2026-05-08 13:38:26,512 INFO interview_app.transcription_queue transcription_job_started
2026-05-08 13:38:40,259 INFO httpx HTTP Request: GET https://huggingface.co/api/models/Systran/faster-whisper-large-v3/revision/main "HTTP/1.1 200 OK"
2026-05-08 13:38:45,485 INFO interview_audio_recorder Initialized Whisper model cache for model=large-v3 device=cuda compute_type=float16 in 5.85s
2026-05-08 13:38:45,486 WARNING interview_audio_recorder Audio file missing, skipping transcription: C:\Users\Dnord\Dropbox\David LPL work\Initial Teacher Interview Guide\interviews\Candidate_Elizabeth_Barrios_2026-05-08_Q1_custom_Why_ECE_mic.wav
2026-05-08 13:38:45,597 INFO faster_whisper Processing audio with duration 01:05.534
2026-05-08 13:38:45,929 INFO faster_whisper VAD filter removed 00:00.000 of audio
2026-05-08 13:38:52,449 INFO interview_audio_recorder Transcribed Candidate_Elizabeth_Barrios_2026-05-08_Q1_custom_Why_ECE_sys.wav for speaker=CANDIDATE in 6.96s (10 kept segments, min_start=0.00)
2026-05-08 13:38:52,450 INFO interview_audio_recorder Full transcription completed for base_name=Candidate_Elizabeth_Barrios_2026-05-08_Q1_custom_Why_ECE with 10 segments in 25.94s
2026-05-08 13:38:52,462 INFO interview_app.transcription_queue transcription_job_completed
2026-05-08 13:38:52,462 INFO interview_app.transcription_queue transcription_job_completed
2026-05-08 13:38:52,463 INFO __main__ transcription_job_state_changed
2026-05-08 13:39:24,104 INFO interview_app.transcription_queue transcription_job_queued
2026-05-08 13:39:24,105 INFO __main__ transcription_job_state_changed
2026-05-08 13:39:24,105 INFO interview_app.transcription_queue transcription_job_started
2026-05-08 13:39:24,105 INFO __main__ transcription_job_state_changed
2026-05-08 13:39:24,614 INFO interview_app.transcription_queue transcription_job_started
2026-05-08 13:39:24,615 WARNING interview_audio_recorder Audio file missing, skipping transcription: C:\Users\Dnord\Dropbox\David LPL work\Initial Teacher Interview Guide\interviews\Candidate_Elizabeth_Barrios_2026-05-08_Q2_custom_Why_LPL_mic.wav
2026-05-08 13:39:24,701 INFO faster_whisper Processing audio with duration 00:49.150
2026-05-08 13:39:24,766 INFO faster_whisper VAD filter removed 00:11.550 of audio
2026-05-08 13:39:27,157 INFO interview_audio_recorder Transcribed Candidate_Elizabeth_Barrios_2026-05-08_Q2_custom_Why_LPL_sys.wav for speaker=CANDIDATE in 2.54s (2 kept segments, min_start=0.00)
2026-05-08 13:39:27,158 INFO interview_audio_recorder Full transcription completed for base_name=Candidate_Elizabeth_Barrios_2026-05-08_Q2_custom_Why_LPL with 2 segments in 2.54s
2026-05-08 13:39:27,169 INFO interview_app.transcription_queue transcription_job_completed
2026-05-08 13:39:27,169 INFO interview_app.transcription_queue transcription_job_completed
2026-05-08 13:39:27,169 INFO __main__ transcription_job_state_changed
2026-05-08 13:40:38,822 INFO interview_app.transcription_queue transcription_job_queued
2026-05-08 13:40:38,822 INFO __main__ transcription_job_state_changed
2026-05-08 13:40:38,823 INFO interview_app.transcription_queue transcription_job_started
2026-05-08 13:40:38,824 INFO __main__ transcription_job_state_changed
2026-05-08 13:40:39,310 INFO interview_app.transcription_queue transcription_job_started
2026-05-08 13:40:39,312 WARNING interview_audio_recorder Audio file missing, skipping transcription: C:\Users\Dnord\Dropbox\David LPL work\Initial Teacher Interview Guide\interviews\Candidate_Elizabeth_Barrios_2026-05-08_Q3_trait_trait_1_mic.wav
2026-05-08 13:40:39,399 INFO faster_whisper Processing audio with duration 01:05.534
2026-05-08 13:40:39,483 INFO faster_whisper VAD filter removed 00:07.424 of audio
2026-05-08 13:40:43,900 INFO interview_audio_recorder Transcribed Candidate_Elizabeth_Barrios_2026-05-08_Q3_trait_trait_1_sys.wav for speaker=CANDIDATE in 4.59s (15 kept segments, min_start=0.00)
2026-05-08 13:40:43,901 INFO interview_audio_recorder Full transcription completed for base_name=Candidate_Elizabeth_Barrios_2026-05-08_Q3_trait_trait_1 with 15 segments in 4.59s
2026-05-08 13:40:43,914 INFO interview_app.transcription_queue transcription_job_completed
2026-05-08 13:40:43,915 INFO interview_app.transcription_queue transcription_job_completed
2026-05-08 13:40:43,915 INFO __main__ transcription_job_state_changed
2026-05-08 13:41:32,028 INFO interview_app.transcription_queue transcription_job_queued
2026-05-08 13:41:32,028 INFO __main__ transcription_job_state_changed
2026-05-08 13:41:32,029 INFO interview_app.transcription_queue transcription_job_started
2026-05-08 13:41:32,030 INFO __main__ transcription_job_state_changed
2026-05-08 13:41:32,490 INFO interview_app.transcription_queue transcription_job_started
2026-05-08 13:41:32,492 WARNING interview_audio_recorder Audio file missing, skipping transcription: C:\Users\Dnord\Dropbox\David LPL work\Initial Teacher Interview Guide\interviews\Candidate_Elizabeth_Barrios_2026-05-08_Q4_trait_trait_2_mic.wav
2026-05-08 13:41:32,574 INFO faster_whisper Processing audio with duration 00:49.150
2026-05-08 13:41:32,638 INFO faster_whisper VAD filter removed 00:11.326 of audio
2026-05-08 13:41:35,410 INFO interview_audio_recorder Transcribed Candidate_Elizabeth_Barrios_2026-05-08_Q4_trait_trait_2_sys.wav for speaker=CANDIDATE in 2.92s (7 kept segments, min_start=0.00)
2026-05-08 13:41:35,411 INFO interview_audio_recorder Full transcription completed for base_name=Candidate_Elizabeth_Barrios_2026-05-08_Q4_trait_trait_2 with 7 segments in 2.92s
2026-05-08 13:41:35,422 INFO interview_app.transcription_queue transcription_job_completed
2026-05-08 13:41:35,422 INFO interview_app.transcription_queue transcription_job_completed
2026-05-08 13:41:35,422 INFO __main__ transcription_job_state_changed
2026-05-08 13:42:51,653 INFO interview_app.transcription_queue transcription_job_queued
2026-05-08 13:42:51,653 INFO __main__ transcription_job_state_changed
2026-05-08 13:42:51,654 INFO interview_app.transcription_queue transcription_job_started
2026-05-08 13:42:51,654 INFO __main__ transcription_job_state_changed
2026-05-08 13:42:52,140 INFO interview_app.transcription_queue transcription_job_started
2026-05-08 13:42:52,141 WARNING interview_audio_recorder Audio file missing, skipping transcription: C:\Users\Dnord\Dropbox\David LPL work\Initial Teacher Interview Guide\interviews\Candidate_Elizabeth_Barrios_2026-05-08_Q12_custom_FT_or_PT_mic.wav
2026-05-08 13:42:52,225 INFO faster_whisper Processing audio with duration 00:57.342
2026-05-08 13:42:52,300 INFO faster_whisper VAD filter removed 00:05.902 of audio
2026-05-08 13:42:55,681 INFO interview_audio_recorder Transcribed Candidate_Elizabeth_Barrios_2026-05-08_Q12_custom_FT_or_PT_sys.wav for speaker=CANDIDATE in 3.54s (8 kept segments, min_start=0.00)
2026-05-08 13:42:55,681 INFO interview_audio_recorder Full transcription completed for base_name=Candidate_Elizabeth_Barrios_2026-05-08_Q12_custom_FT_or_PT with 8 segments in 3.54s
2026-05-08 13:42:55,692 INFO interview_app.transcription_queue transcription_job_completed
2026-05-08 13:42:55,692 INFO interview_app.transcription_queue transcription_job_completed
2026-05-08 13:42:55,692 INFO __main__ transcription_job_state_changed
2026-05-08 13:43:06,938 INFO interview_app.transcription_queue transcription_job_queued
2026-05-08 13:43:06,938 INFO __main__ transcription_job_state_changed
2026-05-08 13:43:06,939 INFO interview_app.transcription_queue transcription_job_started
2026-05-08 13:43:06,940 INFO __main__ transcription_job_state_changed
2026-05-08 13:43:07,449 INFO interview_app.transcription_queue transcription_job_started
2026-05-08 13:43:07,450 WARNING interview_audio_recorder Audio file missing, skipping transcription: C:\Users\Dnord\Dropbox\David LPL work\Initial Teacher Interview Guide\interviews\Candidate_Elizabeth_Barrios_2026-05-08_Q13_custom_Not_Avail_mic.wav
2026-05-08 13:43:07,517 INFO faster_whisper Processing audio with duration 00:08.190
2026-05-08 13:43:07,528 INFO faster_whisper VAD filter removed 00:03.056 of audio
2026-05-08 13:43:08,181 INFO interview_audio_recorder Transcribed Candidate_Elizabeth_Barrios_2026-05-08_Q13_custom_Not_Avail_sys.wav for speaker=CANDIDATE in 0.73s (1 kept segments, min_start=0.00)
2026-05-08 13:43:08,181 INFO interview_audio_recorder Full transcription completed for base_name=Candidate_Elizabeth_Barrios_2026-05-08_Q13_custom_Not_Avail with 1 segments in 0.73s
2026-05-08 13:43:08,192 INFO interview_app.transcription_queue transcription_job_completed
2026-05-08 13:43:08,193 INFO interview_app.transcription_queue transcription_job_completed
2026-05-08 13:43:08,193 INFO __main__ transcription_job_state_changed
2026-05-08 13:43:28,511 INFO interview_app.transcription_queue transcription_job_queued
2026-05-08 13:43:28,512 INFO __main__ transcription_job_state_changed
2026-05-08 13:43:28,513 INFO interview_app.transcription_queue transcription_job_started
2026-05-08 13:43:28,513 INFO __main__ transcription_job_state_changed
2026-05-08 13:43:28,892 INFO interview_app.transcription_queue transcription_job_started
2026-05-08 13:43:28,894 WARNING interview_audio_recorder Audio file missing, skipping transcription: C:\Users\Dnord\Dropbox\David LPL work\Initial Teacher Interview Guide\interviews\Candidate_Elizabeth_Barrios_2026-05-08_Q14_custom_Pay_mic.wav
2026-05-08 13:43:28,965 INFO faster_whisper Processing audio with duration 00:16.382
2026-05-08 13:43:28,987 INFO faster_whisper VAD filter removed 00:06.414 of audio
2026-05-08 13:43:29,816 INFO interview_audio_recorder Transcribed Candidate_Elizabeth_Barrios_2026-05-08_Q14_custom_Pay_sys.wav for speaker=CANDIDATE in 0.92s (2 kept segments, min_start=0.00)
2026-05-08 13:43:29,817 INFO interview_audio_recorder Full transcription completed for base_name=Candidate_Elizabeth_Barrios_2026-05-08_Q14_custom_Pay with 2 segments in 0.92s
2026-05-08 13:43:29,828 INFO interview_app.transcription_queue transcription_job_completed
2026-05-08 13:43:29,829 INFO interview_app.transcription_queue transcription_job_completed
2026-05-08 13:43:29,829 INFO __main__ transcription_job_state_changed
2026-05-08 13:44:35,162 INFO interview_app.transcription_queue transcription_job_queued
2026-05-08 13:44:35,163 INFO __main__ transcription_job_state_changed
2026-05-08 13:44:35,164 INFO interview_app.transcription_queue transcription_job_started
2026-05-08 13:44:35,164 INFO __main__ transcription_job_state_changed
2026-05-08 13:44:35,194 INFO interview_app.transcription_queue transcription_job_started
2026-05-08 13:44:35,196 WARNING interview_audio_recorder Audio file missing, skipping transcription: C:\Users\Dnord\Dropbox\David LPL work\Initial Teacher Interview Guide\interviews\Candidate_Elizabeth_Barrios_2026-05-08_Q15_custom_Start_mic.wav
2026-05-08 13:44:35,280 INFO faster_whisper Processing audio with duration 00:57.342
2026-05-08 13:44:35,355 INFO faster_whisper VAD filter removed 00:42.206 of audio
2026-05-08 13:44:36,644 INFO interview_audio_recorder Transcribed Candidate_Elizabeth_Barrios_2026-05-08_Q15_custom_Start_sys.wav for speaker=CANDIDATE in 1.45s (1 kept segments, min_start=0.00)
2026-05-08 13:44:36,645 INFO interview_audio_recorder Full transcription completed for base_name=Candidate_Elizabeth_Barrios_2026-05-08_Q15_custom_Start with 1 segments in 1.45s
2026-05-08 13:44:36,658 INFO interview_app.transcription_queue transcription_job_completed
2026-05-08 13:44:36,658 INFO interview_app.transcription_queue transcription_job_completed
2026-05-08 13:44:36,658 INFO __main__ transcription_job_state_changed
2026-05-08 14:03:54,498 INFO interview_app.transcription_queue transcription_job_queued
2026-05-08 14:03:54,499 INFO __main__ transcription_job_state_changed
2026-05-08 14:03:54,500 INFO interview_app.transcription_queue transcription_job_started
2026-05-08 14:03:54,500 INFO __main__ transcription_job_state_changed
2026-05-08 14:03:55,027 INFO interview_app.transcription_queue transcription_job_started
2026-05-08 14:03:55,030 WARNING interview_audio_recorder Audio file missing, skipping transcription: C:\Users\Dnord\Dropbox\David LPL work\Initial Teacher Interview Guide\interviews\Candidate_Melany_Perez_2026-05-08_Q1_custom_Why_ECE_mic.wav
2026-05-08 14:03:55,120 INFO faster_whisper Processing audio with duration 00:32.766
2026-05-08 14:03:55,165 INFO faster_whisper VAD filter removed 00:05.726 of audio
2026-05-08 14:03:56,860 INFO interview_audio_recorder Transcribed Candidate_Melany_Perez_2026-05-08_Q1_custom_Why_ECE_sys.wav for speaker=CANDIDATE in 1.83s (4 kept segments, min_start=0.00)
2026-05-08 14:03:56,862 INFO interview_audio_recorder Full transcription completed for base_name=Candidate_Melany_Perez_2026-05-08_Q1_custom_Why_ECE with 4 segments in 1.83s
2026-05-08 14:03:56,874 INFO interview_app.transcription_queue transcription_job_completed
2026-05-08 14:03:56,874 INFO interview_app.transcription_queue transcription_job_completed
2026-05-08 14:03:56,874 INFO __main__ transcription_job_state_changed
2026-05-08 14:06:10,725 INFO interview_app.transcription_queue transcription_job_queued
2026-05-08 14:06:10,726 INFO __main__ transcription_job_state_changed
2026-05-08 14:06:10,727 INFO interview_app.transcription_queue transcription_job_started
2026-05-08 14:06:10,728 INFO __main__ transcription_job_state_changed
2026-05-08 14:06:11,159 INFO interview_app.transcription_queue transcription_job_started
2026-05-08 14:06:11,161 WARNING interview_audio_recorder Audio file missing, skipping transcription: C:\Users\Dnord\Dropbox\David LPL work\Initial Teacher Interview Guide\interviews\Candidate_Melany_Perez_2026-05-08_Q2_custom_Why_LPL_mic.wav
2026-05-08 14:06:11,256 INFO faster_whisper Processing audio with duration 02:11.070
2026-05-08 14:06:11,442 INFO faster_whisper VAD filter removed 00:20.144 of audio
2026-05-08 14:06:18,133 INFO interview_audio_recorder Transcribed Candidate_Melany_Perez_2026-05-08_Q2_custom_Why_LPL_sys.wav for speaker=CANDIDATE in 6.97s (14 kept segments, min_start=0.00)
2026-05-08 14:06:18,133 INFO interview_audio_recorder Full transcription completed for base_name=Candidate_Melany_Perez_2026-05-08_Q2_custom_Why_LPL with 14 segments in 6.97s
2026-05-08 14:06:18,143 INFO interview_app.transcription_queue transcription_job_completed
2026-05-08 14:06:18,144 INFO interview_app.transcription_queue transcription_job_completed
2026-05-08 14:06:18,144 INFO __main__ transcription_job_state_changed
2026-05-08 14:07:12,698 INFO interview_app.transcription_queue transcription_job_queued
2026-05-08 14:07:12,698 INFO __main__ transcription_job_state_changed
2026-05-08 14:07:12,699 INFO interview_app.transcription_queue transcription_job_started
2026-05-08 14:07:12,699 INFO __main__ transcription_job_state_changed
2026-05-08 14:07:13,243 INFO interview_app.transcription_queue transcription_job_started
2026-05-08 14:07:13,244 WARNING interview_audio_recorder Audio file missing, skipping transcription: C:\Users\Dnord\Dropbox\David LPL work\Initial Teacher Interview Guide\interviews\Candidate_Melany_Perez_2026-05-08_Q3_trait_trait_1_mic.wav
2026-05-08 14:07:13,331 INFO faster_whisper Processing audio with duration 00:57.342
2026-05-08 14:07:13,407 INFO faster_whisper VAD filter removed 00:07.984 of audio
2026-05-08 14:07:16,319 INFO interview_audio_recorder Transcribed Candidate_Melany_Perez_2026-05-08_Q3_trait_trait_1_sys.wav for speaker=CANDIDATE in 3.07s (2 kept segments, min_start=0.00)
2026-05-08 14:07:16,319 INFO interview_audio_recorder Full transcription completed for base_name=Candidate_Melany_Perez_2026-05-08_Q3_trait_trait_1 with 2 segments in 3.08s
2026-05-08 14:07:16,330 INFO interview_app.transcription_queue transcription_job_completed
2026-05-08 14:07:16,331 INFO interview_app.transcription_queue transcription_job_completed
2026-05-08 14:07:16,331 INFO __main__ transcription_job_state_changed
2026-05-08 14:08:29,164 INFO interview_app.transcription_queue transcription_job_queued
2026-05-08 14:08:29,165 INFO __main__ transcription_job_state_changed
2026-05-08 14:08:29,165 INFO interview_app.transcription_queue transcription_job_started
2026-05-08 14:08:29,166 INFO __main__ transcription_job_state_changed
2026-05-08 14:08:29,721 INFO interview_app.transcription_queue transcription_job_started
2026-05-08 14:08:29,723 WARNING interview_audio_recorder Audio file missing, skipping transcription: C:\Users\Dnord\Dropbox\David LPL work\Initial Teacher Interview Guide\interviews\Candidate_Melany_Perez_2026-05-08_Q4_trait_trait_2_mic.wav
2026-05-08 14:08:29,816 INFO faster_whisper Processing audio with duration 01:05.534
2026-05-08 14:08:29,899 INFO faster_whisper VAD filter removed 00:14.670 of audio
2026-05-08 14:08:33,286 INFO interview_audio_recorder Transcribed Candidate_Melany_Perez_2026-05-08_Q4_trait_trait_2_sys.wav for speaker=CANDIDATE in 3.56s (9 kept segments, min_start=0.00)
2026-05-08 14:08:33,287 INFO interview_audio_recorder Full transcription completed for base_name=Candidate_Melany_Perez_2026-05-08_Q4_trait_trait_2 with 9 segments in 3.56s
2026-05-08 14:08:33,300 INFO interview_app.transcription_queue transcription_job_completed
2026-05-08 14:08:33,300 INFO interview_app.transcription_queue transcription_job_completed
2026-05-08 14:08:33,300 INFO __main__ transcription_job_state_changed
2026-05-08 14:08:39,833 INFO runtime_wrapper runtime_wrapper_exit
2026-05-12 09:02:20,478 INFO runtime_wrapper runtime_wrapper_start
2026-05-12 09:02:21,048 INFO app_logging app_logging_initialized
2026-05-12 09:07:11,286 INFO interview_app.transcription_queue transcription_job_queued
2026-05-12 09:07:11,287 INFO __main__ transcription_job_state_changed
2026-05-12 09:07:11,289 INFO interview_app.transcription_queue transcription_job_started
2026-05-12 09:07:11,289 INFO __main__ transcription_job_state_changed
2026-05-12 09:07:11,560 INFO interview_app.transcription_queue transcription_job_started
2026-05-12 09:07:23,919 INFO httpx HTTP Request: GET https://huggingface.co/api/models/Systran/faster-whisper-large-v3/revision/main "HTTP/1.1 200 OK"
2026-05-12 09:07:28,412 INFO interview_audio_recorder Initialized Whisper model cache for model=large-v3 device=cuda compute_type=float16 in 5.05s
2026-05-12 09:07:28,412 WARNING interview_audio_recorder Audio file missing, skipping transcription: C:\Users\Dnord\Dropbox\David LPL work\Initial Teacher Interview Guide\interviews\Candidate_Morena_Ponce_Taborda_2026-05-12_Q1_custom_Why_ECE_mic.wav
2026-05-12 09:07:28,525 INFO faster_whisper Processing audio with duration 01:30.110
2026-05-12 09:07:28,841 INFO faster_whisper VAD filter removed 00:06.000 of audio
2026-05-12 09:07:36,707 INFO interview_audio_recorder Transcribed Candidate_Morena_Ponce_Taborda_2026-05-12_Q1_custom_Why_ECE_sys.wav for speaker=CANDIDATE in 8.29s (7 kept segments, min_start=0.00)
2026-05-12 09:07:36,708 INFO interview_audio_recorder Full transcription completed for base_name=Candidate_Morena_Ponce_Taborda_2026-05-12_Q1_custom_Why_ECE with 7 segments in 25.15s
2026-05-12 09:07:36,718 INFO interview_app.transcription_queue transcription_job_completed
2026-05-12 09:07:36,718 INFO interview_app.transcription_queue transcription_job_completed
2026-05-12 09:07:36,718 INFO __main__ transcription_job_state_changed
2026-05-12 09:08:14,778 INFO interview_app.transcription_queue transcription_job_queued
2026-05-12 09:08:14,779 INFO __main__ transcription_job_state_changed
2026-05-12 09:08:14,779 INFO interview_app.transcription_queue transcription_job_started
2026-05-12 09:08:14,780 INFO __main__ transcription_job_state_changed
2026-05-12 09:08:15,062 INFO interview_app.transcription_queue transcription_job_started
2026-05-12 09:08:15,064 WARNING interview_audio_recorder Audio file missing, skipping transcription: C:\Users\Dnord\Dropbox\David LPL work\Initial Teacher Interview Guide\interviews\Candidate_Morena_Ponce_Taborda_2026-05-12_Q2_custom_Why_LPL_mic.wav
2026-05-12 09:08:15,157 INFO faster_whisper Processing audio with duration 00:57.342
2026-05-12 09:08:15,237 INFO faster_whisper VAD filter removed 00:12.976 of audio
2026-05-12 09:08:17,909 INFO interview_audio_recorder Transcribed Candidate_Morena_Ponce_Taborda_2026-05-12_Q2_custom_Why_LPL_sys.wav for speaker=CANDIDATE in 2.84s (9 kept segments, min_start=0.00)
2026-05-12 09:08:17,910 INFO interview_audio_recorder Full transcription completed for base_name=Candidate_Morena_Ponce_Taborda_2026-05-12_Q2_custom_Why_LPL with 9 segments in 2.85s
2026-05-12 09:08:17,920 INFO interview_app.transcription_queue transcription_job_completed
2026-05-12 09:08:17,921 INFO interview_app.transcription_queue transcription_job_completed
2026-05-12 09:08:17,921 INFO __main__ transcription_job_state_changed
2026-05-12 09:09:50,703 INFO interview_app.transcription_queue transcription_job_queued
2026-05-12 09:09:50,704 INFO __main__ transcription_job_state_changed
2026-05-12 09:09:50,705 INFO interview_app.transcription_queue transcription_job_started
2026-05-12 09:09:50,705 INFO __main__ transcription_job_state_changed
2026-05-12 09:09:51,039 INFO interview_app.transcription_queue transcription_job_started
2026-05-12 09:09:51,041 WARNING interview_audio_recorder Audio file missing, skipping transcription: C:\Users\Dnord\Dropbox\David LPL work\Initial Teacher Interview Guide\interviews\Candidate_Morena_Ponce_Taborda_2026-05-12_Q3_trait_trait_1_mic.wav
2026-05-12 09:09:51,137 INFO faster_whisper Processing audio with duration 01:30.110
2026-05-12 09:09:51,253 INFO faster_whisper VAD filter removed 00:08.848 of audio
2026-05-12 09:10:00,441 INFO interview_audio_recorder Transcribed Candidate_Morena_Ponce_Taborda_2026-05-12_Q3_trait_trait_1_sys.wav for speaker=CANDIDATE in 9.40s (28 kept segments, min_start=0.00)
2026-05-12 09:10:00,443 INFO interview_audio_recorder Full transcription completed for base_name=Candidate_Morena_Ponce_Taborda_2026-05-12_Q3_trait_trait_1 with 28 segments in 9.40s
2026-05-12 09:10:00,457 INFO interview_app.transcription_queue transcription_job_completed
2026-05-12 09:10:00,457 INFO interview_app.transcription_queue transcription_job_completed
2026-05-12 09:10:00,458 INFO __main__ transcription_job_state_changed
2026-05-12 09:11:11,390 INFO interview_app.transcription_queue transcription_job_queued
2026-05-12 09:11:11,391 INFO __main__ transcription_job_state_changed
2026-05-12 09:11:11,391 INFO interview_app.transcription_queue transcription_job_started
2026-05-12 09:11:11,391 INFO __main__ transcription_job_state_changed
2026-05-12 09:11:11,724 INFO interview_app.transcription_queue transcription_job_started
2026-05-12 09:11:11,726 WARNING interview_audio_recorder Audio file missing, skipping transcription: C:\Users\Dnord\Dropbox\David LPL work\Initial Teacher Interview Guide\interviews\Candidate_Morena_Ponce_Taborda_2026-05-12_Q4_trait_trait_2_mic.wav
2026-05-12 09:11:11,817 INFO faster_whisper Processing audio with duration 01:13.726
2026-05-12 09:11:11,917 INFO faster_whisper VAD filter removed 00:09.872 of audio
2026-05-12 09:11:15,597 INFO interview_audio_recorder Transcribed Candidate_Morena_Ponce_Taborda_2026-05-12_Q4_trait_trait_2_sys.wav for speaker=CANDIDATE in 3.87s (11 kept segments, min_start=0.00)
2026-05-12 09:11:15,597 INFO interview_audio_recorder Full transcription completed for base_name=Candidate_Morena_Ponce_Taborda_2026-05-12_Q4_trait_trait_2 with 11 segments in 3.87s
2026-05-12 09:11:15,609 INFO interview_app.transcription_queue transcription_job_completed
2026-05-12 09:11:15,609 INFO interview_app.transcription_queue transcription_job_completed
2026-05-12 09:11:15,609 INFO __main__ transcription_job_state_changed
2026-05-12 09:13:03,346 INFO interview_app.transcription_queue transcription_job_queued
2026-05-12 09:13:03,347 INFO __main__ transcription_job_state_changed
2026-05-12 09:13:03,347 INFO interview_app.transcription_queue transcription_job_started
2026-05-12 09:13:03,347 INFO __main__ transcription_job_state_changed
2026-05-12 09:13:03,679 INFO interview_app.transcription_queue transcription_job_started
2026-05-12 09:13:03,681 WARNING interview_audio_recorder Audio file missing, skipping transcription: C:\Users\Dnord\Dropbox\David LPL work\Initial Teacher Interview Guide\interviews\Candidate_Morena_Ponce_Taborda_2026-05-12_Q5_trait_trait_3_mic.wav
2026-05-12 09:13:03,780 INFO faster_whisper Processing audio with duration 01:46.494
2026-05-12 09:13:03,928 INFO faster_whisper VAD filter removed 00:14.672 of audio
2026-05-12 09:13:10,920 INFO interview_audio_recorder Transcribed Candidate_Morena_Ponce_Taborda_2026-05-12_Q5_trait_trait_3_sys.wav for speaker=CANDIDATE in 7.24s (16 kept segments, min_start=0.00)
2026-05-12 09:13:10,921 INFO interview_audio_recorder Full transcription completed for base_name=Candidate_Morena_Ponce_Taborda_2026-05-12_Q5_trait_trait_3 with 16 segments in 7.24s
2026-05-12 09:13:10,937 INFO interview_app.transcription_queue transcription_job_completed
2026-05-12 09:13:10,937 INFO interview_app.transcription_queue transcription_job_completed
2026-05-12 09:13:10,938 INFO __main__ transcription_job_state_changed
2026-05-12 09:15:16,328 INFO interview_app.transcription_queue transcription_job_queued
2026-05-12 09:15:16,328 INFO __main__ transcription_job_state_changed
2026-05-12 09:15:16,329 INFO interview_app.transcription_queue transcription_job_started
2026-05-12 09:15:16,330 INFO __main__ transcription_job_state_changed
2026-05-12 09:15:16,876 INFO interview_app.transcription_queue transcription_job_started
2026-05-12 09:15:16,878 WARNING interview_audio_recorder Audio file missing, skipping transcription: C:\Users\Dnord\Dropbox\David LPL work\Initial Teacher Interview Guide\interviews\Candidate_Morena_Ponce_Taborda_2026-05-12_Q6_trait_trait_4_mic.wav
2026-05-12 09:15:16,980 INFO faster_whisper Processing audio with duration 02:02.878
2026-05-12 09:15:17,149 INFO faster_whisper VAD filter removed 00:10.736 of audio
2026-05-12 09:15:26,274 INFO interview_audio_recorder Transcribed Candidate_Morena_Ponce_Taborda_2026-05-12_Q6_trait_trait_4_sys.wav for speaker=CANDIDATE in 9.40s (20 kept segments, min_start=0.00)
2026-05-12 09:15:26,275 INFO interview_audio_recorder Full transcription completed for base_name=Candidate_Morena_Ponce_Taborda_2026-05-12_Q6_trait_trait_4 with 20 segments in 9.40s
2026-05-12 09:15:26,286 INFO interview_app.transcription_queue transcription_job_completed
2026-05-12 09:15:26,287 INFO interview_app.transcription_queue transcription_job_completed
2026-05-12 09:15:26,287 INFO __main__ transcription_job_state_changed
2026-05-12 09:16:38,803 INFO interview_app.transcription_queue transcription_job_queued
2026-05-12 09:16:38,804 INFO __main__ transcription_job_state_changed
2026-05-12 09:16:38,804 INFO interview_app.transcription_queue transcription_job_started
2026-05-12 09:16:38,804 INFO __main__ transcription_job_state_changed
2026-05-12 09:16:39,152 INFO interview_app.transcription_queue transcription_job_started
2026-05-12 09:16:39,154 WARNING interview_audio_recorder Audio file missing, skipping transcription: C:\Users\Dnord\Dropbox\David LPL work\Initial Teacher Interview Guide\interviews\Candidate_Morena_Ponce_Taborda_2026-05-12_Q7_trait_trait_5_mic.wav
2026-05-12 09:16:39,243 INFO faster_whisper Processing audio with duration 01:13.726
2026-05-12 09:16:39,339 INFO faster_whisper VAD filter removed 00:07.536 of audio
2026-05-12 09:16:43,027 INFO interview_audio_recorder Transcribed Candidate_Morena_Ponce_Taborda_2026-05-12_Q7_trait_trait_5_sys.wav for speaker=CANDIDATE in 3.87s (10 kept segments, min_start=0.00)
2026-05-12 09:16:43,029 INFO interview_audio_recorder Full transcription completed for base_name=Candidate_Morena_Ponce_Taborda_2026-05-12_Q7_trait_trait_5 with 10 segments in 3.87s
2026-05-12 09:16:43,041 INFO interview_app.transcription_queue transcription_job_completed
2026-05-12 09:16:43,042 INFO interview_app.transcription_queue transcription_job_completed
2026-05-12 09:16:43,042 INFO __main__ transcription_job_state_changed
2026-05-12 09:19:41,874 INFO interview_app.transcription_queue transcription_job_queued
2026-05-12 09:19:41,875 INFO __main__ transcription_job_state_changed
2026-05-12 09:19:41,875 INFO interview_app.transcription_queue transcription_job_started
2026-05-12 09:19:41,875 INFO __main__ transcription_job_state_changed
2026-05-12 09:19:42,211 INFO interview_app.transcription_queue transcription_job_started
2026-05-12 09:19:42,213 WARNING interview_audio_recorder Audio file missing, skipping transcription: C:\Users\Dnord\Dropbox\David LPL work\Initial Teacher Interview Guide\interviews\Candidate_Morena_Ponce_Taborda_2026-05-12_Q8_trait_trait_6_mic.wav
2026-05-12 09:19:42,327 INFO faster_whisper Processing audio with duration 03:00.222
2026-05-12 09:19:42,578 INFO faster_whisper VAD filter removed 00:36.080 of audio
2026-05-12 09:19:54,428 INFO interview_audio_recorder Transcribed Candidate_Morena_Ponce_Taborda_2026-05-12_Q8_trait_trait_6_sys.wav for speaker=CANDIDATE in 12.21s (25 kept segments, min_start=0.00)
2026-05-12 09:19:54,429 INFO interview_audio_recorder Full transcription completed for base_name=Candidate_Morena_Ponce_Taborda_2026-05-12_Q8_trait_trait_6 with 25 segments in 12.22s
2026-05-12 09:19:54,442 INFO interview_app.transcription_queue transcription_job_completed
2026-05-12 09:19:54,442 INFO interview_app.transcription_queue transcription_job_completed
2026-05-12 09:19:54,442 INFO __main__ transcription_job_state_changed
2026-05-12 09:21:16,201 INFO interview_app.transcription_queue transcription_job_queued
2026-05-12 09:21:16,202 INFO __main__ transcription_job_state_changed
2026-05-12 09:21:16,202 INFO interview_app.transcription_queue transcription_job_started
2026-05-12 09:21:16,203 INFO __main__ transcription_job_state_changed
2026-05-12 09:21:16,561 INFO interview_app.transcription_queue transcription_job_started
2026-05-12 09:21:16,563 WARNING interview_audio_recorder Audio file missing, skipping transcription: C:\Users\Dnord\Dropbox\David LPL work\Initial Teacher Interview Guide\interviews\Candidate_Morena_Ponce_Taborda_2026-05-12_Q9_trait_trait_7_mic.wav
2026-05-12 09:21:16,661 INFO faster_whisper Processing audio with duration 01:30.110
2026-05-12 09:21:16,782 INFO faster_whisper VAD filter removed 00:07.600 of audio
2026-05-12 09:21:23,149 INFO interview_audio_recorder Transcribed Candidate_Morena_Ponce_Taborda_2026-05-12_Q9_trait_trait_7_sys.wav for speaker=CANDIDATE in 6.58s (17 kept segments, min_start=0.00)
2026-05-12 09:21:23,149 INFO interview_audio_recorder Full transcription completed for base_name=Candidate_Morena_Ponce_Taborda_2026-05-12_Q9_trait_trait_7 with 17 segments in 6.59s
2026-05-12 09:21:23,161 INFO interview_app.transcription_queue transcription_job_completed
2026-05-12 09:21:23,161 INFO interview_app.transcription_queue transcription_job_completed
2026-05-12 09:21:23,162 INFO __main__ transcription_job_state_changed
2026-05-12 09:24:00,721 INFO interview_app.transcription_queue transcription_job_queued
2026-05-12 09:24:00,721 INFO __main__ transcription_job_state_changed
2026-05-12 09:24:00,723 INFO interview_app.transcription_queue transcription_job_started
2026-05-12 09:24:00,723 INFO __main__ transcription_job_state_changed
2026-05-12 09:24:01,072 INFO interview_app.transcription_queue transcription_job_started
2026-05-12 09:24:01,074 WARNING interview_audio_recorder Audio file missing, skipping transcription: C:\Users\Dnord\Dropbox\David LPL work\Initial Teacher Interview Guide\interviews\Candidate_Morena_Ponce_Taborda_2026-05-12_Q11_trait_trait_9_mic.wav
2026-05-12 09:24:01,182 INFO faster_whisper Processing audio with duration 02:35.646
2026-05-12 09:24:01,392 INFO faster_whisper VAD filter removed 00:10.974 of audio
2026-05-12 09:24:07,177 INFO interview_app.transcription_queue transcription_job_queued
2026-05-12 09:24:07,178 INFO __main__ transcription_job_state_changed
2026-05-12 09:24:07,179 INFO interview_app.transcription_queue transcription_job_started
2026-05-12 09:24:07,181 INFO __main__ transcription_job_state_changed
2026-05-12 09:24:07,532 INFO interview_app.transcription_queue transcription_job_started
2026-05-12 09:24:07,538 ERROR interview_audio_recorder stop_and_transcribe_failed
Traceback (most recent call last):
  File "C:\Users\Dnord\Dropbox\David LPL work\Initial Teacher Interview Guide\src\interview_audio_recorder.py", line 264, in stop_and_transcribe
    _ensure_at_least_one_audio_track({"mic": self.mic_wav, "system": self.sys_wav})
  File "C:\Users\Dnord\Dropbox\David LPL work\Initial Teacher Interview Guide\src\interview_audio_recorder.py", line 680, in _ensure_at_least_one_audio_track
    raise RuntimeError(f"No transcribable audio tracks were found: {details}")
RuntimeError: No transcribable audio tracks were found: mic audio file is missing: C:\Users\Dnord\Dropbox\David LPL work\Initial Teacher Interview Guide\interviews\Candidate_Morena_Ponce_Taborda_2026-05-12_Q12_custom_FT_or_PT_mic.wav; system audio file is empty: C:\Users\Dnord\Dropbox\David LPL work\Initial Teacher Interview Guide\interviews\Candidate_Morena_Ponce_Taborda_2026-05-12_Q12_custom_FT_or_PT_sys.wav
2026-05-12 09:24:07,539 INFO interview_app.transcription_queue transcription_job_failed
2026-05-12 09:24:07,540 INFO interview_app.transcription_queue transcription_job_failed
2026-05-12 09:24:07,541 INFO __main__ transcription_job_state_changed
2026-05-12 09:24:11,205 INFO interview_audio_recorder Transcribed Candidate_Morena_Ponce_Taborda_2026-05-12_Q11_trait_trait_9_sys.wav for speaker=CANDIDATE in 10.13s (23 kept segments, min_start=0.00)
2026-05-12 09:24:11,205 INFO interview_audio_recorder Full transcription completed for base_name=Candidate_Morena_Ponce_Taborda_2026-05-12_Q11_trait_trait_9 with 23 segments in 10.13s
2026-05-12 09:24:11,220 INFO interview_app.transcription_queue transcription_job_completed
2026-05-12 09:24:11,220 INFO interview_app.transcription_queue transcription_job_completed
2026-05-12 09:24:11,221 INFO __main__ transcription_job_state_changed
2026-05-12 09:24:25,707 INFO interview_app.transcription_queue transcription_job_queued
2026-05-12 09:24:25,708 INFO __main__ transcription_job_state_changed
2026-05-12 09:24:25,708 INFO interview_app.transcription_queue transcription_job_started
2026-05-12 09:24:25,709 INFO __main__ transcription_job_state_changed
2026-05-12 09:24:25,974 INFO interview_app.transcription_queue transcription_job_started
2026-05-12 09:24:25,976 WARNING interview_audio_recorder Audio file missing, skipping transcription: C:\Users\Dnord\Dropbox\David LPL work\Initial Teacher Interview Guide\interviews\Candidate_Morena_Ponce_Taborda_2026-05-12_Q13_custom_Not_Avail_mic.wav
2026-05-12 09:24:26,057 INFO faster_whisper Processing audio with duration 00:08.190
2026-05-12 09:24:26,068 INFO faster_whisper VAD filter removed 00:01.328 of audio
2026-05-12 09:24:26,712 INFO interview_audio_recorder Transcribed Candidate_Morena_Ponce_Taborda_2026-05-12_Q13_custom_Not_Avail_sys.wav for speaker=CANDIDATE in 0.74s (1 kept segments, min_start=0.00)
2026-05-12 09:24:26,712 INFO interview_audio_recorder Full transcription completed for base_name=Candidate_Morena_Ponce_Taborda_2026-05-12_Q13_custom_Not_Avail with 1 segments in 0.74s
2026-05-12 09:24:26,726 INFO interview_app.transcription_queue transcription_job_completed
2026-05-12 09:24:26,727 INFO interview_app.transcription_queue transcription_job_completed
2026-05-12 09:24:26,727 INFO __main__ transcription_job_state_changed
2026-05-12 09:24:41,480 INFO interview_app.transcription_queue transcription_job_queued
2026-05-12 09:24:41,481 INFO __main__ transcription_job_state_changed
2026-05-12 09:24:41,481 INFO interview_app.transcription_queue transcription_job_started
2026-05-12 09:24:41,482 INFO __main__ transcription_job_state_changed
2026-05-12 09:24:41,753 INFO interview_app.transcription_queue transcription_job_started
2026-05-12 09:24:41,755 WARNING interview_audio_recorder Audio file missing, skipping transcription: C:\Users\Dnord\Dropbox\David LPL work\Initial Teacher Interview Guide\interviews\Candidate_Morena_Ponce_Taborda_2026-05-12_Q14_custom_Start_mic.wav
2026-05-12 09:24:41,836 INFO faster_whisper Processing audio with duration 00:08.190
2026-05-12 09:24:41,847 INFO faster_whisper VAD filter removed 00:02.448 of audio
2026-05-12 09:24:42,462 INFO interview_audio_recorder Transcribed Candidate_Morena_Ponce_Taborda_2026-05-12_Q14_custom_Start_sys.wav for speaker=CANDIDATE in 0.71s (1 kept segments, min_start=0.00)
2026-05-12 09:24:42,463 INFO interview_audio_recorder Full transcription completed for base_name=Candidate_Morena_Ponce_Taborda_2026-05-12_Q14_custom_Start with 1 segments in 0.71s
2026-05-12 09:24:42,478 INFO interview_app.transcription_queue transcription_job_completed
2026-05-12 09:24:42,479 INFO interview_app.transcription_queue transcription_job_completed
2026-05-12 09:24:42,479 INFO __main__ transcription_job_state_changed
2026-05-12 09:24:59,552 INFO interview_app.transcription_queue transcription_job_queued
2026-05-12 09:24:59,552 INFO __main__ transcription_job_state_changed
2026-05-12 09:24:59,553 INFO interview_app.transcription_queue transcription_job_started
2026-05-12 09:24:59,553 INFO __main__ transcription_job_state_changed
2026-05-12 09:24:59,573 WARNING __main__ transcription_health_failed
2026-05-12 09:24:59,576 INFO interview_app.transcription_queue transcription_job_started
2026-05-12 09:24:59,577 WARNING interview_audio_recorder Audio file missing, skipping transcription: C:\Users\Dnord\Dropbox\David LPL work\Initial Teacher Interview Guide\interviews\Candidate_Morena_Ponce_Taborda_2026-05-12_Q15_custom_Pay_mic.wav
2026-05-12 09:24:59,660 INFO faster_whisper Processing audio with duration 00:08.190
2026-05-12 09:24:59,673 INFO faster_whisper VAD filter removed 00:03.024 of audio
2026-05-12 09:25:00,190 INFO interview_audio_recorder Transcribed Candidate_Morena_Ponce_Taborda_2026-05-12_Q15_custom_Pay_sys.wav for speaker=CANDIDATE in 0.61s (1 kept segments, min_start=0.00)
2026-05-12 09:25:00,191 INFO interview_audio_recorder Full transcription completed for base_name=Candidate_Morena_Ponce_Taborda_2026-05-12_Q15_custom_Pay with 1 segments in 0.61s
2026-05-12 09:25:00,203 INFO interview_app.transcription_queue transcription_job_completed
2026-05-12 09:25:00,205 INFO interview_app.transcription_queue transcription_job_completed
2026-05-12 09:25:00,205 INFO __main__ transcription_job_state_changed
2026-05-12 10:06:26,643 INFO interview_app.transcription_queue transcription_job_queued
2026-05-12 10:06:26,644 INFO __main__ transcription_job_state_changed
2026-05-12 10:06:26,645 INFO interview_app.transcription_queue transcription_job_started
2026-05-12 10:06:26,646 INFO __main__ transcription_job_state_changed
2026-05-12 10:06:26,919 INFO interview_app.transcription_queue transcription_job_started
2026-05-12 10:06:26,921 WARNING interview_audio_recorder Audio file missing, skipping transcription: C:\Users\Dnord\Dropbox\David LPL work\Initial Teacher Interview Guide\interviews\Candidate_Angie_Rodriguez_2026-05-12_Q1_custom_Why_ECE_mic.wav
2026-05-12 10:06:27,029 INFO faster_whisper Processing audio with duration 01:38.302
2026-05-12 10:06:27,160 INFO faster_whisper VAD filter removed 00:04.560 of audio
2026-05-12 10:06:33,004 INFO interview_audio_recorder Transcribed Candidate_Angie_Rodriguez_2026-05-12_Q1_custom_Why_ECE_sys.wav for speaker=CANDIDATE in 6.08s (15 kept segments, min_start=0.00)
2026-05-12 10:06:33,006 INFO interview_audio_recorder Full transcription completed for base_name=Candidate_Angie_Rodriguez_2026-05-12_Q1_custom_Why_ECE with 15 segments in 6.08s
2026-05-12 10:06:33,016 INFO interview_app.transcription_queue transcription_job_completed
2026-05-12 10:06:33,016 INFO interview_app.transcription_queue transcription_job_completed
2026-05-12 10:06:33,016 INFO __main__ transcription_job_state_changed
2026-05-12 10:08:23,322 INFO interview_app.transcription_queue transcription_job_queued
2026-05-12 10:08:23,323 INFO __main__ transcription_job_state_changed
2026-05-12 10:08:23,324 INFO interview_app.transcription_queue transcription_job_started
2026-05-12 10:08:23,325 INFO __main__ transcription_job_state_changed
2026-05-12 10:08:23,651 INFO interview_app.transcription_queue transcription_job_started
2026-05-12 10:08:23,653 WARNING interview_audio_recorder Audio file missing, skipping transcription: C:\Users\Dnord\Dropbox\David LPL work\Initial Teacher Interview Guide\interviews\Candidate_Angie_Rodriguez_2026-05-12_Q2_custom_Why_LPL_mic.wav
2026-05-12 10:08:23,746 INFO faster_whisper Processing audio with duration 01:54.686
2026-05-12 10:08:23,901 INFO faster_whisper VAD filter removed 00:37.086 of audio
2026-05-12 10:08:28,678 INFO interview_audio_recorder Transcribed Candidate_Angie_Rodriguez_2026-05-12_Q2_custom_Why_LPL_sys.wav for speaker=CANDIDATE in 5.02s (12 kept segments, min_start=0.00)
2026-05-12 10:08:28,678 INFO interview_audio_recorder Full transcription completed for base_name=Candidate_Angie_Rodriguez_2026-05-12_Q2_custom_Why_LPL with 12 segments in 5.03s
2026-05-12 10:08:28,689 INFO interview_app.transcription_queue transcription_job_completed
2026-05-12 10:08:28,689 INFO interview_app.transcription_queue transcription_job_completed
2026-05-12 10:08:28,689 INFO __main__ transcription_job_state_changed
2026-05-12 10:09:49,704 INFO interview_app.transcription_queue transcription_job_queued
2026-05-12 10:09:49,704 INFO __main__ transcription_job_state_changed
2026-05-12 10:09:49,705 INFO interview_app.transcription_queue transcription_job_started
2026-05-12 10:09:49,705 INFO __main__ transcription_job_state_changed
2026-05-12 10:09:50,081 INFO interview_app.transcription_queue transcription_job_started
2026-05-12 10:09:50,083 WARNING interview_audio_recorder Audio file missing, skipping transcription: C:\Users\Dnord\Dropbox\David LPL work\Initial Teacher Interview Guide\interviews\Candidate_Angie_Rodriguez_2026-05-12_Q3_trait_trait_1_mic.wav
2026-05-12 10:09:50,176 INFO faster_whisper Processing audio with duration 01:21.918
2026-05-12 10:09:50,285 INFO faster_whisper VAD filter removed 00:19.184 of audio
2026-05-12 10:09:56,278 INFO interview_audio_recorder Transcribed Candidate_Angie_Rodriguez_2026-05-12_Q3_trait_trait_1_sys.wav for speaker=CANDIDATE in 6.19s (12 kept segments, min_start=0.00)
2026-05-12 10:09:56,278 INFO interview_audio_recorder Full transcription completed for base_name=Candidate_Angie_Rodriguez_2026-05-12_Q3_trait_trait_1 with 12 segments in 6.20s
2026-05-12 10:09:56,290 INFO interview_app.transcription_queue transcription_job_completed
2026-05-12 10:09:56,290 INFO interview_app.transcription_queue transcription_job_completed
2026-05-12 10:09:56,290 INFO __main__ transcription_job_state_changed
2026-05-12 10:10:59,924 INFO interview_app.transcription_queue transcription_job_queued
2026-05-12 10:10:59,925 INFO __main__ transcription_job_state_changed
2026-05-12 10:10:59,925 INFO interview_app.transcription_queue transcription_job_started
2026-05-12 10:10:59,925 INFO __main__ transcription_job_state_changed
2026-05-12 10:11:00,323 INFO interview_app.transcription_queue transcription_job_started
2026-05-12 10:11:00,325 WARNING interview_audio_recorder Audio file missing, skipping transcription: C:\Users\Dnord\Dropbox\David LPL work\Initial Teacher Interview Guide\interviews\Candidate_Angie_Rodriguez_2026-05-12_Q4_trait_trait_2_mic.wav
2026-05-12 10:11:00,415 INFO faster_whisper Processing audio with duration 01:05.534
2026-05-12 10:11:00,505 INFO faster_whisper VAD filter removed 00:09.744 of audio
2026-05-12 10:11:04,935 INFO interview_audio_recorder Transcribed Candidate_Angie_Rodriguez_2026-05-12_Q4_trait_trait_2_sys.wav for speaker=CANDIDATE in 4.61s (12 kept segments, min_start=0.00)
2026-05-12 10:11:04,935 INFO interview_audio_recorder Full transcription completed for base_name=Candidate_Angie_Rodriguez_2026-05-12_Q4_trait_trait_2 with 12 segments in 4.61s
2026-05-12 10:11:04,946 INFO interview_app.transcription_queue transcription_job_completed
2026-05-12 10:11:04,947 INFO interview_app.transcription_queue transcription_job_completed
2026-05-12 10:11:04,947 INFO __main__ transcription_job_state_changed
2026-05-12 10:12:01,723 INFO interview_app.transcription_queue transcription_job_queued
2026-05-12 10:12:01,723 INFO __main__ transcription_job_state_changed
2026-05-12 10:12:01,724 INFO interview_app.transcription_queue transcription_job_started
2026-05-12 10:12:01,725 INFO __main__ transcription_job_state_changed
2026-05-12 10:12:02,119 INFO interview_app.transcription_queue transcription_job_started
2026-05-12 10:12:02,121 WARNING interview_audio_recorder Audio file missing, skipping transcription: C:\Users\Dnord\Dropbox\David LPL work\Initial Teacher Interview Guide\interviews\Candidate_Angie_Rodriguez_2026-05-12_Q5_trait_trait_3_mic.wav
2026-05-12 10:12:02,206 INFO faster_whisper Processing audio with duration 00:57.342
2026-05-12 10:12:02,279 INFO faster_whisper VAD filter removed 00:15.888 of audio
2026-05-12 10:12:05,420 INFO interview_audio_recorder Transcribed Candidate_Angie_Rodriguez_2026-05-12_Q5_trait_trait_3_sys.wav for speaker=CANDIDATE in 3.30s (8 kept segments, min_start=0.00)
2026-05-12 10:12:05,421 INFO interview_audio_recorder Full transcription completed for base_name=Candidate_Angie_Rodriguez_2026-05-12_Q5_trait_trait_3 with 8 segments in 3.30s
2026-05-12 10:12:05,432 INFO interview_app.transcription_queue transcription_job_completed
2026-05-12 10:12:05,432 INFO interview_app.transcription_queue transcription_job_completed
2026-05-12 10:12:05,432 INFO __main__ transcription_job_state_changed
2026-05-12 10:13:28,047 INFO interview_app.transcription_queue transcription_job_queued
2026-05-12 10:13:28,047 INFO __main__ transcription_job_state_changed
2026-05-12 10:13:28,048 INFO interview_app.transcription_queue transcription_job_started
2026-05-12 10:13:28,048 INFO __main__ transcription_job_state_changed
2026-05-12 10:13:28,438 INFO interview_app.transcription_queue transcription_job_started
2026-05-12 10:13:28,440 WARNING interview_audio_recorder Audio file missing, skipping transcription: C:\Users\Dnord\Dropbox\David LPL work\Initial Teacher Interview Guide\interviews\Candidate_Angie_Rodriguez_2026-05-12_Q6_trait_trait_4_mic.wav
2026-05-12 10:13:28,535 INFO faster_whisper Processing audio with duration 01:21.918
2026-05-12 10:13:28,641 INFO faster_whisper VAD filter removed 00:08.400 of audio
2026-05-12 10:13:34,033 INFO interview_audio_recorder Transcribed Candidate_Angie_Rodriguez_2026-05-12_Q6_trait_trait_4_sys.wav for speaker=CANDIDATE in 5.59s (10 kept segments, min_start=0.00)
2026-05-12 10:13:34,034 INFO interview_audio_recorder Full transcription completed for base_name=Candidate_Angie_Rodriguez_2026-05-12_Q6_trait_trait_4 with 10 segments in 5.59s
2026-05-12 10:13:34,046 INFO interview_app.transcription_queue transcription_job_completed
2026-05-12 10:13:34,046 INFO interview_app.transcription_queue transcription_job_completed
2026-05-12 10:13:34,046 INFO __main__ transcription_job_state_changed
2026-05-12 10:14:35,753 INFO interview_app.transcription_queue transcription_job_queued
2026-05-12 10:14:35,753 INFO __main__ transcription_job_state_changed
2026-05-12 10:14:35,754 INFO interview_app.transcription_queue transcription_job_started
2026-05-12 10:14:35,754 INFO __main__ transcription_job_state_changed
2026-05-12 10:14:36,141 INFO interview_app.transcription_queue transcription_job_started
2026-05-12 10:14:36,142 WARNING interview_audio_recorder Audio file missing, skipping transcription: C:\Users\Dnord\Dropbox\David LPL work\Initial Teacher Interview Guide\interviews\Candidate_Angie_Rodriguez_2026-05-12_Q7_trait_trait_5_mic.wav
2026-05-12 10:14:36,231 INFO faster_whisper Processing audio with duration 01:05.534
2026-05-12 10:14:36,321 INFO faster_whisper VAD filter removed 00:09.744 of audio
2026-05-12 10:14:40,658 INFO interview_audio_recorder Transcribed Candidate_Angie_Rodriguez_2026-05-12_Q7_trait_trait_5_sys.wav for speaker=CANDIDATE in 4.52s (13 kept segments, min_start=0.00)
2026-05-12 10:14:40,659 INFO interview_audio_recorder Full transcription completed for base_name=Candidate_Angie_Rodriguez_2026-05-12_Q7_trait_trait_5 with 13 segments in 4.52s
2026-05-12 10:14:40,670 INFO interview_app.transcription_queue transcription_job_completed
2026-05-12 10:14:40,671 INFO interview_app.transcription_queue transcription_job_completed
2026-05-12 10:14:40,671 INFO __main__ transcription_job_state_changed
2026-05-12 10:15:56,133 INFO interview_app.transcription_queue transcription_job_queued
2026-05-12 10:15:56,133 INFO __main__ transcription_job_state_changed
2026-05-12 10:15:56,134 INFO interview_app.transcription_queue transcription_job_started
2026-05-12 10:15:56,135 INFO __main__ transcription_job_state_changed
2026-05-12 10:15:56,453 INFO interview_app.transcription_queue transcription_job_started
2026-05-12 10:15:56,455 WARNING interview_audio_recorder Audio file missing, skipping transcription: C:\Users\Dnord\Dropbox\David LPL work\Initial Teacher Interview Guide\interviews\Candidate_Angie_Rodriguez_2026-05-12_Q8_trait_trait_6_mic.wav
2026-05-12 10:15:56,550 INFO faster_whisper Processing audio with duration 01:13.726
2026-05-12 10:15:56,655 INFO faster_whisper VAD filter removed 00:08.432 of audio
2026-05-12 10:16:02,075 INFO interview_audio_recorder Transcribed Candidate_Angie_Rodriguez_2026-05-12_Q8_trait_trait_6_sys.wav for speaker=CANDIDATE in 5.62s (14 kept segments, min_start=0.00)
2026-05-12 10:16:02,076 INFO interview_audio_recorder Full transcription completed for base_name=Candidate_Angie_Rodriguez_2026-05-12_Q8_trait_trait_6 with 14 segments in 5.62s
2026-05-12 10:16:02,088 INFO interview_app.transcription_queue transcription_job_completed
2026-05-12 10:16:02,088 INFO interview_app.transcription_queue transcription_job_completed
2026-05-12 10:16:02,088 INFO __main__ transcription_job_state_changed
2026-05-12 10:17:18,909 INFO interview_app.transcription_queue transcription_job_queued
2026-05-12 10:17:18,910 INFO __main__ transcription_job_state_changed
2026-05-12 10:17:18,910 INFO interview_app.transcription_queue transcription_job_started
2026-05-12 10:17:18,911 INFO __main__ transcription_job_state_changed
2026-05-12 10:17:19,269 INFO interview_app.transcription_queue transcription_job_started
2026-05-12 10:17:19,272 WARNING interview_audio_recorder Audio file missing, skipping transcription: C:\Users\Dnord\Dropbox\David LPL work\Initial Teacher Interview Guide\interviews\Candidate_Angie_Rodriguez_2026-05-12_Q9_trait_trait_7_mic.wav
2026-05-12 10:17:19,365 INFO faster_whisper Processing audio with duration 01:13.726
2026-05-12 10:17:19,456 INFO faster_whisper VAD filter removed 00:06.384 of audio
2026-05-12 10:17:27,951 INFO interview_audio_recorder Transcribed Candidate_Angie_Rodriguez_2026-05-12_Q9_trait_trait_7_sys.wav for speaker=CANDIDATE in 8.68s (32 kept segments, min_start=0.00)
2026-05-12 10:17:27,953 INFO interview_audio_recorder Full transcription completed for base_name=Candidate_Angie_Rodriguez_2026-05-12_Q9_trait_trait_7 with 32 segments in 8.68s
2026-05-12 10:17:27,964 INFO interview_app.transcription_queue transcription_job_completed
2026-05-12 10:17:27,965 INFO interview_app.transcription_queue transcription_job_completed
2026-05-12 10:17:27,965 INFO __main__ transcription_job_state_changed
2026-05-12 10:18:10,196 INFO interview_app.transcription_queue transcription_job_queued
2026-05-12 10:18:10,196 INFO __main__ transcription_job_state_changed
2026-05-12 10:18:10,197 INFO interview_app.transcription_queue transcription_job_started
2026-05-12 10:18:10,197 INFO __main__ transcription_job_state_changed
2026-05-12 10:18:10,507 INFO interview_app.transcription_queue transcription_job_started
2026-05-12 10:18:10,509 WARNING interview_audio_recorder Audio file missing, skipping transcription: C:\Users\Dnord\Dropbox\David LPL work\Initial Teacher Interview Guide\interviews\Candidate_Angie_Rodriguez_2026-05-12_Q10_trait_trait_10_mic.wav
2026-05-12 10:18:10,590 INFO faster_whisper Processing audio with duration 00:49.150
2026-05-12 10:18:10,656 INFO faster_whisper VAD filter removed 00:09.870 of audio
2026-05-12 10:18:14,034 INFO interview_audio_recorder Transcribed Candidate_Angie_Rodriguez_2026-05-12_Q10_trait_trait_10_sys.wav for speaker=CANDIDATE in 3.52s (8 kept segments, min_start=0.00)
2026-05-12 10:18:14,035 INFO interview_audio_recorder Full transcription completed for base_name=Candidate_Angie_Rodriguez_2026-05-12_Q10_trait_trait_10 with 8 segments in 3.53s
2026-05-12 10:18:14,045 INFO interview_app.transcription_queue transcription_job_completed
2026-05-12 10:18:14,047 INFO interview_app.transcription_queue transcription_job_completed
2026-05-12 10:18:14,047 INFO __main__ transcription_job_state_changed
2026-05-12 10:18:19,202 INFO interview_app.transcription_queue transcription_job_queued
2026-05-12 10:18:19,202 INFO __main__ transcription_job_state_changed
2026-05-12 10:18:19,203 INFO interview_app.transcription_queue transcription_job_started
2026-05-12 10:18:19,203 INFO __main__ transcription_job_state_changed
2026-05-12 10:18:19,501 INFO interview_app.transcription_queue transcription_job_started
2026-05-12 10:18:19,506 ERROR interview_audio_recorder stop_and_transcribe_failed
Traceback (most recent call last):
  File "C:\Users\Dnord\Dropbox\David LPL work\Initial Teacher Interview Guide\src\interview_audio_recorder.py", line 264, in stop_and_transcribe
    _ensure_at_least_one_audio_track({"mic": self.mic_wav, "system": self.sys_wav})
  File "C:\Users\Dnord\Dropbox\David LPL work\Initial Teacher Interview Guide\src\interview_audio_recorder.py", line 680, in _ensure_at_least_one_audio_track
    raise RuntimeError(f"No transcribable audio tracks were found: {details}")
RuntimeError: No transcribable audio tracks were found: mic audio file is missing: C:\Users\Dnord\Dropbox\David LPL work\Initial Teacher Interview Guide\interviews\Candidate_Angie_Rodriguez_2026-05-12_Q12_custom_FT_or_PT_mic.wav; system audio file is empty: C:\Users\Dnord\Dropbox\David LPL work\Initial Teacher Interview Guide\interviews\Candidate_Angie_Rodriguez_2026-05-12_Q12_custom_FT_or_PT_sys.wav
2026-05-12 10:18:19,507 INFO interview_app.transcription_queue transcription_job_failed
2026-05-12 10:18:19,509 INFO interview_app.transcription_queue transcription_job_failed
2026-05-12 10:18:19,509 INFO __main__ transcription_job_state_changed
2026-05-12 10:18:25,700 INFO interview_app.transcription_queue transcription_job_queued
2026-05-12 10:18:25,701 INFO __main__ transcription_job_state_changed
2026-05-12 10:18:25,701 INFO interview_app.transcription_queue transcription_job_started
2026-05-12 10:18:25,701 INFO __main__ transcription_job_state_changed
2026-05-12 10:18:26,019 INFO interview_app.transcription_queue transcription_job_started
2026-05-12 10:18:26,024 ERROR interview_audio_recorder stop_and_transcribe_failed
Traceback (most recent call last):
  File "C:\Users\Dnord\Dropbox\David LPL work\Initial Teacher Interview Guide\src\interview_audio_recorder.py", line 264, in stop_and_transcribe
    _ensure_at_least_one_audio_track({"mic": self.mic_wav, "system": self.sys_wav})
  File "C:\Users\Dnord\Dropbox\David LPL work\Initial Teacher Interview Guide\src\interview_audio_recorder.py", line 680, in _ensure_at_least_one_audio_track
    raise RuntimeError(f"No transcribable audio tracks were found: {details}")
RuntimeError: No transcribable audio tracks were found: mic audio file is missing: C:\Users\Dnord\Dropbox\David LPL work\Initial Teacher Interview Guide\interviews\Candidate_Angie_Rodriguez_2026-05-12_Q13_custom_Not_Avail_mic.wav; system audio file is empty: C:\Users\Dnord\Dropbox\David LPL work\Initial Teacher Interview Guide\interviews\Candidate_Angie_Rodriguez_2026-05-12_Q13_custom_Not_Avail_sys.wav
2026-05-12 10:18:26,026 INFO interview_app.transcription_queue transcription_job_failed
2026-05-12 10:18:26,026 INFO interview_app.transcription_queue transcription_job_failed
2026-05-12 10:18:26,026 INFO __main__ transcription_job_state_changed
2026-05-12 10:18:32,775 INFO interview_app.transcription_queue transcription_job_queued
2026-05-12 10:18:32,776 INFO __main__ transcription_job_state_changed
2026-05-12 10:18:32,776 INFO interview_app.transcription_queue transcription_job_started
2026-05-12 10:18:32,776 INFO __main__ transcription_job_state_changed
2026-05-12 10:18:33,077 INFO interview_app.transcription_queue transcription_job_started
2026-05-12 10:18:33,084 ERROR interview_audio_recorder stop_and_transcribe_failed
Traceback (most recent call last):
  File "C:\Users\Dnord\Dropbox\David LPL work\Initial Teacher Interview Guide\src\interview_audio_recorder.py", line 264, in stop_and_transcribe
    _ensure_at_least_one_audio_track({"mic": self.mic_wav, "system": self.sys_wav})
  File "C:\Users\Dnord\Dropbox\David LPL work\Initial Teacher Interview Guide\src\interview_audio_recorder.py", line 680, in _ensure_at_least_one_audio_track
    raise RuntimeError(f"No transcribable audio tracks were found: {details}")
RuntimeError: No transcribable audio tracks were found: mic audio file is missing: C:\Users\Dnord\Dropbox\David LPL work\Initial Teacher Interview Guide\interviews\Candidate_Angie_Rodriguez_2026-05-12_Q14_custom_Pay_mic.wav; system audio file is empty: C:\Users\Dnord\Dropbox\David LPL work\Initial Teacher Interview Guide\interviews\Candidate_Angie_Rodriguez_2026-05-12_Q14_custom_Pay_sys.wav
2026-05-12 10:18:33,085 INFO interview_app.transcription_queue transcription_job_failed
2026-05-12 10:18:33,086 INFO interview_app.transcription_queue transcription_job_failed
2026-05-12 10:18:33,086 INFO __main__ transcription_job_state_changed
2026-05-12 10:18:45,082 INFO interview_app.transcription_queue transcription_job_queued
2026-05-12 10:18:45,083 INFO __main__ transcription_job_state_changed
2026-05-12 10:18:45,083 INFO interview_app.transcription_queue transcription_job_started
2026-05-12 10:18:45,084 INFO __main__ transcription_job_state_changed
2026-05-12 10:18:45,105 WARNING __main__ transcription_health_failed
2026-05-12 10:18:45,108 INFO interview_app.transcription_queue transcription_job_started
2026-05-12 10:18:45,109 WARNING interview_audio_recorder Audio file missing, skipping transcription: C:\Users\Dnord\Dropbox\David LPL work\Initial Teacher Interview Guide\interviews\Candidate_Angie_Rodriguez_2026-05-12_Q15_custom_Start_mic.wav
2026-05-12 10:18:45,191 INFO faster_whisper Processing audio with duration 00:08.190
2026-05-12 10:18:45,202 INFO faster_whisper VAD filter removed 00:02.000 of audio
2026-05-12 10:18:45,928 INFO interview_audio_recorder Transcribed Candidate_Angie_Rodriguez_2026-05-12_Q15_custom_Start_sys.wav for speaker=CANDIDATE in 0.82s (1 kept segments, min_start=0.00)
2026-05-12 10:18:45,928 INFO interview_audio_recorder Full transcription completed for base_name=Candidate_Angie_Rodriguez_2026-05-12_Q15_custom_Start with 1 segments in 0.82s
2026-05-12 10:18:45,939 INFO interview_app.transcription_queue transcription_job_completed
2026-05-12 10:18:45,939 INFO interview_app.transcription_queue transcription_job_completed
2026-05-12 10:18:45,941 INFO __main__ transcription_job_state_changed
2026-05-12 10:35:00,013 INFO interview_app.transcription_queue transcription_job_queued
2026-05-12 10:35:00,013 INFO __main__ transcription_job_state_changed
2026-05-12 10:35:00,015 INFO interview_app.transcription_queue transcription_job_started
2026-05-12 10:35:00,016 INFO __main__ transcription_job_state_changed
2026-05-12 10:35:00,356 INFO interview_app.transcription_queue transcription_job_started
2026-05-12 10:35:00,358 WARNING interview_audio_recorder Audio file missing, skipping transcription: C:\Users\Dnord\Dropbox\David LPL work\Initial Teacher Interview Guide\interviews\Candidate_Nia_Betton_2026-05-12_Q1_custom_Why_ECE_mic.wav
2026-05-12 10:35:00,468 INFO faster_whisper Processing audio with duration 01:21.918
2026-05-12 10:35:00,572 INFO faster_whisper VAD filter removed 00:15.838 of audio
2026-05-12 10:35:04,908 INFO interview_audio_recorder Transcribed Candidate_Nia_Betton_2026-05-12_Q1_custom_Why_ECE_sys.wav for speaker=CANDIDATE in 4.55s (10 kept segments, min_start=0.00)
2026-05-12 10:35:04,909 INFO interview_audio_recorder Full transcription completed for base_name=Candidate_Nia_Betton_2026-05-12_Q1_custom_Why_ECE with 10 segments in 4.55s
2026-05-12 10:35:04,923 INFO interview_app.transcription_queue transcription_job_completed
2026-05-12 10:35:04,923 INFO interview_app.transcription_queue transcription_job_completed
2026-05-12 10:35:04,924 INFO __main__ transcription_job_state_changed
2026-05-12 10:35:33,573 INFO interview_app.transcription_queue transcription_job_queued
2026-05-12 10:35:33,574 INFO __main__ transcription_job_state_changed
2026-05-12 10:35:33,574 INFO interview_app.transcription_queue transcription_job_started
2026-05-12 10:35:33,575 INFO __main__ transcription_job_state_changed
2026-05-12 10:35:33,906 INFO interview_app.transcription_queue transcription_job_started
2026-05-12 10:35:33,908 WARNING interview_audio_recorder Audio file missing, skipping transcription: C:\Users\Dnord\Dropbox\David LPL work\Initial Teacher Interview Guide\interviews\Candidate_Nia_Betton_2026-05-12_Q2_custom_Why_LPL_mic.wav
2026-05-12 10:35:33,990 INFO faster_whisper Processing audio with duration 00:24.574
2026-05-12 10:35:34,023 INFO faster_whisper VAD filter removed 00:03.344 of audio
2026-05-12 10:35:35,449 INFO interview_audio_recorder Transcribed Candidate_Nia_Betton_2026-05-12_Q2_custom_Why_LPL_sys.wav for speaker=CANDIDATE in 1.54s (4 kept segments, min_start=0.00)
2026-05-12 10:35:35,450 INFO interview_audio_recorder Full transcription completed for base_name=Candidate_Nia_Betton_2026-05-12_Q2_custom_Why_LPL with 4 segments in 1.54s
2026-05-12 10:35:35,462 INFO interview_app.transcription_queue transcription_job_completed
2026-05-12 10:35:35,463 INFO interview_app.transcription_queue transcription_job_completed
2026-05-12 10:35:35,463 INFO __main__ transcription_job_state_changed
2026-05-12 10:36:37,903 INFO interview_app.transcription_queue transcription_job_queued
2026-05-12 10:36:37,903 INFO __main__ transcription_job_state_changed
2026-05-12 10:36:37,903 INFO interview_app.transcription_queue transcription_job_started
2026-05-12 10:36:37,904 INFO __main__ transcription_job_state_changed
2026-05-12 10:36:38,325 INFO interview_app.transcription_queue transcription_job_started
2026-05-12 10:36:38,326 WARNING interview_audio_recorder Audio file missing, skipping transcription: C:\Users\Dnord\Dropbox\David LPL work\Initial Teacher Interview Guide\interviews\Candidate_Nia_Betton_2026-05-12_Q3_trait_trait_1_mic.wav
2026-05-12 10:36:38,420 INFO faster_whisper Processing audio with duration 00:57.342
2026-05-12 10:36:38,491 INFO faster_whisper VAD filter removed 00:09.168 of audio
2026-05-12 10:36:41,608 INFO interview_audio_recorder Transcribed Candidate_Nia_Betton_2026-05-12_Q3_trait_trait_1_sys.wav for speaker=CANDIDATE in 3.28s (8 kept segments, min_start=0.00)
2026-05-12 10:36:41,608 INFO interview_audio_recorder Full transcription completed for base_name=Candidate_Nia_Betton_2026-05-12_Q3_trait_trait_1 with 8 segments in 3.28s
2026-05-12 10:36:41,622 INFO interview_app.transcription_queue transcription_job_completed
2026-05-12 10:36:41,622 INFO interview_app.transcription_queue transcription_job_completed
2026-05-12 10:36:41,623 INFO __main__ transcription_job_state_changed
2026-05-12 10:37:37,569 INFO interview_app.transcription_queue transcription_job_queued
2026-05-12 10:37:37,569 INFO __main__ transcription_job_state_changed
2026-05-12 10:37:37,569 INFO interview_app.transcription_queue transcription_job_started
2026-05-12 10:37:37,569 INFO __main__ transcription_job_state_changed
2026-05-12 10:37:37,967 INFO interview_app.transcription_queue transcription_job_started
2026-05-12 10:37:37,969 WARNING interview_audio_recorder Audio file missing, skipping transcription: C:\Users\Dnord\Dropbox\David LPL work\Initial Teacher Interview Guide\interviews\Candidate_Nia_Betton_2026-05-12_Q4_trait_trait_2_mic.wav
2026-05-12 10:37:38,062 INFO faster_whisper Processing audio with duration 00:57.342
2026-05-12 10:37:38,135 INFO faster_whisper VAD filter removed 00:09.680 of audio
2026-05-12 10:37:41,505 INFO interview_audio_recorder Transcribed Candidate_Nia_Betton_2026-05-12_Q4_trait_trait_2_sys.wav for speaker=CANDIDATE in 3.53s (8 kept segments, min_start=0.00)
2026-05-12 10:37:41,505 INFO interview_audio_recorder Full transcription completed for base_name=Candidate_Nia_Betton_2026-05-12_Q4_trait_trait_2 with 8 segments in 3.54s
2026-05-12 10:37:41,517 INFO interview_app.transcription_queue transcription_job_completed
2026-05-12 10:37:41,517 INFO interview_app.transcription_queue transcription_job_completed
2026-05-12 10:37:41,518 INFO __main__ transcription_job_state_changed
2026-05-12 10:38:38,519 INFO interview_app.transcription_queue transcription_job_queued
2026-05-12 10:38:38,520 INFO __main__ transcription_job_state_changed
2026-05-12 10:38:38,520 INFO interview_app.transcription_queue transcription_job_started
2026-05-12 10:38:38,520 INFO __main__ transcription_job_state_changed
2026-05-12 10:38:38,931 INFO interview_app.transcription_queue transcription_job_started
2026-05-12 10:38:38,932 WARNING interview_audio_recorder Audio file missing, skipping transcription: C:\Users\Dnord\Dropbox\David LPL work\Initial Teacher Interview Guide\interviews\Candidate_Nia_Betton_2026-05-12_Q5_trait_trait_3_mic.wav
2026-05-12 10:38:39,020 INFO faster_whisper Processing audio with duration 00:57.342
2026-05-12 10:38:39,095 INFO faster_whisper VAD filter removed 00:16.272 of audio
2026-05-12 10:38:42,034 INFO interview_audio_recorder Transcribed Candidate_Nia_Betton_2026-05-12_Q5_trait_trait_3_sys.wav for speaker=CANDIDATE in 3.10s (7 kept segments, min_start=0.00)
2026-05-12 10:38:42,034 INFO interview_audio_recorder Full transcription completed for base_name=Candidate_Nia_Betton_2026-05-12_Q5_trait_trait_3 with 7 segments in 3.10s
2026-05-12 10:38:42,049 INFO interview_app.transcription_queue transcription_job_completed
2026-05-12 10:38:42,049 INFO interview_app.transcription_queue transcription_job_completed
2026-05-12 10:38:42,050 INFO __main__ transcription_job_state_changed
2026-05-12 10:39:49,895 INFO interview_app.transcription_queue transcription_job_queued
2026-05-12 10:39:49,896 INFO __main__ transcription_job_state_changed
2026-05-12 10:39:49,896 INFO interview_app.transcription_queue transcription_job_started
2026-05-12 10:39:49,896 INFO __main__ transcription_job_state_changed
2026-05-12 10:39:50,273 INFO interview_app.transcription_queue transcription_job_started
2026-05-12 10:39:50,275 WARNING interview_audio_recorder Audio file missing, skipping transcription: C:\Users\Dnord\Dropbox\David LPL work\Initial Teacher Interview Guide\interviews\Candidate_Nia_Betton_2026-05-12_Q6_trait_trait_4_mic.wav
2026-05-12 10:39:50,366 INFO faster_whisper Processing audio with duration 01:05.534
2026-05-12 10:39:50,456 INFO faster_whisper VAD filter removed 00:12.720 of audio
2026-05-12 10:39:53,271 INFO interview_audio_recorder Transcribed Candidate_Nia_Betton_2026-05-12_Q6_trait_trait_4_sys.wav for speaker=CANDIDATE in 3.00s (8 kept segments, min_start=0.00)
2026-05-12 10:39:53,272 INFO interview_audio_recorder Full transcription completed for base_name=Candidate_Nia_Betton_2026-05-12_Q6_trait_trait_4 with 8 segments in 3.00s
2026-05-12 10:39:53,283 INFO interview_app.transcription_queue transcription_job_completed
2026-05-12 10:39:53,283 INFO interview_app.transcription_queue transcription_job_completed
2026-05-12 10:39:53,283 INFO __main__ transcription_job_state_changed
2026-05-12 10:41:11,712 INFO interview_app.transcription_queue transcription_job_queued
2026-05-12 10:41:11,712 INFO __main__ transcription_job_state_changed
2026-05-12 10:41:11,713 INFO interview_app.transcription_queue transcription_job_started
2026-05-12 10:41:11,714 INFO __main__ transcription_job_state_changed
2026-05-12 10:41:12,109 INFO interview_app.transcription_queue transcription_job_started
2026-05-12 10:41:12,111 WARNING interview_audio_recorder Audio file missing, skipping transcription: C:\Users\Dnord\Dropbox\David LPL work\Initial Teacher Interview Guide\interviews\Candidate_Nia_Betton_2026-05-12_Q7_trait_trait_5_mic.wav
2026-05-12 10:41:12,205 INFO faster_whisper Processing audio with duration 01:13.726
2026-05-12 10:41:12,310 INFO faster_whisper VAD filter removed 00:13.712 of audio
2026-05-12 10:41:20,870 INFO interview_audio_recorder Transcribed Candidate_Nia_Betton_2026-05-12_Q7_trait_trait_5_sys.wav for speaker=CANDIDATE in 8.76s (66 kept segments, min_start=0.00)
2026-05-12 10:41:20,870 INFO interview_audio_recorder Full transcription completed for base_name=Candidate_Nia_Betton_2026-05-12_Q7_trait_trait_5 with 66 segments in 8.76s
2026-05-12 10:41:20,885 INFO interview_app.transcription_queue transcription_job_completed
2026-05-12 10:41:20,886 INFO interview_app.transcription_queue transcription_job_completed
2026-05-12 10:41:20,886 INFO __main__ transcription_job_state_changed
2026-05-12 10:42:35,302 INFO interview_app.transcription_queue transcription_job_queued
2026-05-12 10:42:35,302 INFO __main__ transcription_job_state_changed
2026-05-12 10:42:35,303 INFO interview_app.transcription_queue transcription_job_started
2026-05-12 10:42:35,304 INFO __main__ transcription_job_state_changed
2026-05-12 10:42:35,703 INFO interview_app.transcription_queue transcription_job_started
2026-05-12 10:42:35,705 WARNING interview_audio_recorder Audio file missing, skipping transcription: C:\Users\Dnord\Dropbox\David LPL work\Initial Teacher Interview Guide\interviews\Candidate_Nia_Betton_2026-05-12_Q8_trait_trait_6_mic.wav
2026-05-12 10:42:35,802 INFO faster_whisper Processing audio with duration 01:13.726
2026-05-12 10:42:35,895 INFO faster_whisper VAD filter removed 00:08.176 of audio
2026-05-12 10:42:39,882 INFO interview_audio_recorder Transcribed Candidate_Nia_Betton_2026-05-12_Q8_trait_trait_6_sys.wav for speaker=CANDIDATE in 4.18s (10 kept segments, min_start=0.00)
2026-05-12 10:42:39,883 INFO interview_audio_recorder Full transcription completed for base_name=Candidate_Nia_Betton_2026-05-12_Q8_trait_trait_6 with 10 segments in 4.18s
2026-05-12 10:42:39,897 INFO interview_app.transcription_queue transcription_job_completed
2026-05-12 10:42:39,898 INFO interview_app.transcription_queue transcription_job_completed
2026-05-12 10:42:39,898 INFO __main__ transcription_job_state_changed
2026-05-12 10:43:40,950 INFO interview_app.transcription_queue transcription_job_queued
2026-05-12 10:43:40,950 INFO __main__ transcription_job_state_changed
2026-05-12 10:43:40,951 INFO interview_app.transcription_queue transcription_job_started
2026-05-12 10:43:40,952 INFO __main__ transcription_job_state_changed
2026-05-12 10:43:41,344 INFO interview_app.transcription_queue transcription_job_started
2026-05-12 10:43:41,346 WARNING interview_audio_recorder Audio file missing, skipping transcription: C:\Users\Dnord\Dropbox\David LPL work\Initial Teacher Interview Guide\interviews\Candidate_Nia_Betton_2026-05-12_Q9_trait_trait_7_mic.wav
2026-05-12 10:43:41,441 INFO faster_whisper Processing audio with duration 00:57.342
2026-05-12 10:43:41,513 INFO faster_whisper VAD filter removed 00:07.664 of audio
2026-05-12 10:43:44,505 INFO interview_audio_recorder Transcribed Candidate_Nia_Betton_2026-05-12_Q9_trait_trait_7_sys.wav for speaker=CANDIDATE in 3.16s (2 kept segments, min_start=0.00)
2026-05-12 10:43:44,506 INFO interview_audio_recorder Full transcription completed for base_name=Candidate_Nia_Betton_2026-05-12_Q9_trait_trait_7 with 2 segments in 3.16s
2026-05-12 10:43:44,520 INFO interview_app.transcription_queue transcription_job_completed
2026-05-12 10:43:44,520 INFO interview_app.transcription_queue transcription_job_completed
2026-05-12 10:43:44,520 INFO __main__ transcription_job_state_changed
2026-05-12 10:44:03,356 INFO interview_app.transcription_queue transcription_job_queued
2026-05-12 10:44:03,357 INFO __main__ transcription_job_state_changed
2026-05-12 10:44:03,357 INFO interview_app.transcription_queue transcription_job_started
2026-05-12 10:44:03,357 INFO __main__ transcription_job_state_changed
2026-05-12 10:44:03,685 INFO interview_app.transcription_queue transcription_job_started
2026-05-12 10:44:03,688 WARNING interview_audio_recorder Audio file missing, skipping transcription: C:\Users\Dnord\Dropbox\David LPL work\Initial Teacher Interview Guide\interviews\Candidate_Nia_Betton_2026-05-12_Q12_custom_FT_or_PT_mic.wav
2026-05-12 10:44:03,766 INFO faster_whisper Processing audio with duration 00:08.190
2026-05-12 10:44:03,777 INFO faster_whisper VAD filter removed 00:02.704 of audio
2026-05-12 10:44:04,548 INFO interview_audio_recorder Transcribed Candidate_Nia_Betton_2026-05-12_Q12_custom_FT_or_PT_sys.wav for speaker=CANDIDATE in 0.86s (1 kept segments, min_start=0.00)
2026-05-12 10:44:04,549 INFO interview_audio_recorder Full transcription completed for base_name=Candidate_Nia_Betton_2026-05-12_Q12_custom_FT_or_PT with 1 segments in 0.86s
2026-05-12 10:44:04,563 INFO interview_app.transcription_queue transcription_job_completed
2026-05-12 10:44:04,564 INFO interview_app.transcription_queue transcription_job_completed
2026-05-12 10:44:04,564 INFO __main__ transcription_job_state_changed
2026-05-12 10:44:34,351 INFO interview_app.transcription_queue transcription_job_queued
2026-05-12 10:44:34,351 INFO __main__ transcription_job_state_changed
2026-05-12 10:44:34,352 INFO interview_app.transcription_queue transcription_job_started
2026-05-12 10:44:34,352 INFO __main__ transcription_job_state_changed
2026-05-12 10:44:34,683 INFO interview_app.transcription_queue transcription_job_started
2026-05-12 10:44:34,686 WARNING interview_audio_recorder Audio file missing, skipping transcription: C:\Users\Dnord\Dropbox\David LPL work\Initial Teacher Interview Guide\interviews\Candidate_Nia_Betton_2026-05-12_Q13_custom_Not_Avail_mic.wav
2026-05-12 10:44:34,768 INFO faster_whisper Processing audio with duration 00:24.574
2026-05-12 10:44:34,798 INFO faster_whisper VAD filter removed 00:19.998 of audio
2026-05-12 10:44:35,408 INFO interview_audio_recorder Transcribed Candidate_Nia_Betton_2026-05-12_Q13_custom_Not_Avail_sys.wav for speaker=CANDIDATE in 0.72s (1 kept segments, min_start=0.00)
2026-05-12 10:44:35,408 INFO interview_audio_recorder Full transcription completed for base_name=Candidate_Nia_Betton_2026-05-12_Q13_custom_Not_Avail with 1 segments in 0.72s
2026-05-12 10:44:35,421 INFO interview_app.transcription_queue transcription_job_completed
2026-05-12 10:44:35,423 INFO interview_app.transcription_queue transcription_job_completed
2026-05-12 10:44:35,423 INFO __main__ transcription_job_state_changed
2026-05-12 10:45:44,592 INFO interview_app.transcription_queue transcription_job_queued
2026-05-12 10:45:44,593 INFO __main__ transcription_job_state_changed
2026-05-12 10:45:44,593 INFO interview_app.transcription_queue transcription_job_started
2026-05-12 10:45:44,595 INFO __main__ transcription_job_state_changed
2026-05-12 10:45:44,900 INFO interview_app.transcription_queue transcription_job_started
2026-05-12 10:45:44,903 WARNING interview_audio_recorder Audio file missing, skipping transcription: C:\Users\Dnord\Dropbox\David LPL work\Initial Teacher Interview Guide\interviews\Candidate_Nia_Betton_2026-05-12_Q14_custom_Pay_mic.wav
2026-05-12 10:45:44,996 INFO faster_whisper Processing audio with duration 01:05.534
2026-05-12 10:45:45,083 INFO faster_whisper VAD filter removed 00:10.608 of audio
2026-05-12 10:45:48,697 INFO interview_audio_recorder Transcribed Candidate_Nia_Betton_2026-05-12_Q14_custom_Pay_sys.wav for speaker=CANDIDATE in 3.79s (9 kept segments, min_start=0.00)
2026-05-12 10:45:48,698 INFO interview_audio_recorder Full transcription completed for base_name=Candidate_Nia_Betton_2026-05-12_Q14_custom_Pay with 9 segments in 3.79s
2026-05-12 10:45:48,710 INFO interview_app.transcription_queue transcription_job_completed
2026-05-12 10:45:48,711 INFO interview_app.transcription_queue transcription_job_completed
2026-05-12 10:45:48,711 INFO __main__ transcription_job_state_changed
2026-05-12 10:45:53,816 INFO interview_app.transcription_queue transcription_job_queued
2026-05-12 10:45:53,817 INFO __main__ transcription_job_state_changed
2026-05-12 10:45:53,818 INFO interview_app.transcription_queue transcription_job_started
2026-05-12 10:45:53,818 INFO __main__ transcription_job_state_changed
2026-05-12 10:45:54,159 INFO interview_app.transcription_queue transcription_job_started
2026-05-12 10:45:54,164 ERROR interview_audio_recorder stop_and_transcribe_failed
Traceback (most recent call last):
  File "C:\Users\Dnord\Dropbox\David LPL work\Initial Teacher Interview Guide\src\interview_audio_recorder.py", line 264, in stop_and_transcribe
    _ensure_at_least_one_audio_track({"mic": self.mic_wav, "system": self.sys_wav})
  File "C:\Users\Dnord\Dropbox\David LPL work\Initial Teacher Interview Guide\src\interview_audio_recorder.py", line 680, in _ensure_at_least_one_audio_track
    raise RuntimeError(f"No transcribable audio tracks were found: {details}")
RuntimeError: No transcribable audio tracks were found: mic audio file is missing: C:\Users\Dnord\Dropbox\David LPL work\Initial Teacher Interview Guide\interviews\Candidate_Nia_Betton_2026-05-12_Q15_custom_Start_mic.wav; system audio file is empty: C:\Users\Dnord\Dropbox\David LPL work\Initial Teacher Interview Guide\interviews\Candidate_Nia_Betton_2026-05-12_Q15_custom_Start_sys.wav
2026-05-12 10:45:54,164 INFO interview_app.transcription_queue transcription_job_failed
2026-05-12 10:45:54,166 INFO interview_app.transcription_queue transcription_job_failed
2026-05-12 10:45:54,166 INFO __main__ transcription_job_state_changed
2026-05-12 10:45:57,478 INFO interview_app.transcription_queue transcription_job_queued
2026-05-12 10:45:57,478 INFO __main__ transcription_job_state_changed
2026-05-12 10:45:57,479 INFO interview_app.transcription_queue transcription_job_started
2026-05-12 10:45:57,480 INFO __main__ transcription_job_state_changed
2026-05-12 10:45:57,828 INFO interview_app.transcription_queue transcription_job_started
2026-05-12 10:45:57,834 ERROR interview_audio_recorder stop_and_transcribe_failed
Traceback (most recent call last):
  File "C:\Users\Dnord\Dropbox\David LPL work\Initial Teacher Interview Guide\src\interview_audio_recorder.py", line 264, in stop_and_transcribe
    _ensure_at_least_one_audio_track({"mic": self.mic_wav, "system": self.sys_wav})
  File "C:\Users\Dnord\Dropbox\David LPL work\Initial Teacher Interview Guide\src\interview_audio_recorder.py", line 680, in _ensure_at_least_one_audio_track
    raise RuntimeError(f"No transcribable audio tracks were found: {details}")
RuntimeError: No transcribable audio tracks were found: mic audio file is missing: C:\Users\Dnord\Dropbox\David LPL work\Initial Teacher Interview Guide\interviews\Candidate_Nia_Betton_2026-05-12_Q14_custom_Pay_mic.wav; system audio file is empty: C:\Users\Dnord\Dropbox\David LPL work\Initial Teacher Interview Guide\interviews\Candidate_Nia_Betton_2026-05-12_Q14_custom_Pay_sys.wav
2026-05-12 10:45:57,835 INFO interview_app.transcription_queue transcription_job_failed
2026-05-12 10:45:57,835 INFO interview_app.transcription_queue transcription_job_failed
2026-05-12 10:45:57,835 INFO __main__ transcription_job_state_changed
2026-05-12 10:45:59,154 INFO interview_app.transcription_queue transcription_job_queued
2026-05-12 10:45:59,155 INFO __main__ transcription_job_state_changed
2026-05-12 10:45:59,155 INFO interview_app.transcription_queue transcription_job_started
2026-05-12 10:45:59,156 INFO __main__ transcription_job_state_changed
2026-05-12 10:45:59,176 WARNING __main__ transcription_health_failed
2026-05-12 10:45:59,179 INFO interview_app.transcription_queue transcription_job_started
2026-05-12 10:45:59,185 ERROR interview_audio_recorder stop_and_transcribe_failed
Traceback (most recent call last):
  File "C:\Users\Dnord\Dropbox\David LPL work\Initial Teacher Interview Guide\src\interview_audio_recorder.py", line 264, in stop_and_transcribe
    _ensure_at_least_one_audio_track({"mic": self.mic_wav, "system": self.sys_wav})
  File "C:\Users\Dnord\Dropbox\David LPL work\Initial Teacher Interview Guide\src\interview_audio_recorder.py", line 680, in _ensure_at_least_one_audio_track
    raise RuntimeError(f"No transcribable audio tracks were found: {details}")
RuntimeError: No transcribable audio tracks were found: mic audio file is missing: C:\Users\Dnord\Dropbox\David LPL work\Initial Teacher Interview Guide\interviews\Candidate_Nia_Betton_2026-05-12_Q15_custom_Start_mic.wav; system audio file is empty: C:\Users\Dnord\Dropbox\David LPL work\Initial Teacher Interview Guide\interviews\Candidate_Nia_Betton_2026-05-12_Q15_custom_Start_sys.wav
2026-05-12 10:45:59,187 INFO interview_app.transcription_queue transcription_job_failed
2026-05-12 10:45:59,187 INFO interview_app.transcription_queue transcription_job_failed
2026-05-12 10:45:59,187 INFO __main__ transcription_job_state_changed
2026-05-12 11:06:19,521 INFO interview_app.transcription_queue transcription_job_queued
2026-05-12 11:06:19,522 INFO __main__ transcription_job_state_changed
2026-05-12 11:06:19,524 INFO interview_app.transcription_queue transcription_job_started
2026-05-12 11:06:19,524 INFO __main__ transcription_job_state_changed
2026-05-12 11:06:19,863 INFO interview_app.transcription_queue transcription_job_started
2026-05-12 11:06:19,865 WARNING interview_audio_recorder Audio file missing, skipping transcription: C:\Users\Dnord\Dropbox\David LPL work\Initial Teacher Interview Guide\interviews\Candidate_JUNNI_BONILLA_2026-05-12_Q1_custom_Why_ECE_mic.wav
2026-05-12 11:06:19,969 INFO faster_whisper Processing audio with duration 01:05.534
2026-05-12 11:06:20,054 INFO faster_whisper VAD filter removed 00:20.766 of audio
2026-05-12 11:06:22,771 INFO interview_audio_recorder Transcribed Candidate_JUNNI_BONILLA_2026-05-12_Q1_custom_Why_ECE_sys.wav for speaker=CANDIDATE in 2.91s (2 kept segments, min_start=0.00)
2026-05-12 11:06:22,772 INFO interview_audio_recorder Full transcription completed for base_name=Candidate_JUNNI_BONILLA_2026-05-12_Q1_custom_Why_ECE with 2 segments in 2.91s
2026-05-12 11:06:22,789 INFO interview_app.transcription_queue transcription_job_completed
2026-05-12 11:06:22,790 INFO interview_app.transcription_queue transcription_job_completed
2026-05-12 11:06:22,790 INFO __main__ transcription_job_state_changed
2026-05-12 11:06:42,045 INFO interview_app.transcription_queue transcription_job_queued
2026-05-12 11:06:42,045 INFO __main__ transcription_job_state_changed
2026-05-12 11:06:42,046 INFO interview_app.transcription_queue transcription_job_started
2026-05-12 11:06:42,046 INFO __main__ transcription_job_state_changed
2026-05-12 11:06:42,411 INFO interview_app.transcription_queue transcription_job_started
2026-05-12 11:06:42,412 WARNING interview_audio_recorder Audio file missing, skipping transcription: C:\Users\Dnord\Dropbox\David LPL work\Initial Teacher Interview Guide\interviews\Candidate_JUNNI_BONILLA_2026-05-12_Q2_custom_Why_LPL_mic.wav
2026-05-12 11:06:42,494 INFO faster_whisper Processing audio with duration 00:16.382
2026-05-12 11:06:42,515 INFO faster_whisper VAD filter removed 00:00.000 of audio
2026-05-12 11:06:43,647 INFO interview_audio_recorder Transcribed Candidate_JUNNI_BONILLA_2026-05-12_Q2_custom_Why_LPL_sys.wav for speaker=CANDIDATE in 1.23s (3 kept segments, min_start=0.00)
2026-05-12 11:06:43,648 INFO interview_audio_recorder Full transcription completed for base_name=Candidate_JUNNI_BONILLA_2026-05-12_Q2_custom_Why_LPL with 3 segments in 1.24s
2026-05-12 11:06:43,664 INFO interview_app.transcription_queue transcription_job_completed
2026-05-12 11:06:43,664 INFO interview_app.transcription_queue transcription_job_completed
2026-05-12 11:06:43,664 INFO __main__ transcription_job_state_changed
2026-05-12 11:08:52,052 INFO interview_app.transcription_queue transcription_job_queued
2026-05-12 11:08:52,053 INFO __main__ transcription_job_state_changed
2026-05-12 11:08:52,053 INFO interview_app.transcription_queue transcription_job_started
2026-05-12 11:08:52,054 INFO __main__ transcription_job_state_changed
2026-05-12 11:08:52,428 INFO interview_app.transcription_queue transcription_job_started
2026-05-12 11:08:52,430 WARNING interview_audio_recorder Audio file missing, skipping transcription: C:\Users\Dnord\Dropbox\David LPL work\Initial Teacher Interview Guide\interviews\Candidate_JUNNI_BONILLA_2026-05-12_Q3_trait_trait_1_mic.wav
2026-05-12 11:08:52,531 INFO faster_whisper Processing audio with duration 02:02.878
2026-05-12 11:08:52,692 INFO faster_whisper VAD filter removed 00:08.464 of audio
2026-05-12 11:09:01,265 INFO interview_audio_recorder Transcribed Candidate_JUNNI_BONILLA_2026-05-12_Q3_trait_trait_1_sys.wav for speaker=CANDIDATE in 8.84s (7 kept segments, min_start=0.00)
2026-05-12 11:09:01,267 INFO interview_audio_recorder Full transcription completed for base_name=Candidate_JUNNI_BONILLA_2026-05-12_Q3_trait_trait_1 with 7 segments in 8.84s
2026-05-12 11:09:01,284 INFO interview_app.transcription_queue transcription_job_completed
2026-05-12 11:09:01,284 INFO interview_app.transcription_queue transcription_job_completed
2026-05-12 11:09:01,286 INFO __main__ transcription_job_state_changed
2026-05-12 11:10:14,721 INFO interview_app.transcription_queue transcription_job_queued
2026-05-12 11:10:14,722 INFO __main__ transcription_job_state_changed
2026-05-12 11:10:14,723 INFO interview_app.transcription_queue transcription_job_started
2026-05-12 11:10:14,724 INFO __main__ transcription_job_state_changed
2026-05-12 11:10:15,151 INFO interview_app.transcription_queue transcription_job_started
2026-05-12 11:10:15,154 WARNING interview_audio_recorder Audio file missing, skipping transcription: C:\Users\Dnord\Dropbox\David LPL work\Initial Teacher Interview Guide\interviews\Candidate_JUNNI_BONILLA_2026-05-12_Q9_trait_trait_7_mic.wav
2026-05-12 11:10:15,247 INFO faster_whisper Processing audio with duration 01:05.534
2026-05-12 11:10:15,331 INFO faster_whisper VAD filter removed 00:00.000 of audio
2026-05-12 11:10:19,896 INFO interview_audio_recorder Transcribed Candidate_JUNNI_BONILLA_2026-05-12_Q9_trait_trait_7_sys.wav for speaker=CANDIDATE in 4.74s (12 kept segments, min_start=0.00)
2026-05-12 11:10:19,896 INFO interview_audio_recorder Full transcription completed for base_name=Candidate_JUNNI_BONILLA_2026-05-12_Q9_trait_trait_7 with 12 segments in 4.74s
2026-05-12 11:10:19,908 INFO interview_app.transcription_queue transcription_job_completed
2026-05-12 11:10:19,909 INFO interview_app.transcription_queue transcription_job_completed
2026-05-12 11:10:19,909 INFO __main__ transcription_job_state_changed
2026-05-12 11:10:26,849 INFO interview_app.transcription_queue transcription_job_queued
2026-05-12 11:10:26,849 INFO __main__ transcription_job_state_changed
2026-05-12 11:10:26,850 INFO interview_app.transcription_queue transcription_job_started
2026-05-12 11:10:26,851 INFO __main__ transcription_job_state_changed
2026-05-12 11:10:27,176 INFO interview_app.transcription_queue transcription_job_started
2026-05-12 11:10:27,182 ERROR interview_audio_recorder stop_and_transcribe_failed
Traceback (most recent call last):
  File "C:\Users\Dnord\Dropbox\David LPL work\Initial Teacher Interview Guide\src\interview_audio_recorder.py", line 264, in stop_and_transcribe
    _ensure_at_least_one_audio_track({"mic": self.mic_wav, "system": self.sys_wav})
  File "C:\Users\Dnord\Dropbox\David LPL work\Initial Teacher Interview Guide\src\interview_audio_recorder.py", line 680, in _ensure_at_least_one_audio_track
    raise RuntimeError(f"No transcribable audio tracks were found: {details}")
RuntimeError: No transcribable audio tracks were found: mic audio file is missing: C:\Users\Dnord\Dropbox\David LPL work\Initial Teacher Interview Guide\interviews\Candidate_JUNNI_BONILLA_2026-05-12_Q12_custom_FT_or_PT_mic.wav; system audio file is empty: C:\Users\Dnord\Dropbox\David LPL work\Initial Teacher Interview Guide\interviews\Candidate_JUNNI_BONILLA_2026-05-12_Q12_custom_FT_or_PT_sys.wav
2026-05-12 11:10:27,183 INFO interview_app.transcription_queue transcription_job_failed
2026-05-12 11:10:27,183 INFO interview_app.transcription_queue transcription_job_failed
2026-05-12 11:10:27,184 INFO __main__ transcription_job_state_changed
2026-05-12 11:10:33,799 INFO interview_app.transcription_queue transcription_job_queued
2026-05-12 11:10:33,800 INFO __main__ transcription_job_state_changed
2026-05-12 11:10:33,801 INFO interview_app.transcription_queue transcription_job_started
2026-05-12 11:10:33,801 INFO __main__ transcription_job_state_changed
2026-05-12 11:10:34,122 INFO interview_app.transcription_queue transcription_job_started
2026-05-12 11:10:34,127 ERROR interview_audio_recorder stop_and_transcribe_failed
Traceback (most recent call last):
  File "C:\Users\Dnord\Dropbox\David LPL work\Initial Teacher Interview Guide\src\interview_audio_recorder.py", line 264, in stop_and_transcribe
    _ensure_at_least_one_audio_track({"mic": self.mic_wav, "system": self.sys_wav})
  File "C:\Users\Dnord\Dropbox\David LPL work\Initial Teacher Interview Guide\src\interview_audio_recorder.py", line 680, in _ensure_at_least_one_audio_track
    raise RuntimeError(f"No transcribable audio tracks were found: {details}")
RuntimeError: No transcribable audio tracks were found: mic audio file is missing: C:\Users\Dnord\Dropbox\David LPL work\Initial Teacher Interview Guide\interviews\Candidate_JUNNI_BONILLA_2026-05-12_Q13_custom_Not_Avail_mic.wav; system audio file is empty: C:\Users\Dnord\Dropbox\David LPL work\Initial Teacher Interview Guide\interviews\Candidate_JUNNI_BONILLA_2026-05-12_Q13_custom_Not_Avail_sys.wav
2026-05-12 11:10:34,129 INFO interview_app.transcription_queue transcription_job_failed
2026-05-12 11:10:34,130 INFO interview_app.transcription_queue transcription_job_failed
2026-05-12 11:10:34,130 INFO __main__ transcription_job_state_changed
2026-05-12 11:10:42,487 INFO interview_app.transcription_queue transcription_job_queued
2026-05-12 11:10:42,487 INFO __main__ transcription_job_state_changed
2026-05-12 11:10:42,488 INFO interview_app.transcription_queue transcription_job_started
2026-05-12 11:10:42,489 INFO __main__ transcription_job_state_changed
2026-05-12 11:10:42,817 INFO interview_app.transcription_queue transcription_job_started
2026-05-12 11:10:42,824 ERROR interview_audio_recorder stop_and_transcribe_failed
Traceback (most recent call last):
  File "C:\Users\Dnord\Dropbox\David LPL work\Initial Teacher Interview Guide\src\interview_audio_recorder.py", line 264, in stop_and_transcribe
    _ensure_at_least_one_audio_track({"mic": self.mic_wav, "system": self.sys_wav})
  File "C:\Users\Dnord\Dropbox\David LPL work\Initial Teacher Interview Guide\src\interview_audio_recorder.py", line 680, in _ensure_at_least_one_audio_track
    raise RuntimeError(f"No transcribable audio tracks were found: {details}")
RuntimeError: No transcribable audio tracks were found: mic audio file is missing: C:\Users\Dnord\Dropbox\David LPL work\Initial Teacher Interview Guide\interviews\Candidate_JUNNI_BONILLA_2026-05-12_Q14_custom_Pay_mic.wav; system audio file is empty: C:\Users\Dnord\Dropbox\David LPL work\Initial Teacher Interview Guide\interviews\Candidate_JUNNI_BONILLA_2026-05-12_Q14_custom_Pay_sys.wav
2026-05-12 11:10:42,824 INFO interview_app.transcription_queue transcription_job_failed
2026-05-12 11:10:42,825 INFO interview_app.transcription_queue transcription_job_failed
2026-05-12 11:10:42,826 INFO __main__ transcription_job_state_changed
2026-05-12 11:10:57,562 INFO interview_app.transcription_queue transcription_job_queued
2026-05-12 11:10:57,562 INFO __main__ transcription_job_state_changed
2026-05-12 11:10:57,563 INFO interview_app.transcription_queue transcription_job_started
2026-05-12 11:10:57,563 INFO __main__ transcription_job_state_changed
2026-05-12 11:10:57,584 WARNING __main__ transcription_health_failed
2026-05-12 11:10:57,586 INFO interview_app.transcription_queue transcription_job_started
2026-05-12 11:10:57,588 WARNING interview_audio_recorder Audio file missing, skipping transcription: C:\Users\Dnord\Dropbox\David LPL work\Initial Teacher Interview Guide\interviews\Candidate_JUNNI_BONILLA_2026-05-12_Q15_custom_Start_mic.wav
2026-05-12 11:10:57,665 INFO faster_whisper Processing audio with duration 00:08.190
2026-05-12 11:10:57,675 INFO faster_whisper VAD filter removed 00:02.192 of audio
2026-05-12 11:10:58,452 INFO interview_audio_recorder Transcribed Candidate_JUNNI_BONILLA_2026-05-12_Q15_custom_Start_sys.wav for speaker=CANDIDATE in 0.86s (1 kept segments, min_start=0.00)
2026-05-12 11:10:58,452 INFO interview_audio_recorder Full transcription completed for base_name=Candidate_JUNNI_BONILLA_2026-05-12_Q15_custom_Start with 1 segments in 0.86s
2026-05-12 11:10:58,463 INFO interview_app.transcription_queue transcription_job_completed
2026-05-12 11:10:58,464 INFO interview_app.transcription_queue transcription_job_completed
2026-05-12 11:10:58,464 INFO __main__ transcription_job_state_changed
2026-05-12 11:43:47,252 INFO runtime_wrapper runtime_wrapper_exit
2026-05-12 13:03:58,245 INFO runtime_wrapper runtime_wrapper_start
2026-05-12 13:03:58,443 INFO app_logging app_logging_initialized
2026-05-12 14:01:59,609 INFO runtime_wrapper runtime_wrapper_start
2026-05-12 14:01:59,787 INFO app_logging app_logging_initialized
2026-05-12 14:05:30,675 INFO interview_app.transcription_queue transcription_job_queued
2026-05-12 14:05:30,675 INFO __main__ transcription_job_state_changed
2026-05-12 14:05:30,677 INFO interview_app.transcription_queue transcription_job_started
2026-05-12 14:05:30,678 INFO __main__ transcription_job_state_changed
2026-05-12 14:05:31,019 INFO interview_app.transcription_queue transcription_job_started
2026-05-12 14:05:34,743 INFO httpx HTTP Request: GET https://huggingface.co/api/models/Systran/faster-whisper-large-v3/revision/main "HTTP/1.1 200 OK"
2026-05-12 14:05:38,800 INFO interview_audio_recorder Initialized Whisper model cache for model=large-v3 device=cuda compute_type=float16 in 4.57s
2026-05-12 14:05:38,800 WARNING interview_audio_recorder Audio file missing, skipping transcription: C:\Users\Dnord\Dropbox\David LPL work\Initial Teacher Interview Guide\interviews\Candidate_Jane_Hanna_2026-05-12_Q1_custom_Why_ECE_mic.wav
2026-05-12 14:05:38,871 INFO faster_whisper Processing audio with duration 00:57.342
2026-05-12 14:05:39,024 INFO faster_whisper VAD filter removed 00:10.238 of audio
2026-05-12 14:05:41,853 INFO interview_audio_recorder Transcribed Candidate_Jane_Hanna_2026-05-12_Q1_custom_Why_ECE_sys.wav for speaker=CANDIDATE in 3.05s (7 kept segments, min_start=0.00)
2026-05-12 14:05:41,853 INFO interview_audio_recorder Full transcription completed for base_name=Candidate_Jane_Hanna_2026-05-12_Q1_custom_Why_ECE with 7 segments in 10.83s
2026-05-12 14:05:41,862 INFO interview_app.transcription_queue transcription_job_completed
2026-05-12 14:05:41,863 INFO interview_app.transcription_queue transcription_job_completed
2026-05-12 14:05:41,863 INFO __main__ transcription_job_state_changed
2026-05-12 14:06:10,029 INFO interview_app.transcription_queue transcription_job_queued
2026-05-12 14:06:10,029 INFO __main__ transcription_job_state_changed
2026-05-12 14:06:10,030 INFO interview_app.transcription_queue transcription_job_started
2026-05-12 14:06:10,031 INFO __main__ transcription_job_state_changed
2026-05-12 14:06:10,480 INFO interview_app.transcription_queue transcription_job_started
2026-05-12 14:06:10,481 WARNING interview_audio_recorder Audio file missing, skipping transcription: C:\Users\Dnord\Dropbox\David LPL work\Initial Teacher Interview Guide\interviews\Candidate_Jane_Hanna_2026-05-12_Q2_custom_Why_LPL_mic.wav
2026-05-12 14:06:10,564 INFO faster_whisper Processing audio with duration 00:32.766
2026-05-12 14:06:10,609 INFO faster_whisper VAD filter removed 00:06.512 of audio
2026-05-12 14:06:12,092 INFO interview_audio_recorder Transcribed Candidate_Jane_Hanna_2026-05-12_Q2_custom_Why_LPL_sys.wav for speaker=CANDIDATE in 1.61s (1 kept segments, min_start=0.00)
2026-05-12 14:06:12,093 INFO interview_audio_recorder Full transcription completed for base_name=Candidate_Jane_Hanna_2026-05-12_Q2_custom_Why_LPL with 1 segments in 1.61s
2026-05-12 14:06:12,104 INFO interview_app.transcription_queue transcription_job_completed
2026-05-12 14:06:12,104 INFO interview_app.transcription_queue transcription_job_completed
2026-05-12 14:06:12,105 INFO __main__ transcription_job_state_changed
2026-05-12 14:07:36,932 INFO interview_app.transcription_queue transcription_job_queued
2026-05-12 14:07:36,933 INFO __main__ transcription_job_state_changed
2026-05-12 14:07:36,933 INFO interview_app.transcription_queue transcription_job_started
2026-05-12 14:07:36,934 INFO __main__ transcription_job_state_changed
2026-05-12 14:07:37,638 INFO interview_app.transcription_queue transcription_job_started
2026-05-12 14:07:37,640 WARNING interview_audio_recorder Audio file missing, skipping transcription: C:\Users\Dnord\Dropbox\David LPL work\Initial Teacher Interview Guide\interviews\Candidate_Jane_Hanna_2026-05-12_Q3_trait_trait_1_mic.wav
2026-05-12 14:07:37,737 INFO faster_whisper Processing audio with duration 01:21.918
2026-05-12 14:07:37,857 INFO faster_whisper VAD filter removed 00:10.192 of audio
2026-05-12 14:07:42,473 INFO interview_audio_recorder Transcribed Candidate_Jane_Hanna_2026-05-12_Q3_trait_trait_1_sys.wav for speaker=CANDIDATE in 4.83s (6 kept segments, min_start=0.00)
2026-05-12 14:07:42,474 INFO interview_audio_recorder Full transcription completed for base_name=Candidate_Jane_Hanna_2026-05-12_Q3_trait_trait_1 with 6 segments in 4.83s
2026-05-12 14:07:42,485 INFO interview_app.transcription_queue transcription_job_completed
2026-05-12 14:07:42,486 INFO interview_app.transcription_queue transcription_job_completed
2026-05-12 14:07:42,486 INFO __main__ transcription_job_state_changed
2026-05-12 14:09:16,459 INFO interview_app.transcription_queue transcription_job_queued
2026-05-12 14:09:16,460 INFO __main__ transcription_job_state_changed
2026-05-12 14:09:16,461 INFO interview_app.transcription_queue transcription_job_started
2026-05-12 14:09:16,462 INFO __main__ transcription_job_state_changed
2026-05-12 14:09:16,917 INFO interview_app.transcription_queue transcription_job_started
2026-05-12 14:09:16,918 WARNING interview_audio_recorder Audio file missing, skipping transcription: C:\Users\Dnord\Dropbox\David LPL work\Initial Teacher Interview Guide\interviews\Candidate_Jane_Hanna_2026-05-12_Q4_trait_trait_2_mic.wav
2026-05-12 14:09:17,012 INFO faster_whisper Processing audio with duration 01:30.110
2026-05-12 14:09:17,135 INFO faster_whisper VAD filter removed 00:10.704 of audio
2026-05-12 14:09:22,349 INFO interview_audio_recorder Transcribed Candidate_Jane_Hanna_2026-05-12_Q4_trait_trait_2_sys.wav for speaker=CANDIDATE in 5.43s (13 kept segments, min_start=0.00)
2026-05-12 14:09:22,350 INFO interview_audio_recorder Full transcription completed for base_name=Candidate_Jane_Hanna_2026-05-12_Q4_trait_trait_2 with 13 segments in 5.43s
2026-05-12 14:09:22,359 INFO interview_app.transcription_queue transcription_job_completed
2026-05-12 14:09:22,360 INFO interview_app.transcription_queue transcription_job_completed
2026-05-12 14:09:22,360 INFO __main__ transcription_job_state_changed
2026-05-12 14:10:54,741 INFO interview_app.transcription_queue transcription_job_queued
2026-05-12 14:10:54,742 INFO __main__ transcription_job_state_changed
2026-05-12 14:10:54,743 INFO interview_app.transcription_queue transcription_job_started
2026-05-12 14:10:54,744 INFO __main__ transcription_job_state_changed
2026-05-12 14:10:55,189 INFO interview_app.transcription_queue transcription_job_started
2026-05-12 14:10:55,190 WARNING interview_audio_recorder Audio file missing, skipping transcription: C:\Users\Dnord\Dropbox\David LPL work\Initial Teacher Interview Guide\interviews\Candidate_Jane_Hanna_2026-05-12_Q5_trait_trait_3_mic.wav
2026-05-12 14:10:55,286 INFO faster_whisper Processing audio with duration 01:30.110
2026-05-12 14:10:55,421 INFO faster_whisper VAD filter removed 00:16.752 of audio
2026-05-12 14:11:00,548 INFO interview_audio_recorder Transcribed Candidate_Jane_Hanna_2026-05-12_Q5_trait_trait_3_sys.wav for speaker=CANDIDATE in 5.36s (11 kept segments, min_start=0.00)
2026-05-12 14:11:00,550 INFO interview_audio_recorder Full transcription completed for base_name=Candidate_Jane_Hanna_2026-05-12_Q5_trait_trait_3 with 11 segments in 5.36s
2026-05-12 14:11:00,565 INFO interview_app.transcription_queue transcription_job_completed
2026-05-12 14:11:00,565 INFO interview_app.transcription_queue transcription_job_completed
2026-05-12 14:11:00,565 INFO __main__ transcription_job_state_changed
2026-05-12 14:13:07,609 INFO interview_app.transcription_queue transcription_job_queued
2026-05-12 14:13:07,610 INFO __main__ transcription_job_state_changed
2026-05-12 14:13:07,610 INFO interview_app.transcription_queue transcription_job_started
2026-05-12 14:13:07,611 INFO __main__ transcription_job_state_changed
2026-05-12 14:13:08,108 INFO interview_app.transcription_queue transcription_job_started
2026-05-12 14:13:08,110 WARNING interview_audio_recorder Audio file missing, skipping transcription: C:\Users\Dnord\Dropbox\David LPL work\Initial Teacher Interview Guide\interviews\Candidate_Jane_Hanna_2026-05-12_Q6_trait_trait_4_mic.wav
2026-05-12 14:13:08,215 INFO faster_whisper Processing audio with duration 02:02.878
2026-05-12 14:13:08,392 INFO faster_whisper VAD filter removed 00:10.384 of audio
2026-05-12 14:13:15,131 INFO interview_audio_recorder Transcribed Candidate_Jane_Hanna_2026-05-12_Q6_trait_trait_4_sys.wav for speaker=CANDIDATE in 7.02s (18 kept segments, min_start=0.00)
2026-05-12 14:13:15,132 INFO interview_audio_recorder Full transcription completed for base_name=Candidate_Jane_Hanna_2026-05-12_Q6_trait_trait_4 with 18 segments in 7.02s
2026-05-12 14:13:15,148 INFO interview_app.transcription_queue transcription_job_completed
2026-05-12 14:13:15,148 INFO interview_app.transcription_queue transcription_job_completed
2026-05-12 14:13:15,150 INFO __main__ transcription_job_state_changed
2026-05-12 14:14:54,714 INFO interview_app.transcription_queue transcription_job_queued
2026-05-12 14:14:54,714 INFO __main__ transcription_job_state_changed
2026-05-12 14:14:54,714 INFO interview_app.transcription_queue transcription_job_started
2026-05-12 14:14:54,715 INFO __main__ transcription_job_state_changed
2026-05-12 14:14:55,134 INFO interview_app.transcription_queue transcription_job_started
2026-05-12 14:14:55,136 WARNING interview_audio_recorder Audio file missing, skipping transcription: C:\Users\Dnord\Dropbox\David LPL work\Initial Teacher Interview Guide\interviews\Candidate_Jane_Hanna_2026-05-12_Q7_trait_trait_5_mic.wav
2026-05-12 14:14:55,231 INFO faster_whisper Processing audio with duration 01:38.302
2026-05-12 14:14:55,378 INFO faster_whisper VAD filter removed 00:07.824 of audio
2026-05-12 14:15:01,516 INFO interview_audio_recorder Transcribed Candidate_Jane_Hanna_2026-05-12_Q7_trait_trait_5_sys.wav for speaker=CANDIDATE in 6.38s (14 kept segments, min_start=0.00)
2026-05-12 14:15:01,517 INFO interview_audio_recorder Full transcription completed for base_name=Candidate_Jane_Hanna_2026-05-12_Q7_trait_trait_5 with 14 segments in 6.38s
2026-05-12 14:15:01,529 INFO interview_app.transcription_queue transcription_job_completed
2026-05-12 14:15:01,530 INFO interview_app.transcription_queue transcription_job_completed
2026-05-12 14:15:01,530 INFO __main__ transcription_job_state_changed
2026-05-12 14:16:50,390 INFO interview_app.transcription_queue transcription_job_queued
2026-05-12 14:16:50,390 INFO __main__ transcription_job_state_changed
2026-05-12 14:16:50,390 INFO interview_app.transcription_queue transcription_job_started
2026-05-12 14:16:50,391 INFO __main__ transcription_job_state_changed
2026-05-12 14:16:50,850 INFO interview_app.transcription_queue transcription_job_started
2026-05-12 14:16:50,852 WARNING interview_audio_recorder Audio file missing, skipping transcription: C:\Users\Dnord\Dropbox\David LPL work\Initial Teacher Interview Guide\interviews\Candidate_Jane_Hanna_2026-05-12_Q8_trait_trait_6_mic.wav
2026-05-12 14:16:50,947 INFO faster_whisper Processing audio with duration 01:46.494
2026-05-12 14:16:51,107 INFO faster_whisper VAD filter removed 00:07.888 of audio
2026-05-12 14:17:02,204 INFO interview_audio_recorder Transcribed Candidate_Jane_Hanna_2026-05-12_Q8_trait_trait_6_sys.wav for speaker=CANDIDATE in 11.35s (23 kept segments, min_start=0.00)
2026-05-12 14:17:02,205 INFO interview_audio_recorder Full transcription completed for base_name=Candidate_Jane_Hanna_2026-05-12_Q8_trait_trait_6 with 23 segments in 11.35s
2026-05-12 14:17:02,218 INFO interview_app.transcription_queue transcription_job_completed
2026-05-12 14:17:02,218 INFO interview_app.transcription_queue transcription_job_completed
2026-05-12 14:17:02,219 INFO __main__ transcription_job_state_changed
2026-05-12 14:18:16,930 INFO interview_app.transcription_queue transcription_job_queued
2026-05-12 14:18:16,930 INFO __main__ transcription_job_state_changed
2026-05-12 14:18:16,930 INFO interview_app.transcription_queue transcription_job_started
2026-05-12 14:18:16,931 INFO __main__ transcription_job_state_changed
2026-05-12 14:18:17,328 INFO interview_app.transcription_queue transcription_job_started
2026-05-12 14:18:17,330 WARNING interview_audio_recorder Audio file missing, skipping transcription: C:\Users\Dnord\Dropbox\David LPL work\Initial Teacher Interview Guide\interviews\Candidate_Jane_Hanna_2026-05-12_Q9_trait_trait_7_mic.wav
2026-05-12 14:18:17,427 INFO faster_whisper Processing audio with duration 01:21.918
2026-05-12 14:18:17,532 INFO faster_whisper VAD filter removed 00:08.240 of audio
2026-05-12 14:18:22,064 INFO interview_audio_recorder Transcribed Candidate_Jane_Hanna_2026-05-12_Q9_trait_trait_7_sys.wav for speaker=CANDIDATE in 4.73s (3 kept segments, min_start=0.00)
2026-05-12 14:18:22,065 INFO interview_audio_recorder Full transcription completed for base_name=Candidate_Jane_Hanna_2026-05-12_Q9_trait_trait_7 with 3 segments in 4.73s
2026-05-12 14:18:22,076 INFO interview_app.transcription_queue transcription_job_completed
2026-05-12 14:18:22,077 INFO interview_app.transcription_queue transcription_job_completed
2026-05-12 14:18:22,077 INFO __main__ transcription_job_state_changed
2026-05-12 14:20:28,633 INFO interview_app.transcription_queue transcription_job_queued
2026-05-12 14:20:28,633 INFO __main__ transcription_job_state_changed
2026-05-12 14:20:28,634 INFO interview_app.transcription_queue transcription_job_started
2026-05-12 14:20:28,635 INFO __main__ transcription_job_state_changed
2026-05-12 14:20:29,070 INFO interview_app.transcription_queue transcription_job_started
2026-05-12 14:20:29,072 WARNING interview_audio_recorder Audio file missing, skipping transcription: C:\Users\Dnord\Dropbox\David LPL work\Initial Teacher Interview Guide\interviews\Candidate_Jane_Hanna_2026-05-12_Q10_trait_trait_10_mic.wav
2026-05-12 14:20:29,172 INFO faster_whisper Processing audio with duration 02:02.878
2026-05-12 14:20:29,342 INFO faster_whisper VAD filter removed 00:07.824 of audio
2026-05-12 14:20:36,307 INFO interview_app.transcription_queue transcription_job_queued
2026-05-12 14:20:36,307 INFO __main__ transcription_job_state_changed
2026-05-12 14:20:36,309 INFO interview_app.transcription_queue transcription_job_started
2026-05-12 14:20:36,310 INFO __main__ transcription_job_state_changed
2026-05-12 14:20:36,978 INFO interview_app.transcription_queue transcription_job_started
2026-05-12 14:20:36,985 ERROR interview_audio_recorder stop_and_transcribe_failed
Traceback (most recent call last):
  File "C:\Users\Dnord\Dropbox\David LPL work\Initial Teacher Interview Guide\src\interview_audio_recorder.py", line 264, in stop_and_transcribe
    _ensure_at_least_one_audio_track({"mic": self.mic_wav, "system": self.sys_wav})
  File "C:\Users\Dnord\Dropbox\David LPL work\Initial Teacher Interview Guide\src\interview_audio_recorder.py", line 680, in _ensure_at_least_one_audio_track
    raise RuntimeError(f"No transcribable audio tracks were found: {details}")
RuntimeError: No transcribable audio tracks were found: mic audio file is missing: C:\Users\Dnord\Dropbox\David LPL work\Initial Teacher Interview Guide\interviews\Candidate_Jane_Hanna_2026-05-12_Q12_custom_FT_or_PT_mic.wav; system audio file is missing: C:\Users\Dnord\Dropbox\David LPL work\Initial Teacher Interview Guide\interviews\Candidate_Jane_Hanna_2026-05-12_Q12_custom_FT_or_PT_sys.wav
2026-05-12 14:20:36,987 INFO interview_app.transcription_queue transcription_job_failed
2026-05-12 14:20:36,988 INFO interview_app.transcription_queue transcription_job_failed
2026-05-12 14:20:36,988 INFO __main__ transcription_job_state_changed
2026-05-12 14:20:39,655 INFO interview_audio_recorder Transcribed Candidate_Jane_Hanna_2026-05-12_Q10_trait_trait_10_sys.wav for speaker=CANDIDATE in 10.58s (21 kept segments, min_start=0.00)
2026-05-12 14:20:39,655 INFO interview_audio_recorder Full transcription completed for base_name=Candidate_Jane_Hanna_2026-05-12_Q10_trait_trait_10 with 21 segments in 10.58s
2026-05-12 14:20:39,669 INFO interview_app.transcription_queue transcription_job_completed
2026-05-12 14:20:39,670 INFO interview_app.transcription_queue transcription_job_completed
2026-05-12 14:20:39,670 INFO __main__ transcription_job_state_changed
2026-05-12 14:21:32,371 INFO interview_app.transcription_queue transcription_job_queued
2026-05-12 14:21:32,371 INFO __main__ transcription_job_state_changed
2026-05-12 14:21:32,372 INFO interview_app.transcription_queue transcription_job_started
2026-05-12 14:21:32,374 INFO __main__ transcription_job_state_changed
2026-05-12 14:21:32,786 INFO interview_app.transcription_queue transcription_job_started
2026-05-12 14:21:32,789 WARNING interview_audio_recorder Audio file missing, skipping transcription: C:\Users\Dnord\Dropbox\David LPL work\Initial Teacher Interview Guide\interviews\Candidate_Jane_Hanna_2026-05-12_Q11_trait_trait_11_mic.wav
2026-05-12 14:21:32,877 INFO faster_whisper Processing audio with duration 00:49.150
2026-05-12 14:21:32,946 INFO faster_whisper VAD filter removed 00:07.056 of audio
2026-05-12 14:21:35,658 INFO interview_audio_recorder Transcribed Candidate_Jane_Hanna_2026-05-12_Q11_trait_trait_11_sys.wav for speaker=CANDIDATE in 2.87s (6 kept segments, min_start=0.00)
2026-05-12 14:21:35,659 INFO interview_audio_recorder Full transcription completed for base_name=Candidate_Jane_Hanna_2026-05-12_Q11_trait_trait_11 with 6 segments in 2.87s
2026-05-12 14:21:35,675 INFO interview_app.transcription_queue transcription_job_completed
2026-05-12 14:21:35,676 INFO interview_app.transcription_queue transcription_job_completed
2026-05-12 14:21:35,676 INFO __main__ transcription_job_state_changed
2026-05-12 14:21:38,298 INFO interview_app.transcription_queue transcription_job_queued
2026-05-12 14:21:38,298 INFO __main__ transcription_job_state_changed
2026-05-12 14:21:38,298 INFO interview_app.transcription_queue transcription_job_started
2026-05-12 14:21:38,300 INFO __main__ transcription_job_state_changed
2026-05-12 14:21:38,715 INFO interview_app.transcription_queue transcription_job_started
2026-05-12 14:21:38,720 ERROR interview_audio_recorder stop_and_transcribe_failed
Traceback (most recent call last):
  File "C:\Users\Dnord\Dropbox\David LPL work\Initial Teacher Interview Guide\src\interview_audio_recorder.py", line 264, in stop_and_transcribe
    _ensure_at_least_one_audio_track({"mic": self.mic_wav, "system": self.sys_wav})
  File "C:\Users\Dnord\Dropbox\David LPL work\Initial Teacher Interview Guide\src\interview_audio_recorder.py", line 680, in _ensure_at_least_one_audio_track
    raise RuntimeError(f"No transcribable audio tracks were found: {details}")
RuntimeError: No transcribable audio tracks were found: mic audio file is missing: C:\Users\Dnord\Dropbox\David LPL work\Initial Teacher Interview Guide\interviews\Candidate_Jane_Hanna_2026-05-12_Q12_custom_FT_or_PT_mic.wav; system audio file is empty: C:\Users\Dnord\Dropbox\David LPL work\Initial Teacher Interview Guide\interviews\Candidate_Jane_Hanna_2026-05-12_Q12_custom_FT_or_PT_sys.wav
2026-05-12 14:21:38,721 INFO interview_app.transcription_queue transcription_job_failed
2026-05-12 14:21:38,722 INFO interview_app.transcription_queue transcription_job_failed
2026-05-12 14:21:38,722 INFO __main__ transcription_job_state_changed
2026-05-12 14:22:01,080 INFO interview_app.transcription_queue transcription_job_queued
2026-05-12 14:22:01,080 INFO __main__ transcription_job_state_changed
2026-05-12 14:22:01,081 INFO interview_app.transcription_queue transcription_job_started
2026-05-12 14:22:01,081 INFO __main__ transcription_job_state_changed
2026-05-12 14:22:01,419 INFO interview_app.transcription_queue transcription_job_started
2026-05-12 14:22:01,420 WARNING interview_audio_recorder Audio file missing, skipping transcription: C:\Users\Dnord\Dropbox\David LPL work\Initial Teacher Interview Guide\interviews\Candidate_Jane_Hanna_2026-05-12_Q13_custom_Not_Avail_mic.wav
2026-05-12 14:22:01,500 INFO faster_whisper Processing audio with duration 00:16.382
2026-05-12 14:22:01,522 INFO faster_whisper VAD filter removed 00:01.136 of audio
2026-05-12 14:22:02,706 INFO interview_audio_recorder Transcribed Candidate_Jane_Hanna_2026-05-12_Q13_custom_Not_Avail_sys.wav for speaker=CANDIDATE in 1.28s (2 kept segments, min_start=0.00)
2026-05-12 14:22:02,706 INFO interview_audio_recorder Full transcription completed for base_name=Candidate_Jane_Hanna_2026-05-12_Q13_custom_Not_Avail with 2 segments in 1.29s
2026-05-12 14:22:02,723 INFO interview_app.transcription_queue transcription_job_completed
2026-05-12 14:22:02,723 INFO interview_app.transcription_queue transcription_job_completed
2026-05-12 14:22:02,724 INFO __main__ transcription_job_state_changed
2026-05-12 14:22:28,656 INFO interview_app.transcription_queue transcription_job_queued
2026-05-12 14:22:28,656 INFO __main__ transcription_job_state_changed
2026-05-12 14:22:28,657 INFO interview_app.transcription_queue transcription_job_started
2026-05-12 14:22:28,657 INFO __main__ transcription_job_state_changed
2026-05-12 14:22:29,048 INFO interview_app.transcription_queue transcription_job_started
2026-05-12 14:22:29,049 WARNING interview_audio_recorder Audio file missing, skipping transcription: C:\Users\Dnord\Dropbox\David LPL work\Initial Teacher Interview Guide\interviews\Candidate_Jane_Hanna_2026-05-12_Q14_custom_Pay_mic.wav
2026-05-12 14:22:29,127 INFO faster_whisper Processing audio with duration 00:24.574
2026-05-12 14:22:29,160 INFO faster_whisper VAD filter removed 00:05.054 of audio
2026-05-12 14:22:30,268 INFO interview_audio_recorder Transcribed Candidate_Jane_Hanna_2026-05-12_Q14_custom_Pay_sys.wav for speaker=CANDIDATE in 1.22s (2 kept segments, min_start=0.00)
2026-05-12 14:22:30,269 INFO interview_audio_recorder Full transcription completed for base_name=Candidate_Jane_Hanna_2026-05-12_Q14_custom_Pay with 2 segments in 1.22s
2026-05-12 14:22:30,280 INFO interview_app.transcription_queue transcription_job_completed
2026-05-12 14:22:30,281 INFO interview_app.transcription_queue transcription_job_completed
2026-05-12 14:22:30,281 INFO __main__ transcription_job_state_changed
2026-05-12 14:25:08,328 INFO interview_app.transcription_queue transcription_job_queued
2026-05-12 14:25:08,329 INFO __main__ transcription_job_state_changed
2026-05-12 14:25:08,330 INFO interview_app.transcription_queue transcription_job_started
2026-05-12 14:25:08,331 INFO __main__ transcription_job_state_changed
2026-05-12 14:25:08,355 WARNING __main__ transcription_health_failed
2026-05-12 14:25:08,358 INFO interview_app.transcription_queue transcription_job_started
2026-05-12 14:25:08,362 WARNING interview_audio_recorder Audio file missing, skipping transcription: C:\Users\Dnord\Dropbox\David LPL work\Initial Teacher Interview Guide\interviews\Candidate_Jane_Hanna_2026-05-12_Q15_custom_Start_mic.wav
2026-05-12 14:25:08,498 INFO faster_whisper Processing audio with duration 02:35.646
2026-05-12 14:25:08,740 INFO faster_whisper VAD filter removed 01:39.710 of audio
2026-05-12 14:25:11,914 INFO interview_audio_recorder Transcribed Candidate_Jane_Hanna_2026-05-12_Q15_custom_Start_sys.wav for speaker=CANDIDATE in 3.55s (5 kept segments, min_start=0.00)
2026-05-12 14:25:11,915 INFO interview_audio_recorder Full transcription completed for base_name=Candidate_Jane_Hanna_2026-05-12_Q15_custom_Start with 5 segments in 3.55s
2026-05-12 14:25:11,935 INFO interview_app.transcription_queue transcription_job_completed
2026-05-12 14:25:11,935 INFO interview_app.transcription_queue transcription_job_completed
2026-05-12 14:25:11,935 INFO __main__ transcription_job_state_changed
2026-05-12 14:25:34,966 INFO runtime_wrapper runtime_wrapper_exit
2026-05-12 15:04:46,245 INFO interview_app.transcription_queue transcription_job_queued
2026-05-12 15:04:46,245 INFO __main__ transcription_job_state_changed
2026-05-12 15:04:46,247 INFO interview_app.transcription_queue transcription_job_started
2026-05-12 15:04:46,247 INFO __main__ transcription_job_state_changed
2026-05-12 15:04:46,320 INFO interview_app.transcription_queue transcription_job_started
2026-05-12 15:04:49,879 INFO httpx HTTP Request: GET https://huggingface.co/api/models/Systran/faster-whisper-large-v3/revision/main "HTTP/1.1 200 OK"
2026-05-12 15:04:54,225 INFO interview_audio_recorder Initialized Whisper model cache for model=large-v3 device=cuda compute_type=float16 in 4.94s
2026-05-12 15:04:54,225 WARNING interview_audio_recorder Audio file missing, skipping transcription: C:\Users\Dnord\Dropbox\David LPL work\Initial Teacher Interview Guide\interviews\Candidate_king_2026-05-12_Q1_custom_Why_ECE_mic.wav
2026-05-12 15:04:54,643 INFO faster_whisper Processing audio with duration 31:24.158
2026-05-12 15:04:57,106 INFO faster_whisper VAD filter removed 29:44.430 of audio
2026-05-12 15:05:05,090 INFO interview_audio_recorder Transcribed Candidate_king_2026-05-12_Q1_custom_Why_ECE_sys.wav for speaker=CANDIDATE in 10.86s (13 kept segments, min_start=0.00)
2026-05-12 15:05:05,090 INFO interview_audio_recorder Full transcription completed for base_name=Candidate_king_2026-05-12_Q1_custom_Why_ECE with 13 segments in 18.77s
2026-05-12 15:05:05,100 INFO interview_app.transcription_queue transcription_job_completed
2026-05-12 15:05:05,101 INFO interview_app.transcription_queue transcription_job_completed
2026-05-12 15:05:05,101 INFO __main__ transcription_job_state_changed
2026-05-12 15:39:00,243 INFO runtime_wrapper runtime_wrapper_exit
2026-05-13 09:33:15,740 INFO runtime_wrapper runtime_wrapper_start
2026-05-13 09:33:15,967 INFO app_logging app_logging_initialized
2026-05-13 10:43:55,588 INFO interview_app.transcription_queue transcription_job_queued
2026-05-13 10:43:55,589 INFO __main__ transcription_job_state_changed
2026-05-13 10:43:55,590 INFO interview_app.transcription_queue transcription_job_started
2026-05-13 10:43:55,592 INFO __main__ transcription_job_state_changed
2026-05-13 10:43:55,838 INFO interview_app.transcription_queue transcription_job_started
2026-05-13 10:44:00,559 INFO httpx HTTP Request: GET https://huggingface.co/api/models/Systran/faster-whisper-large-v3/revision/main "HTTP/1.1 200 OK"
2026-05-13 10:44:04,765 INFO interview_audio_recorder Initialized Whisper model cache for model=large-v3 device=cuda compute_type=float16 in 4.92s
2026-05-13 10:44:04,766 WARNING interview_audio_recorder Audio file missing, skipping transcription: C:\Users\Dnord\Dropbox\David LPL work\Initial Teacher Interview Guide\interviews\Candidate_Naomi_McNutt_2026-05-13_Q1_custom_Why_ECE_mic.wav
2026-05-13 10:44:04,869 INFO faster_whisper Processing audio with duration 01:13.726
2026-05-13 10:44:05,158 INFO faster_whisper VAD filter removed 00:15.888 of audio
2026-05-13 10:44:11,471 INFO interview_audio_recorder Transcribed Candidate_Naomi_McNutt_2026-05-13_Q1_custom_Why_ECE_sys.wav for speaker=CANDIDATE in 6.71s (10 kept segments, min_start=0.00)
2026-05-13 10:44:11,472 INFO interview_audio_recorder Full transcription completed for base_name=Candidate_Naomi_McNutt_2026-05-13_Q1_custom_Why_ECE with 10 segments in 15.63s
2026-05-13 10:44:11,486 INFO interview_app.transcription_queue transcription_job_completed
2026-05-13 10:44:11,486 INFO interview_app.transcription_queue transcription_job_completed
2026-05-13 10:44:11,486 INFO __main__ transcription_job_state_changed
2026-05-13 10:44:28,292 INFO interview_app.transcription_queue transcription_job_queued
2026-05-13 10:44:28,293 INFO __main__ transcription_job_state_changed
2026-05-13 10:44:28,293 INFO interview_app.transcription_queue transcription_job_started
2026-05-13 10:44:28,294 INFO __main__ transcription_job_state_changed
2026-05-13 10:44:28,544 INFO interview_app.transcription_queue transcription_job_started
2026-05-13 10:44:28,546 WARNING interview_audio_recorder Audio file missing, skipping transcription: C:\Users\Dnord\Dropbox\David LPL work\Initial Teacher Interview Guide\interviews\Candidate_Naomi_McNutt_2026-05-13_Q2_custom_Why_LPL_mic.wav
2026-05-13 10:44:28,631 INFO faster_whisper Processing audio with duration 00:24.574
2026-05-13 10:44:28,663 INFO faster_whisper VAD filter removed 00:03.824 of audio
2026-05-13 10:44:30,203 INFO interview_audio_recorder Transcribed Candidate_Naomi_McNutt_2026-05-13_Q2_custom_Why_LPL_sys.wav for speaker=CANDIDATE in 1.66s (3 kept segments, min_start=0.00)
2026-05-13 10:44:30,205 INFO interview_audio_recorder Full transcription completed for base_name=Candidate_Naomi_McNutt_2026-05-13_Q2_custom_Why_LPL with 3 segments in 1.66s
2026-05-13 10:44:30,216 INFO interview_app.transcription_queue transcription_job_completed
2026-05-13 10:44:30,216 INFO interview_app.transcription_queue transcription_job_completed
2026-05-13 10:44:30,216 INFO __main__ transcription_job_state_changed
2026-05-13 10:45:32,719 INFO interview_app.transcription_queue transcription_job_queued
2026-05-13 10:45:32,720 INFO __main__ transcription_job_state_changed
2026-05-13 10:45:32,720 INFO interview_app.transcription_queue transcription_job_started
2026-05-13 10:45:32,721 INFO __main__ transcription_job_state_changed
2026-05-13 10:45:33,332 INFO interview_app.transcription_queue transcription_job_started
2026-05-13 10:45:33,334 WARNING interview_audio_recorder Audio file missing, skipping transcription: C:\Users\Dnord\Dropbox\David LPL work\Initial Teacher Interview Guide\interviews\Candidate_Naomi_McNutt_2026-05-13_Q3_trait_trait_1_mic.wav
2026-05-13 10:45:33,432 INFO faster_whisper Processing audio with duration 00:57.342
2026-05-13 10:45:33,544 INFO faster_whisper VAD filter removed 00:08.560 of audio
2026-05-13 10:45:36,824 INFO interview_audio_recorder Transcribed Candidate_Naomi_McNutt_2026-05-13_Q3_trait_trait_1_sys.wav for speaker=CANDIDATE in 3.49s (8 kept segments, min_start=0.00)
2026-05-13 10:45:36,824 INFO interview_audio_recorder Full transcription completed for base_name=Candidate_Naomi_McNutt_2026-05-13_Q3_trait_trait_1 with 8 segments in 3.49s
2026-05-13 10:45:36,834 INFO interview_app.transcription_queue transcription_job_completed
2026-05-13 10:45:36,834 INFO interview_app.transcription_queue transcription_job_completed
2026-05-13 10:45:36,835 INFO __main__ transcription_job_state_changed
2026-05-13 10:46:43,453 INFO interview_app.transcription_queue transcription_job_queued
2026-05-13 10:46:43,454 INFO __main__ transcription_job_state_changed
2026-05-13 10:46:43,454 INFO interview_app.transcription_queue transcription_job_started
2026-05-13 10:46:43,454 INFO __main__ transcription_job_state_changed
2026-05-13 10:46:43,711 INFO interview_app.transcription_queue transcription_job_started
2026-05-13 10:46:43,713 WARNING interview_audio_recorder Audio file missing, skipping transcription: C:\Users\Dnord\Dropbox\David LPL work\Initial Teacher Interview Guide\interviews\Candidate_Naomi_McNutt_2026-05-13_Q4_trait_trait_2_mic.wav
2026-05-13 10:46:43,804 INFO faster_whisper Processing audio with duration 01:05.534
2026-05-13 10:46:43,891 INFO faster_whisper VAD filter removed 00:07.248 of audio
2026-05-13 10:46:47,477 INFO interview_audio_recorder Transcribed Candidate_Naomi_McNutt_2026-05-13_Q4_trait_trait_2_sys.wav for speaker=CANDIDATE in 3.76s (9 kept segments, min_start=0.00)
2026-05-13 10:46:47,479 INFO interview_audio_recorder Full transcription completed for base_name=Candidate_Naomi_McNutt_2026-05-13_Q4_trait_trait_2 with 9 segments in 3.77s
2026-05-13 10:46:47,488 INFO interview_app.transcription_queue transcription_job_completed
2026-05-13 10:46:47,489 INFO interview_app.transcription_queue transcription_job_completed
2026-05-13 10:46:47,489 INFO __main__ transcription_job_state_changed
2026-05-13 10:47:42,018 INFO interview_app.transcription_queue transcription_job_queued
2026-05-13 10:47:42,019 INFO __main__ transcription_job_state_changed
2026-05-13 10:47:42,019 INFO interview_app.transcription_queue transcription_job_started
2026-05-13 10:47:42,019 INFO __main__ transcription_job_state_changed
2026-05-13 10:47:42,271 INFO interview_app.transcription_queue transcription_job_started
2026-05-13 10:47:42,273 WARNING interview_audio_recorder Audio file missing, skipping transcription: C:\Users\Dnord\Dropbox\David LPL work\Initial Teacher Interview Guide\interviews\Candidate_Naomi_McNutt_2026-05-13_Q5_trait_trait_3_mic.wav
2026-05-13 10:47:42,364 INFO faster_whisper Processing audio with duration 00:49.150
2026-05-13 10:47:42,430 INFO faster_whisper VAD filter removed 00:15.664 of audio
2026-05-13 10:47:44,866 INFO interview_audio_recorder Transcribed Candidate_Naomi_McNutt_2026-05-13_Q5_trait_trait_3_sys.wav for speaker=CANDIDATE in 2.59s (2 kept segments, min_start=0.00)
2026-05-13 10:47:44,867 INFO interview_audio_recorder Full transcription completed for base_name=Candidate_Naomi_McNutt_2026-05-13_Q5_trait_trait_3 with 2 segments in 2.59s
2026-05-13 10:47:44,877 INFO interview_app.transcription_queue transcription_job_completed
2026-05-13 10:47:44,878 INFO interview_app.transcription_queue transcription_job_completed
2026-05-13 10:47:44,878 INFO __main__ transcription_job_state_changed
2026-05-13 10:48:50,754 INFO interview_app.transcription_queue transcription_job_queued
2026-05-13 10:48:50,755 INFO __main__ transcription_job_state_changed
2026-05-13 10:48:50,755 INFO interview_app.transcription_queue transcription_job_started
2026-05-13 10:48:50,756 INFO __main__ transcription_job_state_changed
2026-05-13 10:48:51,060 INFO interview_app.transcription_queue transcription_job_started
2026-05-13 10:48:51,061 WARNING interview_audio_recorder Audio file missing, skipping transcription: C:\Users\Dnord\Dropbox\David LPL work\Initial Teacher Interview Guide\interviews\Candidate_Naomi_McNutt_2026-05-13_Q6_trait_trait_4_mic.wav
2026-05-13 10:48:51,152 INFO faster_whisper Processing audio with duration 01:05.534
2026-05-13 10:48:51,244 INFO faster_whisper VAD filter removed 00:09.104 of audio
2026-05-13 10:48:54,466 INFO interview_audio_recorder Transcribed Candidate_Naomi_McNutt_2026-05-13_Q6_trait_trait_4_sys.wav for speaker=CANDIDATE in 3.40s (6 kept segments, min_start=0.00)
2026-05-13 10:48:54,468 INFO interview_audio_recorder Full transcription completed for base_name=Candidate_Naomi_McNutt_2026-05-13_Q6_trait_trait_4 with 6 segments in 3.41s
2026-05-13 10:48:54,478 INFO interview_app.transcription_queue transcription_job_completed
2026-05-13 10:48:54,478 INFO interview_app.transcription_queue transcription_job_completed
2026-05-13 10:48:54,479 INFO __main__ transcription_job_state_changed
2026-05-13 10:49:50,282 INFO interview_app.transcription_queue transcription_job_queued
2026-05-13 10:49:50,283 INFO __main__ transcription_job_state_changed
2026-05-13 10:49:50,283 INFO interview_app.transcription_queue transcription_job_started
2026-05-13 10:49:50,284 INFO __main__ transcription_job_state_changed
2026-05-13 10:49:50,573 INFO interview_app.transcription_queue transcription_job_started
2026-05-13 10:49:50,575 WARNING interview_audio_recorder Audio file missing, skipping transcription: C:\Users\Dnord\Dropbox\David LPL work\Initial Teacher Interview Guide\interviews\Candidate_Naomi_McNutt_2026-05-13_Q7_trait_trait_5_mic.wav
2026-05-13 10:49:50,663 INFO faster_whisper Processing audio with duration 00:57.342
2026-05-13 10:49:50,736 INFO faster_whisper VAD filter removed 00:07.792 of audio
2026-05-13 10:49:53,188 INFO interview_audio_recorder Transcribed Candidate_Naomi_McNutt_2026-05-13_Q7_trait_trait_5_sys.wav for speaker=CANDIDATE in 2.61s (6 kept segments, min_start=0.00)
2026-05-13 10:49:53,189 INFO interview_audio_recorder Full transcription completed for base_name=Candidate_Naomi_McNutt_2026-05-13_Q7_trait_trait_5 with 6 segments in 2.61s
2026-05-13 10:49:53,205 INFO interview_app.transcription_queue transcription_job_completed
2026-05-13 10:49:53,205 INFO interview_app.transcription_queue transcription_job_completed
2026-05-13 10:49:53,206 INFO __main__ transcription_job_state_changed
2026-05-13 10:50:44,150 INFO interview_app.transcription_queue transcription_job_queued
2026-05-13 10:50:44,151 INFO __main__ transcription_job_state_changed
2026-05-13 10:50:44,152 INFO interview_app.transcription_queue transcription_job_started
2026-05-13 10:50:44,152 INFO __main__ transcription_job_state_changed
2026-05-13 10:50:44,448 INFO interview_app.transcription_queue transcription_job_started
2026-05-13 10:50:44,450 WARNING interview_audio_recorder Audio file missing, skipping transcription: C:\Users\Dnord\Dropbox\David LPL work\Initial Teacher Interview Guide\interviews\Candidate_Naomi_McNutt_2026-05-13_Q8_trait_trait_6_mic.wav
2026-05-13 10:50:44,535 INFO faster_whisper Processing audio with duration 00:49.150
2026-05-13 10:50:44,599 INFO faster_whisper VAD filter removed 00:08.318 of audio
2026-05-13 10:50:47,011 INFO interview_audio_recorder Transcribed Candidate_Naomi_McNutt_2026-05-13_Q8_trait_trait_6_sys.wav for speaker=CANDIDATE in 2.56s (3 kept segments, min_start=0.00)
2026-05-13 10:50:47,012 INFO interview_audio_recorder Full transcription completed for base_name=Candidate_Naomi_McNutt_2026-05-13_Q8_trait_trait_6 with 3 segments in 2.56s
2026-05-13 10:50:47,025 INFO interview_app.transcription_queue transcription_job_completed
2026-05-13 10:50:47,025 INFO interview_app.transcription_queue transcription_job_completed
2026-05-13 10:50:47,027 INFO __main__ transcription_job_state_changed
2026-05-13 10:51:36,026 INFO interview_app.transcription_queue transcription_job_queued
2026-05-13 10:51:36,026 INFO __main__ transcription_job_state_changed
2026-05-13 10:51:36,027 INFO interview_app.transcription_queue transcription_job_started
2026-05-13 10:51:36,027 INFO __main__ transcription_job_state_changed
2026-05-13 10:51:36,323 INFO interview_app.transcription_queue transcription_job_started
2026-05-13 10:51:36,324 WARNING interview_audio_recorder Audio file missing, skipping transcription: C:\Users\Dnord\Dropbox\David LPL work\Initial Teacher Interview Guide\interviews\Candidate_Naomi_McNutt_2026-05-13_Q9_trait_trait_7_mic.wav
2026-05-13 10:51:36,418 INFO faster_whisper Processing audio with duration 00:49.150
2026-05-13 10:51:36,481 INFO faster_whisper VAD filter removed 00:07.216 of audio
2026-05-13 10:51:39,016 INFO interview_audio_recorder Transcribed Candidate_Naomi_McNutt_2026-05-13_Q9_trait_trait_7_sys.wav for speaker=CANDIDATE in 2.69s (5 kept segments, min_start=0.00)
2026-05-13 10:51:39,016 INFO interview_audio_recorder Full transcription completed for base_name=Candidate_Naomi_McNutt_2026-05-13_Q9_trait_trait_7 with 5 segments in 2.69s
2026-05-13 10:51:39,028 INFO interview_app.transcription_queue transcription_job_completed
2026-05-13 10:51:39,029 INFO interview_app.transcription_queue transcription_job_completed
2026-05-13 10:51:39,029 INFO __main__ transcription_job_state_changed
2026-05-13 10:53:05,228 INFO interview_app.transcription_queue transcription_job_queued
2026-05-13 10:53:05,229 INFO __main__ transcription_job_state_changed
2026-05-13 10:53:05,229 INFO interview_app.transcription_queue transcription_job_started
2026-05-13 10:53:05,230 INFO __main__ transcription_job_state_changed
2026-05-13 10:53:05,520 INFO interview_app.transcription_queue transcription_job_started
2026-05-13 10:53:05,522 WARNING interview_audio_recorder Audio file missing, skipping transcription: C:\Users\Dnord\Dropbox\David LPL work\Initial Teacher Interview Guide\interviews\Candidate_Naomi_McNutt_2026-05-13_Q10_trait_trait_8_mic.wav
2026-05-13 10:53:05,610 INFO faster_whisper Processing audio with duration 01:21.918
2026-05-13 10:53:05,719 INFO faster_whisper VAD filter removed 00:26.832 of audio
2026-05-13 10:53:09,103 INFO interview_audio_recorder Transcribed Candidate_Naomi_McNutt_2026-05-13_Q10_trait_trait_8_sys.wav for speaker=CANDIDATE in 3.58s (9 kept segments, min_start=0.00)
2026-05-13 10:53:09,104 INFO interview_audio_recorder Full transcription completed for base_name=Candidate_Naomi_McNutt_2026-05-13_Q10_trait_trait_8 with 9 segments in 3.58s
2026-05-13 10:53:09,119 INFO interview_app.transcription_queue transcription_job_completed
2026-05-13 10:53:09,119 INFO interview_app.transcription_queue transcription_job_completed
2026-05-13 10:53:09,119 INFO __main__ transcription_job_state_changed
2026-05-13 10:54:34,140 INFO interview_app.transcription_queue transcription_job_queued
2026-05-13 10:54:34,141 INFO __main__ transcription_job_state_changed
2026-05-13 10:54:34,141 INFO interview_app.transcription_queue transcription_job_started
2026-05-13 10:54:34,142 INFO __main__ transcription_job_state_changed
2026-05-13 10:54:34,427 INFO interview_app.transcription_queue transcription_job_started
2026-05-13 10:54:34,429 WARNING interview_audio_recorder Audio file missing, skipping transcription: C:\Users\Dnord\Dropbox\David LPL work\Initial Teacher Interview Guide\interviews\Candidate_Naomi_McNutt_2026-05-13_Q11_trait_trait_9_mic.wav
2026-05-13 10:54:34,527 INFO faster_whisper Processing audio with duration 01:21.918
2026-05-13 10:54:34,631 INFO faster_whisper VAD filter removed 00:06.000 of audio
2026-05-13 10:54:41,217 INFO interview_app.transcription_queue transcription_job_queued
2026-05-13 10:54:41,218 INFO __main__ transcription_job_state_changed
2026-05-13 10:54:41,219 INFO interview_app.transcription_queue transcription_job_started
2026-05-13 10:54:41,220 INFO __main__ transcription_job_state_changed
2026-05-13 10:54:41,495 INFO interview_app.transcription_queue transcription_job_started
2026-05-13 10:54:41,500 ERROR interview_audio_recorder stop_and_transcribe_failed
Traceback (most recent call last):
  File "C:\Users\Dnord\Dropbox\David LPL work\Initial Teacher Interview Guide\src\interview_audio_recorder.py", line 264, in stop_and_transcribe
    _ensure_at_least_one_audio_track({"mic": self.mic_wav, "system": self.sys_wav})
  File "C:\Users\Dnord\Dropbox\David LPL work\Initial Teacher Interview Guide\src\interview_audio_recorder.py", line 680, in _ensure_at_least_one_audio_track
    raise RuntimeError(f"No transcribable audio tracks were found: {details}")
RuntimeError: No transcribable audio tracks were found: mic audio file is missing: C:\Users\Dnord\Dropbox\David LPL work\Initial Teacher Interview Guide\interviews\Candidate_Naomi_McNutt_2026-05-13_Q12_custom_FT_or_PT_mic.wav; system audio file is empty: C:\Users\Dnord\Dropbox\David LPL work\Initial Teacher Interview Guide\interviews\Candidate_Naomi_McNutt_2026-05-13_Q12_custom_FT_or_PT_sys.wav
2026-05-13 10:54:41,502 INFO interview_app.transcription_queue transcription_job_failed
2026-05-13 10:54:41,502 INFO interview_app.transcription_queue transcription_job_failed
2026-05-13 10:54:41,502 INFO __main__ transcription_job_state_changed
2026-05-13 10:54:41,866 INFO interview_audio_recorder Transcribed Candidate_Naomi_McNutt_2026-05-13_Q11_trait_trait_9_sys.wav for speaker=CANDIDATE in 7.44s (16 kept segments, min_start=0.00)
2026-05-13 10:54:41,867 INFO interview_audio_recorder Full transcription completed for base_name=Candidate_Naomi_McNutt_2026-05-13_Q11_trait_trait_9 with 16 segments in 7.44s
2026-05-13 10:54:41,882 INFO interview_app.transcription_queue transcription_job_completed
2026-05-13 10:54:41,883 INFO interview_app.transcription_queue transcription_job_completed
2026-05-13 10:54:41,883 INFO __main__ transcription_job_state_changed
2026-05-13 10:54:59,251 INFO interview_app.transcription_queue transcription_job_queued
2026-05-13 10:54:59,252 INFO __main__ transcription_job_state_changed
2026-05-13 10:54:59,252 INFO interview_app.transcription_queue transcription_job_started
2026-05-13 10:54:59,253 INFO __main__ transcription_job_state_changed
2026-05-13 10:54:59,502 INFO interview_app.transcription_queue transcription_job_started
2026-05-13 10:54:59,504 WARNING interview_audio_recorder Audio file missing, skipping transcription: C:\Users\Dnord\Dropbox\David LPL work\Initial Teacher Interview Guide\interviews\Candidate_Naomi_McNutt_2026-05-13_Q13_custom_Not_Avail_mic.wav
2026-05-13 10:54:59,579 INFO faster_whisper Processing audio with duration 00:16.382
2026-05-13 10:54:59,601 INFO faster_whisper VAD filter removed 00:04.720 of audio
2026-05-13 10:55:00,488 INFO interview_audio_recorder Transcribed Candidate_Naomi_McNutt_2026-05-13_Q13_custom_Not_Avail_sys.wav for speaker=CANDIDATE in 0.98s (3 kept segments, min_start=0.00)
2026-05-13 10:55:00,488 INFO interview_audio_recorder Full transcription completed for base_name=Candidate_Naomi_McNutt_2026-05-13_Q13_custom_Not_Avail with 3 segments in 0.98s
2026-05-13 10:55:00,497 INFO interview_app.transcription_queue transcription_job_completed
2026-05-13 10:55:00,498 INFO interview_app.transcription_queue transcription_job_completed
2026-05-13 10:55:00,498 INFO __main__ transcription_job_state_changed
2026-05-13 10:55:06,829 INFO interview_app.transcription_queue transcription_job_queued
2026-05-13 10:55:06,830 INFO __main__ transcription_job_state_changed
2026-05-13 10:55:06,831 INFO interview_app.transcription_queue transcription_job_started
2026-05-13 10:55:06,831 INFO __main__ transcription_job_state_changed
2026-05-13 10:55:07,073 INFO interview_app.transcription_queue transcription_job_started
2026-05-13 10:55:07,079 ERROR interview_audio_recorder stop_and_transcribe_failed
Traceback (most recent call last):
  File "C:\Users\Dnord\Dropbox\David LPL work\Initial Teacher Interview Guide\src\interview_audio_recorder.py", line 264, in stop_and_transcribe
    _ensure_at_least_one_audio_track({"mic": self.mic_wav, "system": self.sys_wav})
  File "C:\Users\Dnord\Dropbox\David LPL work\Initial Teacher Interview Guide\src\interview_audio_recorder.py", line 680, in _ensure_at_least_one_audio_track
    raise RuntimeError(f"No transcribable audio tracks were found: {details}")
RuntimeError: No transcribable audio tracks were found: mic audio file is missing: C:\Users\Dnord\Dropbox\David LPL work\Initial Teacher Interview Guide\interviews\Candidate_Naomi_McNutt_2026-05-13_Q14_custom_Start_mic.wav; system audio file is empty: C:\Users\Dnord\Dropbox\David LPL work\Initial Teacher Interview Guide\interviews\Candidate_Naomi_McNutt_2026-05-13_Q14_custom_Start_sys.wav
2026-05-13 10:55:07,080 INFO interview_app.transcription_queue transcription_job_failed
2026-05-13 10:55:07,080 INFO interview_app.transcription_queue transcription_job_failed
2026-05-13 10:55:07,080 INFO __main__ transcription_job_state_changed
2026-05-13 10:55:20,553 INFO interview_app.transcription_queue transcription_job_queued
2026-05-13 10:55:20,553 INFO __main__ transcription_job_state_changed
2026-05-13 10:55:20,554 INFO interview_app.transcription_queue transcription_job_started
2026-05-13 10:55:20,555 INFO __main__ transcription_job_state_changed
2026-05-13 10:55:20,579 WARNING __main__ transcription_health_failed
2026-05-13 10:55:20,582 INFO interview_app.transcription_queue transcription_job_started
2026-05-13 10:55:20,584 WARNING interview_audio_recorder Audio file missing, skipping transcription: C:\Users\Dnord\Dropbox\David LPL work\Initial Teacher Interview Guide\interviews\Candidate_Naomi_McNutt_2026-05-13_Q15_custom_Pay_mic.wav
2026-05-13 10:55:20,673 INFO faster_whisper Processing audio with duration 00:08.190
2026-05-13 10:55:20,685 INFO faster_whisper VAD filter removed 00:00.688 of audio
2026-05-13 10:55:21,375 INFO interview_audio_recorder Transcribed Candidate_Naomi_McNutt_2026-05-13_Q15_custom_Pay_sys.wav for speaker=CANDIDATE in 0.78s (1 kept segments, min_start=0.00)
2026-05-13 10:55:21,376 INFO interview_audio_recorder Full transcription completed for base_name=Candidate_Naomi_McNutt_2026-05-13_Q15_custom_Pay with 1 segments in 0.79s
2026-05-13 10:55:21,389 INFO interview_app.transcription_queue transcription_job_completed
2026-05-13 10:55:21,389 INFO interview_app.transcription_queue transcription_job_completed
2026-05-13 10:55:21,389 INFO __main__ transcription_job_state_changed
2026-05-13 14:32:41,629 INFO runtime_wrapper runtime_wrapper_start
2026-05-13 14:32:41,858 INFO app_logging app_logging_initialized
2026-05-13 14:36:26,293 INFO interview_app.transcription_queue transcription_job_queued
2026-05-13 14:36:26,293 INFO __main__ transcription_job_state_changed
2026-05-13 14:36:26,296 INFO interview_app.transcription_queue transcription_job_started
2026-05-13 14:36:26,297 INFO __main__ transcription_job_state_changed
2026-05-13 14:36:26,455 INFO interview_app.transcription_queue transcription_job_started
2026-05-13 14:36:30,878 INFO httpx HTTP Request: GET https://huggingface.co/api/models/Systran/faster-whisper-large-v3/revision/main "HTTP/1.1 200 OK"
2026-05-13 14:36:37,421 INFO interview_audio_recorder Initialized Whisper model cache for model=large-v3 device=cuda compute_type=float16 in 7.05s
2026-05-13 14:36:37,422 WARNING interview_audio_recorder Audio file missing, skipping transcription: C:\Users\Dnord\Dropbox\David LPL work\Initial Teacher Interview Guide\interviews\Candidate_Gwen_Smith_2026-05-13_Q1_custom_Why_ECE_mic.wav
2026-05-13 14:36:37,531 INFO faster_whisper Processing audio with duration 01:54.686
2026-05-13 14:36:37,878 INFO faster_whisper VAD filter removed 00:09.840 of audio
2026-05-13 14:36:43,734 INFO interview_app.transcription_queue transcription_job_queued
2026-05-13 14:36:43,734 INFO __main__ transcription_job_state_changed
2026-05-13 14:36:43,735 INFO interview_app.transcription_queue transcription_job_started
2026-05-13 14:36:43,737 INFO __main__ transcription_job_state_changed
2026-05-13 14:36:43,886 INFO interview_app.transcription_queue transcription_job_started
2026-05-13 14:36:43,887 WARNING interview_audio_recorder Audio file missing, skipping transcription: C:\Users\Dnord\Dropbox\David LPL work\Initial Teacher Interview Guide\interviews\Candidate_Gwen_Smith_2026-05-13_Q2_custom_Why_LPL_mic.wav
2026-05-13 14:36:43,970 INFO faster_whisper Processing audio with duration 00:08.190
2026-05-13 14:36:43,981 INFO faster_whisper VAD filter removed 00:04.624 of audio
2026-05-13 14:36:47,921 INFO interview_audio_recorder Transcribed Candidate_Gwen_Smith_2026-05-13_Q1_custom_Why_ECE_sys.wav for speaker=CANDIDATE in 10.50s (16 kept segments, min_start=0.00)
2026-05-13 14:36:47,922 INFO interview_audio_recorder Full transcription completed for base_name=Candidate_Gwen_Smith_2026-05-13_Q1_custom_Why_ECE with 16 segments in 21.47s
2026-05-13 14:36:47,933 INFO interview_app.transcription_queue transcription_job_completed
2026-05-13 14:36:47,934 INFO interview_app.transcription_queue transcription_job_completed
2026-05-13 14:36:47,934 INFO __main__ transcription_job_state_changed
2026-05-13 14:36:48,212 INFO interview_audio_recorder Transcribed Candidate_Gwen_Smith_2026-05-13_Q2_custom_Why_LPL_sys.wav for speaker=CANDIDATE in 4.32s (2 kept segments, min_start=0.00)
2026-05-13 14:36:48,213 INFO interview_audio_recorder Full transcription completed for base_name=Candidate_Gwen_Smith_2026-05-13_Q2_custom_Why_LPL with 2 segments in 4.33s
2026-05-13 14:36:48,228 INFO interview_app.transcription_queue transcription_job_completed
2026-05-13 14:36:48,228 INFO interview_app.transcription_queue transcription_job_completed
2026-05-13 14:36:48,228 INFO __main__ transcription_job_state_changed
2026-05-13 14:37:35,110 INFO interview_app.transcription_queue transcription_job_queued
2026-05-13 14:37:35,110 INFO __main__ transcription_job_state_changed
2026-05-13 14:37:35,110 INFO interview_app.transcription_queue transcription_job_started
2026-05-13 14:37:35,111 INFO __main__ transcription_job_state_changed
2026-05-13 14:37:35,370 INFO interview_app.transcription_queue transcription_job_started
2026-05-13 14:37:35,372 WARNING interview_audio_recorder Audio file missing, skipping transcription: C:\Users\Dnord\Dropbox\David LPL work\Initial Teacher Interview Guide\interviews\Candidate_Gwen_Smith_2026-05-13_Q3_trait_trait_1_mic.wav
2026-05-13 14:37:35,456 INFO faster_whisper Processing audio with duration 00:49.150
2026-05-13 14:37:35,522 INFO faster_whisper VAD filter removed 00:13.566 of audio
2026-05-13 14:37:38,129 INFO interview_audio_recorder Transcribed Candidate_Gwen_Smith_2026-05-13_Q3_trait_trait_1_sys.wav for speaker=CANDIDATE in 2.76s (5 kept segments, min_start=0.00)
2026-05-13 14:37:38,129 INFO interview_audio_recorder Full transcription completed for base_name=Candidate_Gwen_Smith_2026-05-13_Q3_trait_trait_1 with 5 segments in 2.76s
2026-05-13 14:37:38,142 INFO interview_app.transcription_queue transcription_job_completed
2026-05-13 14:37:38,142 INFO interview_app.transcription_queue transcription_job_completed
2026-05-13 14:37:38,142 INFO __main__ transcription_job_state_changed
2026-05-13 14:38:30,782 INFO interview_app.transcription_queue transcription_job_queued
2026-05-13 14:38:30,783 INFO __main__ transcription_job_state_changed
2026-05-13 14:38:30,784 INFO interview_app.transcription_queue transcription_job_started
2026-05-13 14:38:30,785 INFO __main__ transcription_job_state_changed
2026-05-13 14:38:30,988 INFO interview_app.transcription_queue transcription_job_started
2026-05-13 14:38:30,989 WARNING interview_audio_recorder Audio file missing, skipping transcription: C:\Users\Dnord\Dropbox\David LPL work\Initial Teacher Interview Guide\interviews\Candidate_Gwen_Smith_2026-05-13_Q4_trait_trait_2_mic.wav
2026-05-13 14:38:31,075 INFO faster_whisper Processing audio with duration 00:49.150
2026-05-13 14:38:31,136 INFO faster_whisper VAD filter removed 00:11.184 of audio
2026-05-13 14:38:33,659 INFO interview_audio_recorder Transcribed Candidate_Gwen_Smith_2026-05-13_Q4_trait_trait_2_sys.wav for speaker=CANDIDATE in 2.67s (6 kept segments, min_start=0.00)
2026-05-13 14:38:33,661 INFO interview_audio_recorder Full transcription completed for base_name=Candidate_Gwen_Smith_2026-05-13_Q4_trait_trait_2 with 6 segments in 2.67s
2026-05-13 14:38:33,670 INFO interview_app.transcription_queue transcription_job_completed
2026-05-13 14:38:33,670 INFO interview_app.transcription_queue transcription_job_completed
2026-05-13 14:38:33,671 INFO __main__ transcription_job_state_changed
2026-05-13 14:39:45,676 INFO interview_app.transcription_queue transcription_job_queued
2026-05-13 14:39:45,677 INFO __main__ transcription_job_state_changed
2026-05-13 14:39:45,677 INFO interview_app.transcription_queue transcription_job_started
2026-05-13 14:39:45,678 INFO __main__ transcription_job_state_changed
2026-05-13 14:39:45,881 INFO interview_app.transcription_queue transcription_job_started
2026-05-13 14:39:45,882 WARNING interview_audio_recorder Audio file missing, skipping transcription: C:\Users\Dnord\Dropbox\David LPL work\Initial Teacher Interview Guide\interviews\Candidate_Gwen_Smith_2026-05-13_Q5_trait_trait_3_mic.wav
2026-05-13 14:39:45,969 INFO faster_whisper Processing audio with duration 01:05.534
2026-05-13 14:39:46,061 INFO faster_whisper VAD filter removed 00:21.968 of audio
2026-05-13 14:39:48,915 INFO interview_audio_recorder Transcribed Candidate_Gwen_Smith_2026-05-13_Q5_trait_trait_3_sys.wav for speaker=CANDIDATE in 3.03s (4 kept segments, min_start=0.00)
2026-05-13 14:39:48,916 INFO interview_audio_recorder Full transcription completed for base_name=Candidate_Gwen_Smith_2026-05-13_Q5_trait_trait_3 with 4 segments in 3.03s
2026-05-13 14:39:48,930 INFO interview_app.transcription_queue transcription_job_completed
2026-05-13 14:39:48,930 INFO interview_app.transcription_queue transcription_job_completed
2026-05-13 14:39:48,931 INFO __main__ transcription_job_state_changed
2026-05-13 14:41:27,992 INFO interview_app.transcription_queue transcription_job_queued
2026-05-13 14:41:27,993 INFO __main__ transcription_job_state_changed
2026-05-13 14:41:27,993 INFO interview_app.transcription_queue transcription_job_started
2026-05-13 14:41:27,996 INFO __main__ transcription_job_state_changed
2026-05-13 14:41:28,223 INFO interview_app.transcription_queue transcription_job_started
2026-05-13 14:41:28,225 WARNING interview_audio_recorder Audio file missing, skipping transcription: C:\Users\Dnord\Dropbox\David LPL work\Initial Teacher Interview Guide\interviews\Candidate_Gwen_Smith_2026-05-13_Q6_trait_trait_4_mic.wav
2026-05-13 14:41:28,318 INFO faster_whisper Processing audio with duration 01:38.302
2026-05-13 14:41:28,457 INFO faster_whisper VAD filter removed 00:34.288 of audio
2026-05-13 14:41:32,756 INFO interview_audio_recorder Transcribed Candidate_Gwen_Smith_2026-05-13_Q6_trait_trait_4_sys.wav for speaker=CANDIDATE in 4.53s (10 kept segments, min_start=0.00)
2026-05-13 14:41:32,757 INFO interview_audio_recorder Full transcription completed for base_name=Candidate_Gwen_Smith_2026-05-13_Q6_trait_trait_4 with 10 segments in 4.53s
2026-05-13 14:41:32,767 INFO interview_app.transcription_queue transcription_job_completed
2026-05-13 14:41:32,767 INFO interview_app.transcription_queue transcription_job_completed
2026-05-13 14:41:32,768 INFO __main__ transcription_job_state_changed
2026-05-13 14:43:46,977 INFO interview_app.transcription_queue transcription_job_queued
2026-05-13 14:43:46,977 INFO __main__ transcription_job_state_changed
2026-05-13 14:43:46,978 INFO interview_app.transcription_queue transcription_job_started
2026-05-13 14:43:46,979 INFO __main__ transcription_job_state_changed
2026-05-13 14:43:47,181 INFO interview_app.transcription_queue transcription_job_started
2026-05-13 14:43:47,182 WARNING interview_audio_recorder Audio file missing, skipping transcription: C:\Users\Dnord\Dropbox\David LPL work\Initial Teacher Interview Guide\interviews\Candidate_Gwen_Smith_2026-05-13_Q7_trait_trait_5_mic.wav
2026-05-13 14:43:47,288 INFO faster_whisper Processing audio with duration 02:11.070
2026-05-13 14:43:47,462 INFO faster_whisper VAD filter removed 00:31.472 of audio
2026-05-13 14:43:53,604 INFO interview_audio_recorder Transcribed Candidate_Gwen_Smith_2026-05-13_Q7_trait_trait_5_sys.wav for speaker=CANDIDATE in 6.42s (16 kept segments, min_start=0.00)
2026-05-13 14:43:53,605 INFO interview_audio_recorder Full transcription completed for base_name=Candidate_Gwen_Smith_2026-05-13_Q7_trait_trait_5 with 16 segments in 6.42s
2026-05-13 14:43:53,616 INFO interview_app.transcription_queue transcription_job_completed
2026-05-13 14:43:53,617 INFO interview_app.transcription_queue transcription_job_completed
2026-05-13 14:43:53,617 INFO __main__ transcription_job_state_changed
2026-05-13 14:45:36,898 INFO interview_app.transcription_queue transcription_job_queued
2026-05-13 14:45:36,899 INFO __main__ transcription_job_state_changed
2026-05-13 14:45:36,900 INFO interview_app.transcription_queue transcription_job_started
2026-05-13 14:45:36,900 INFO __main__ transcription_job_state_changed
2026-05-13 14:45:37,130 INFO interview_app.transcription_queue transcription_job_started
2026-05-13 14:45:37,133 WARNING interview_audio_recorder Audio file missing, skipping transcription: C:\Users\Dnord\Dropbox\David LPL work\Initial Teacher Interview Guide\interviews\Candidate_Gwen_Smith_2026-05-13_Q8_trait_trait_6_mic.wav
2026-05-13 14:45:37,226 INFO faster_whisper Processing audio with duration 01:46.494
2026-05-13 14:45:37,369 INFO faster_whisper VAD filter removed 00:10.160 of audio
2026-05-13 14:45:42,882 INFO interview_audio_recorder Transcribed Candidate_Gwen_Smith_2026-05-13_Q8_trait_trait_6_sys.wav for speaker=CANDIDATE in 5.75s (14 kept segments, min_start=0.00)
2026-05-13 14:45:42,883 INFO interview_audio_recorder Full transcription completed for base_name=Candidate_Gwen_Smith_2026-05-13_Q8_trait_trait_6 with 14 segments in 5.75s
2026-05-13 14:45:42,895 INFO interview_app.transcription_queue transcription_job_completed
2026-05-13 14:45:42,896 INFO interview_app.transcription_queue transcription_job_completed
2026-05-13 14:45:42,896 INFO __main__ transcription_job_state_changed
2026-05-13 14:46:41,842 INFO interview_app.transcription_queue transcription_job_queued
2026-05-13 14:46:41,844 INFO __main__ transcription_job_state_changed
2026-05-13 14:46:41,845 INFO interview_app.transcription_queue transcription_job_started
2026-05-13 14:46:41,846 INFO __main__ transcription_job_state_changed
2026-05-13 14:46:42,097 INFO interview_app.transcription_queue transcription_job_started
2026-05-13 14:46:42,098 WARNING interview_audio_recorder Audio file missing, skipping transcription: C:\Users\Dnord\Dropbox\David LPL work\Initial Teacher Interview Guide\interviews\Candidate_Gwen_Smith_2026-05-13_Q9_trait_trait_7_mic.wav
2026-05-13 14:46:42,188 INFO faster_whisper Processing audio with duration 00:57.342
2026-05-13 14:46:42,263 INFO faster_whisper VAD filter removed 00:09.456 of audio
2026-05-13 14:46:45,190 INFO interview_audio_recorder Transcribed Candidate_Gwen_Smith_2026-05-13_Q9_trait_trait_7_sys.wav for speaker=CANDIDATE in 3.09s (8 kept segments, min_start=0.00)
2026-05-13 14:46:45,192 INFO interview_audio_recorder Full transcription completed for base_name=Candidate_Gwen_Smith_2026-05-13_Q9_trait_trait_7 with 8 segments in 3.09s
2026-05-13 14:46:45,203 INFO interview_app.transcription_queue transcription_job_completed
2026-05-13 14:46:45,204 INFO interview_app.transcription_queue transcription_job_completed
2026-05-13 14:46:45,204 INFO __main__ transcription_job_state_changed
2026-05-13 14:48:15,243 INFO interview_app.transcription_queue transcription_job_queued
2026-05-13 14:48:15,243 INFO __main__ transcription_job_state_changed
2026-05-13 14:48:15,244 INFO interview_app.transcription_queue transcription_job_started
2026-05-13 14:48:15,245 INFO __main__ transcription_job_state_changed
2026-05-13 14:48:15,448 INFO interview_app.transcription_queue transcription_job_started
2026-05-13 14:48:15,451 WARNING interview_audio_recorder Audio file missing, skipping transcription: C:\Users\Dnord\Dropbox\David LPL work\Initial Teacher Interview Guide\interviews\Candidate_Gwen_Smith_2026-05-13_Q10_trait_trait_10_mic.wav
2026-05-13 14:48:15,542 INFO faster_whisper Processing audio with duration 01:30.110
2026-05-13 14:48:15,663 INFO faster_whisper VAD filter removed 00:09.840 of audio
2026-05-13 14:48:25,551 INFO interview_audio_recorder Transcribed Candidate_Gwen_Smith_2026-05-13_Q10_trait_trait_10_sys.wav for speaker=CANDIDATE in 10.10s (16 kept segments, min_start=0.00)
2026-05-13 14:48:25,552 INFO interview_audio_recorder Full transcription completed for base_name=Candidate_Gwen_Smith_2026-05-13_Q10_trait_trait_10 with 16 segments in 10.10s
2026-05-13 14:48:25,565 INFO interview_app.transcription_queue transcription_job_completed
2026-05-13 14:48:25,566 INFO interview_app.transcription_queue transcription_job_completed
2026-05-13 14:48:25,566 INFO __main__ transcription_job_state_changed
2026-05-13 14:49:07,058 INFO interview_app.transcription_queue transcription_job_queued
2026-05-13 14:49:07,058 INFO __main__ transcription_job_state_changed
2026-05-13 14:49:07,058 INFO interview_app.transcription_queue transcription_job_started
2026-05-13 14:49:07,058 INFO __main__ transcription_job_state_changed
2026-05-13 14:49:07,307 INFO interview_app.transcription_queue transcription_job_started
2026-05-13 14:49:07,308 WARNING interview_audio_recorder Audio file missing, skipping transcription: C:\Users\Dnord\Dropbox\David LPL work\Initial Teacher Interview Guide\interviews\Candidate_Gwen_Smith_2026-05-13_Q11_trait_trait_11_mic.wav
2026-05-13 14:49:07,397 INFO faster_whisper Processing audio with duration 00:49.150
2026-05-13 14:49:07,460 INFO faster_whisper VAD filter removed 00:15.038 of audio
2026-05-13 14:49:09,550 INFO interview_audio_recorder Transcribed Candidate_Gwen_Smith_2026-05-13_Q11_trait_trait_11_sys.wav for speaker=CANDIDATE in 2.24s (6 kept segments, min_start=0.00)
2026-05-13 14:49:09,550 INFO interview_audio_recorder Full transcription completed for base_name=Candidate_Gwen_Smith_2026-05-13_Q11_trait_trait_11 with 6 segments in 2.24s
2026-05-13 14:49:09,562 INFO interview_app.transcription_queue transcription_job_completed
2026-05-13 14:49:09,563 INFO interview_app.transcription_queue transcription_job_completed
2026-05-13 14:49:09,563 INFO __main__ transcription_job_state_changed
2026-05-13 14:49:15,617 INFO interview_app.transcription_queue transcription_job_queued
2026-05-13 14:49:15,618 INFO __main__ transcription_job_state_changed
2026-05-13 14:49:15,618 INFO interview_app.transcription_queue transcription_job_started
2026-05-13 14:49:15,618 INFO __main__ transcription_job_state_changed
2026-05-13 14:49:15,750 INFO interview_app.transcription_queue transcription_job_started
2026-05-13 14:49:15,756 ERROR interview_audio_recorder stop_and_transcribe_failed
Traceback (most recent call last):
  File "C:\Users\Dnord\Dropbox\David LPL work\Initial Teacher Interview Guide\src\interview_audio_recorder.py", line 264, in stop_and_transcribe
    _ensure_at_least_one_audio_track({"mic": self.mic_wav, "system": self.sys_wav})
  File "C:\Users\Dnord\Dropbox\David LPL work\Initial Teacher Interview Guide\src\interview_audio_recorder.py", line 680, in _ensure_at_least_one_audio_track
    raise RuntimeError(f"No transcribable audio tracks were found: {details}")
RuntimeError: No transcribable audio tracks were found: mic audio file is missing: C:\Users\Dnord\Dropbox\David LPL work\Initial Teacher Interview Guide\interviews\Candidate_Gwen_Smith_2026-05-13_Q12_custom_FT_or_PT_mic.wav; system audio file is empty: C:\Users\Dnord\Dropbox\David LPL work\Initial Teacher Interview Guide\interviews\Candidate_Gwen_Smith_2026-05-13_Q12_custom_FT_or_PT_sys.wav
2026-05-13 14:49:15,758 INFO interview_app.transcription_queue transcription_job_failed
2026-05-13 14:49:15,758 INFO interview_app.transcription_queue transcription_job_failed
2026-05-13 14:49:15,759 INFO __main__ transcription_job_state_changed
2026-05-13 14:49:21,251 INFO interview_app.transcription_queue transcription_job_queued
2026-05-13 14:49:21,252 INFO __main__ transcription_job_state_changed
2026-05-13 14:49:21,252 INFO interview_app.transcription_queue transcription_job_started
2026-05-13 14:49:21,253 INFO __main__ transcription_job_state_changed
2026-05-13 14:49:21,400 INFO interview_app.transcription_queue transcription_job_started
2026-05-13 14:49:21,405 ERROR interview_audio_recorder stop_and_transcribe_failed
Traceback (most recent call last):
  File "C:\Users\Dnord\Dropbox\David LPL work\Initial Teacher Interview Guide\src\interview_audio_recorder.py", line 264, in stop_and_transcribe
    _ensure_at_least_one_audio_track({"mic": self.mic_wav, "system": self.sys_wav})
  File "C:\Users\Dnord\Dropbox\David LPL work\Initial Teacher Interview Guide\src\interview_audio_recorder.py", line 680, in _ensure_at_least_one_audio_track
    raise RuntimeError(f"No transcribable audio tracks were found: {details}")
RuntimeError: No transcribable audio tracks were found: mic audio file is missing: C:\Users\Dnord\Dropbox\David LPL work\Initial Teacher Interview Guide\interviews\Candidate_Gwen_Smith_2026-05-13_Q13_custom_Not_Avail_mic.wav; system audio file is empty: C:\Users\Dnord\Dropbox\David LPL work\Initial Teacher Interview Guide\interviews\Candidate_Gwen_Smith_2026-05-13_Q13_custom_Not_Avail_sys.wav
2026-05-13 14:49:21,406 INFO interview_app.transcription_queue transcription_job_failed
2026-05-13 14:49:21,407 INFO interview_app.transcription_queue transcription_job_failed
2026-05-13 14:49:21,407 INFO __main__ transcription_job_state_changed
2026-05-13 14:50:23,198 INFO interview_app.transcription_queue transcription_job_queued
2026-05-13 14:50:23,198 INFO __main__ transcription_job_state_changed
2026-05-13 14:50:23,199 INFO interview_app.transcription_queue transcription_job_started
2026-05-13 14:50:23,199 INFO __main__ transcription_job_state_changed
2026-05-13 14:50:23,332 INFO interview_app.transcription_queue transcription_job_started
2026-05-13 14:50:23,334 WARNING interview_audio_recorder Audio file missing, skipping transcription: C:\Users\Dnord\Dropbox\David LPL work\Initial Teacher Interview Guide\interviews\Candidate_Gwen_Smith_2026-05-13_Q14_custom_Pay_mic.wav
2026-05-13 14:50:23,424 INFO faster_whisper Processing audio with duration 00:57.342
2026-05-13 14:50:23,497 INFO faster_whisper VAD filter removed 00:27.856 of audio
2026-05-13 14:50:25,288 INFO interview_audio_recorder Transcribed Candidate_Gwen_Smith_2026-05-13_Q14_custom_Pay_sys.wav for speaker=CANDIDATE in 1.95s (10 kept segments, min_start=0.00)
2026-05-13 14:50:25,288 INFO interview_audio_recorder Full transcription completed for base_name=Candidate_Gwen_Smith_2026-05-13_Q14_custom_Pay with 10 segments in 1.95s
2026-05-13 14:50:25,297 INFO interview_app.transcription_queue transcription_job_completed
2026-05-13 14:50:25,298 INFO interview_app.transcription_queue transcription_job_completed
2026-05-13 14:50:25,298 INFO __main__ transcription_job_state_changed
2026-05-13 14:50:32,182 INFO interview_app.transcription_queue transcription_job_queued
2026-05-13 14:50:32,182 INFO __main__ transcription_job_state_changed
2026-05-13 14:50:32,183 INFO interview_app.transcription_queue transcription_job_started
2026-05-13 14:50:32,183 INFO __main__ transcription_job_state_changed
2026-05-13 14:50:32,198 WARNING __main__ transcription_health_failed
2026-05-13 14:50:32,201 INFO interview_app.transcription_queue transcription_job_started
2026-05-13 14:50:32,210 ERROR interview_audio_recorder stop_and_transcribe_failed
Traceback (most recent call last):
  File "C:\Users\Dnord\Dropbox\David LPL work\Initial Teacher Interview Guide\src\interview_audio_recorder.py", line 264, in stop_and_transcribe
    _ensure_at_least_one_audio_track({"mic": self.mic_wav, "system": self.sys_wav})
  File "C:\Users\Dnord\Dropbox\David LPL work\Initial Teacher Interview Guide\src\interview_audio_recorder.py", line 680, in _ensure_at_least_one_audio_track
    raise RuntimeError(f"No transcribable audio tracks were found: {details}")
RuntimeError: No transcribable audio tracks were found: mic audio file is missing: C:\Users\Dnord\Dropbox\David LPL work\Initial Teacher Interview Guide\interviews\Candidate_Gwen_Smith_2026-05-13_Q15_custom_Start_mic.wav; system audio file is empty: C:\Users\Dnord\Dropbox\David LPL work\Initial Teacher Interview Guide\interviews\Candidate_Gwen_Smith_2026-05-13_Q15_custom_Start_sys.wav
2026-05-13 14:50:32,213 INFO interview_app.transcription_queue transcription_job_failed
2026-05-13 14:50:32,213 INFO interview_app.transcription_queue transcription_job_failed
2026-05-13 14:50:32,213 INFO __main__ transcription_job_state_changed
2026-05-13 16:08:08,033 INFO interview_app.transcription_queue transcription_job_queued
2026-05-13 16:08:08,034 INFO __main__ transcription_job_state_changed
2026-05-13 16:08:08,034 INFO interview_app.transcription_queue transcription_job_started
2026-05-13 16:08:08,035 INFO __main__ transcription_job_state_changed
2026-05-13 16:08:08,236 INFO interview_app.transcription_queue transcription_job_started
2026-05-13 16:08:08,238 WARNING interview_audio_recorder Audio file missing, skipping transcription: C:\Users\Dnord\Dropbox\David LPL work\Initial Teacher Interview Guide\interviews\Candidate_Elisa_Martinez_2026-05-13_Q1_custom_Why_ECE_mic.wav
2026-05-13 16:08:08,378 INFO faster_whisper Processing audio with duration 03:24.798
2026-05-13 16:08:08,676 INFO faster_whisper VAD filter removed 00:15.952 of audio
2026-05-13 16:08:21,892 INFO interview_audio_recorder Transcribed Candidate_Elisa_Martinez_2026-05-13_Q1_custom_Why_ECE_sys.wav for speaker=CANDIDATE in 13.65s (32 kept segments, min_start=0.00)
2026-05-13 16:08:21,893 INFO interview_audio_recorder Full transcription completed for base_name=Candidate_Elisa_Martinez_2026-05-13_Q1_custom_Why_ECE with 32 segments in 13.66s
2026-05-13 16:08:21,907 INFO interview_app.transcription_queue transcription_job_completed
2026-05-13 16:08:21,907 INFO interview_app.transcription_queue transcription_job_completed
2026-05-13 16:08:21,908 INFO __main__ transcription_job_state_changed
2026-05-13 16:15:14,979 INFO interview_app.transcription_queue transcription_job_queued
2026-05-13 16:15:14,981 INFO __main__ transcription_job_state_changed
2026-05-13 16:15:14,981 INFO interview_app.transcription_queue transcription_job_started
2026-05-13 16:15:14,982 INFO __main__ transcription_job_state_changed
2026-05-13 16:15:15,185 INFO interview_app.transcription_queue transcription_job_started
2026-05-13 16:15:15,186 WARNING interview_audio_recorder Audio file missing, skipping transcription: C:\Users\Dnord\Dropbox\David LPL work\Initial Teacher Interview Guide\interviews\Candidate_Elisa_Martinez_2026-05-13_Q2_custom_Why_LPL_mic.wav
2026-05-13 16:15:15,346 INFO faster_whisper Processing audio with duration 06:57.790
2026-05-13 16:15:15,959 INFO faster_whisper VAD filter removed 01:40.864 of audio
2026-05-13 16:15:39,508 INFO interview_audio_recorder Transcribed Candidate_Elisa_Martinez_2026-05-13_Q2_custom_Why_LPL_sys.wav for speaker=CANDIDATE in 24.32s (53 kept segments, min_start=0.00)
2026-05-13 16:15:39,509 INFO interview_audio_recorder Full transcription completed for base_name=Candidate_Elisa_Martinez_2026-05-13_Q2_custom_Why_LPL with 53 segments in 24.32s
2026-05-13 16:15:39,525 INFO interview_app.transcription_queue transcription_job_completed
2026-05-13 16:15:39,526 INFO interview_app.transcription_queue transcription_job_completed
2026-05-13 16:15:39,527 INFO __main__ transcription_job_state_changed
2026-05-13 16:16:50,915 INFO interview_app.transcription_queue transcription_job_queued
2026-05-13 16:16:50,916 INFO __main__ transcription_job_state_changed
2026-05-13 16:16:50,916 INFO interview_app.transcription_queue transcription_job_started
2026-05-13 16:16:50,918 INFO __main__ transcription_job_state_changed
2026-05-13 16:16:51,180 INFO interview_app.transcription_queue transcription_job_started
2026-05-13 16:16:51,182 WARNING interview_audio_recorder Audio file missing, skipping transcription: C:\Users\Dnord\Dropbox\David LPL work\Initial Teacher Interview Guide\interviews\Candidate_Elisa_Martinez_2026-05-13_Q3_trait_trait_1_mic.wav
2026-05-13 16:16:51,286 INFO faster_whisper Processing audio with duration 01:30.110
2026-05-13 16:16:51,420 INFO faster_whisper VAD filter removed 00:12.368 of audio
2026-05-13 16:16:56,939 INFO interview_audio_recorder Transcribed Candidate_Elisa_Martinez_2026-05-13_Q3_trait_trait_1_sys.wav for speaker=CANDIDATE in 5.76s (14 kept segments, min_start=0.00)
2026-05-13 16:16:56,940 INFO interview_audio_recorder Full transcription completed for base_name=Candidate_Elisa_Martinez_2026-05-13_Q3_trait_trait_1 with 14 segments in 5.76s
2026-05-13 16:16:56,955 INFO interview_app.transcription_queue transcription_job_completed
2026-05-13 16:16:56,955 INFO interview_app.transcription_queue transcription_job_completed
2026-05-13 16:16:56,956 INFO __main__ transcription_job_state_changed
2026-05-13 16:18:28,009 INFO interview_app.transcription_queue transcription_job_queued
2026-05-13 16:18:28,010 INFO __main__ transcription_job_state_changed
2026-05-13 16:18:28,011 INFO interview_app.transcription_queue transcription_job_started
2026-05-13 16:18:28,012 INFO __main__ transcription_job_state_changed
2026-05-13 16:18:28,317 INFO interview_app.transcription_queue transcription_job_started
2026-05-13 16:18:28,318 WARNING interview_audio_recorder Audio file missing, skipping transcription: C:\Users\Dnord\Dropbox\David LPL work\Initial Teacher Interview Guide\interviews\Candidate_Elisa_Martinez_2026-05-13_Q4_trait_trait_2_mic.wav
2026-05-13 16:18:28,420 INFO faster_whisper Processing audio with duration 01:30.110
2026-05-13 16:18:28,551 INFO faster_whisper VAD filter removed 00:13.360 of audio
2026-05-13 16:18:34,577 INFO interview_audio_recorder Transcribed Candidate_Elisa_Martinez_2026-05-13_Q4_trait_trait_2_sys.wav for speaker=CANDIDATE in 6.26s (20 kept segments, min_start=0.00)
2026-05-13 16:18:34,577 INFO interview_audio_recorder Full transcription completed for base_name=Candidate_Elisa_Martinez_2026-05-13_Q4_trait_trait_2 with 20 segments in 6.26s
2026-05-13 16:18:34,588 INFO interview_app.transcription_queue transcription_job_completed
2026-05-13 16:18:34,589 INFO interview_app.transcription_queue transcription_job_completed
2026-05-13 16:18:34,589 INFO __main__ transcription_job_state_changed
2026-05-13 16:19:44,644 INFO interview_app.transcription_queue transcription_job_queued
2026-05-13 16:19:44,645 INFO __main__ transcription_job_state_changed
2026-05-13 16:19:44,645 INFO interview_app.transcription_queue transcription_job_started
2026-05-13 16:19:44,646 INFO __main__ transcription_job_state_changed
2026-05-13 16:19:44,911 INFO interview_app.transcription_queue transcription_job_started
2026-05-13 16:19:44,914 WARNING interview_audio_recorder Audio file missing, skipping transcription: C:\Users\Dnord\Dropbox\David LPL work\Initial Teacher Interview Guide\interviews\Candidate_Elisa_Martinez_2026-05-13_Q5_trait_trait_3_mic.wav
2026-05-13 16:19:45,007 INFO faster_whisper Processing audio with duration 01:13.726
2026-05-13 16:19:45,111 INFO faster_whisper VAD filter removed 00:24.798 of audio
2026-05-13 16:19:48,594 INFO interview_audio_recorder Transcribed Candidate_Elisa_Martinez_2026-05-13_Q5_trait_trait_3_sys.wav for speaker=CANDIDATE in 3.68s (8 kept segments, min_start=0.00)
2026-05-13 16:19:48,595 INFO interview_audio_recorder Full transcription completed for base_name=Candidate_Elisa_Martinez_2026-05-13_Q5_trait_trait_3 with 8 segments in 3.68s
2026-05-13 16:19:48,609 INFO interview_app.transcription_queue transcription_job_completed
2026-05-13 16:19:48,610 INFO interview_app.transcription_queue transcription_job_completed
2026-05-13 16:19:48,610 INFO __main__ transcription_job_state_changed
2026-05-13 16:21:09,029 INFO interview_app.transcription_queue transcription_job_queued
2026-05-13 16:21:09,029 INFO __main__ transcription_job_state_changed
2026-05-13 16:21:09,030 INFO interview_app.transcription_queue transcription_job_started
2026-05-13 16:21:09,030 INFO __main__ transcription_job_state_changed
2026-05-13 16:21:09,271 INFO interview_app.transcription_queue transcription_job_started
2026-05-13 16:21:09,273 WARNING interview_audio_recorder Audio file missing, skipping transcription: C:\Users\Dnord\Dropbox\David LPL work\Initial Teacher Interview Guide\interviews\Candidate_Elisa_Martinez_2026-05-13_Q6_trait_trait_4_mic.wav
2026-05-13 16:21:09,370 INFO faster_whisper Processing audio with duration 01:21.918
2026-05-13 16:21:09,488 INFO faster_whisper VAD filter removed 00:13.712 of audio
2026-05-13 16:21:13,424 INFO interview_audio_recorder Transcribed Candidate_Elisa_Martinez_2026-05-13_Q6_trait_trait_4_sys.wav for speaker=CANDIDATE in 4.15s (11 kept segments, min_start=0.00)
2026-05-13 16:21:13,424 INFO interview_audio_recorder Full transcription completed for base_name=Candidate_Elisa_Martinez_2026-05-13_Q6_trait_trait_4 with 11 segments in 4.15s
2026-05-13 16:21:13,438 INFO interview_app.transcription_queue transcription_job_completed
2026-05-13 16:21:13,438 INFO interview_app.transcription_queue transcription_job_completed
2026-05-13 16:21:13,438 INFO __main__ transcription_job_state_changed
2026-05-13 16:22:22,845 INFO interview_app.transcription_queue transcription_job_queued
2026-05-13 16:22:22,845 INFO __main__ transcription_job_state_changed
2026-05-13 16:22:22,846 INFO interview_app.transcription_queue transcription_job_started
2026-05-13 16:22:22,846 INFO __main__ transcription_job_state_changed
2026-05-13 16:22:23,137 INFO interview_app.transcription_queue transcription_job_started
2026-05-13 16:22:23,139 WARNING interview_audio_recorder Audio file missing, skipping transcription: C:\Users\Dnord\Dropbox\David LPL work\Initial Teacher Interview Guide\interviews\Candidate_Elisa_Martinez_2026-05-13_Q7_trait_trait_5_mic.wav
2026-05-13 16:22:23,238 INFO faster_whisper Processing audio with duration 01:05.534
2026-05-13 16:22:23,330 INFO faster_whisper VAD filter removed 00:15.440 of audio
2026-05-13 16:22:26,668 INFO interview_audio_recorder Transcribed Candidate_Elisa_Martinez_2026-05-13_Q7_trait_trait_5_sys.wav for speaker=CANDIDATE in 3.53s (8 kept segments, min_start=0.00)
2026-05-13 16:22:26,668 INFO interview_audio_recorder Full transcription completed for base_name=Candidate_Elisa_Martinez_2026-05-13_Q7_trait_trait_5 with 8 segments in 3.53s
2026-05-13 16:22:26,683 INFO interview_app.transcription_queue transcription_job_completed
2026-05-13 16:22:26,683 INFO interview_app.transcription_queue transcription_job_completed
2026-05-13 16:22:26,683 INFO __main__ transcription_job_state_changed
2026-05-13 16:23:43,261 INFO interview_app.transcription_queue transcription_job_queued
2026-05-13 16:23:43,261 INFO __main__ transcription_job_state_changed
2026-05-13 16:23:43,262 INFO interview_app.transcription_queue transcription_job_started
2026-05-13 16:23:43,263 INFO __main__ transcription_job_state_changed
2026-05-13 16:23:43,538 INFO interview_app.transcription_queue transcription_job_started
2026-05-13 16:23:43,540 WARNING interview_audio_recorder Audio file missing, skipping transcription: C:\Users\Dnord\Dropbox\David LPL work\Initial Teacher Interview Guide\interviews\Candidate_Elisa_Martinez_2026-05-13_Q8_trait_trait_6_mic.wav
2026-05-13 16:23:43,640 INFO faster_whisper Processing audio with duration 01:13.726
2026-05-13 16:23:43,741 INFO faster_whisper VAD filter removed 00:08.752 of audio
2026-05-13 16:23:49,112 INFO interview_audio_recorder Transcribed Candidate_Elisa_Martinez_2026-05-13_Q8_trait_trait_6_sys.wav for speaker=CANDIDATE in 5.57s (12 kept segments, min_start=0.00)
2026-05-13 16:23:49,113 INFO interview_audio_recorder Full transcription completed for base_name=Candidate_Elisa_Martinez_2026-05-13_Q8_trait_trait_6 with 12 segments in 5.57s
2026-05-13 16:23:49,126 INFO interview_app.transcription_queue transcription_job_completed
2026-05-13 16:23:49,127 INFO interview_app.transcription_queue transcription_job_completed
2026-05-13 16:23:49,127 INFO __main__ transcription_job_state_changed
2026-05-13 16:25:54,861 INFO interview_app.transcription_queue transcription_job_queued
2026-05-13 16:25:54,862 INFO __main__ transcription_job_state_changed
2026-05-13 16:25:54,862 INFO interview_app.transcription_queue transcription_job_started
2026-05-13 16:25:54,863 INFO __main__ transcription_job_state_changed
2026-05-13 16:25:55,136 INFO interview_app.transcription_queue transcription_job_started
2026-05-13 16:25:55,138 WARNING interview_audio_recorder Audio file missing, skipping transcription: C:\Users\Dnord\Dropbox\David LPL work\Initial Teacher Interview Guide\interviews\Candidate_Elisa_Martinez_2026-05-13_Q9_trait_trait_7_mic.wav
2026-05-13 16:25:55,236 INFO faster_whisper Processing audio with duration 02:02.878
2026-05-13 16:25:55,410 INFO faster_whisper VAD filter removed 00:13.808 of audio
2026-05-13 16:26:04,619 INFO interview_audio_recorder Transcribed Candidate_Elisa_Martinez_2026-05-13_Q9_trait_trait_7_sys.wav for speaker=CANDIDATE in 9.48s (41 kept segments, min_start=0.00)
2026-05-13 16:26:04,621 INFO interview_audio_recorder Full transcription completed for base_name=Candidate_Elisa_Martinez_2026-05-13_Q9_trait_trait_7 with 41 segments in 9.48s
2026-05-13 16:26:04,632 INFO interview_app.transcription_queue transcription_job_completed
2026-05-13 16:26:04,633 INFO interview_app.transcription_queue transcription_job_completed
2026-05-13 16:26:04,633 INFO __main__ transcription_job_state_changed
2026-05-13 16:27:28,532 INFO interview_app.transcription_queue transcription_job_queued
2026-05-13 16:27:28,534 INFO __main__ transcription_job_state_changed
2026-05-13 16:27:28,536 INFO interview_app.transcription_queue transcription_job_started
2026-05-13 16:27:28,536 INFO __main__ transcription_job_state_changed
2026-05-13 16:27:28,839 INFO interview_app.transcription_queue transcription_job_started
2026-05-13 16:27:28,840 WARNING interview_audio_recorder Audio file missing, skipping transcription: C:\Users\Dnord\Dropbox\David LPL work\Initial Teacher Interview Guide\interviews\Candidate_Elisa_Martinez_2026-05-13_Q10_trait_trait_8_mic.wav
2026-05-13 16:27:28,936 INFO faster_whisper Processing audio with duration 01:30.110
2026-05-13 16:27:29,051 INFO faster_whisper VAD filter removed 00:10.558 of audio
2026-05-13 16:27:39,744 INFO interview_audio_recorder Transcribed Candidate_Elisa_Martinez_2026-05-13_Q10_trait_trait_8_sys.wav for speaker=CANDIDATE in 10.90s (29 kept segments, min_start=0.00)
2026-05-13 16:27:39,745 INFO interview_audio_recorder Full transcription completed for base_name=Candidate_Elisa_Martinez_2026-05-13_Q10_trait_trait_8 with 29 segments in 10.90s
2026-05-13 16:27:39,760 INFO interview_app.transcription_queue transcription_job_completed
2026-05-13 16:27:39,761 INFO interview_app.transcription_queue transcription_job_completed
2026-05-13 16:27:39,761 INFO __main__ transcription_job_state_changed
2026-05-13 16:28:37,767 INFO interview_app.transcription_queue transcription_job_queued
2026-05-13 16:28:37,767 INFO __main__ transcription_job_state_changed
2026-05-13 16:28:37,767 INFO interview_app.transcription_queue transcription_job_started
2026-05-13 16:28:37,769 INFO __main__ transcription_job_state_changed
2026-05-13 16:28:38,068 INFO interview_app.transcription_queue transcription_job_started
2026-05-13 16:28:38,070 WARNING interview_audio_recorder Audio file missing, skipping transcription: C:\Users\Dnord\Dropbox\David LPL work\Initial Teacher Interview Guide\interviews\Candidate_Elisa_Martinez_2026-05-13_Q11_trait_trait_9_mic.wav
2026-05-13 16:28:38,164 INFO faster_whisper Processing audio with duration 01:05.534
2026-05-13 16:28:38,249 INFO faster_whisper VAD filter removed 00:12.414 of audio
2026-05-13 16:28:41,806 INFO interview_audio_recorder Transcribed Candidate_Elisa_Martinez_2026-05-13_Q11_trait_trait_9_sys.wav for speaker=CANDIDATE in 3.74s (11 kept segments, min_start=0.00)
2026-05-13 16:28:41,807 INFO interview_audio_recorder Full transcription completed for base_name=Candidate_Elisa_Martinez_2026-05-13_Q11_trait_trait_9 with 11 segments in 3.74s
2026-05-13 16:28:41,819 INFO interview_app.transcription_queue transcription_job_completed
2026-05-13 16:28:41,819 INFO interview_app.transcription_queue transcription_job_completed
2026-05-13 16:28:41,819 INFO __main__ transcription_job_state_changed
2026-05-13 16:28:46,859 INFO interview_app.transcription_queue transcription_job_queued
2026-05-13 16:28:46,860 INFO __main__ transcription_job_state_changed
2026-05-13 16:28:46,860 INFO interview_app.transcription_queue transcription_job_started
2026-05-13 16:28:46,862 INFO __main__ transcription_job_state_changed
2026-05-13 16:28:47,161 INFO interview_app.transcription_queue transcription_job_started
2026-05-13 16:28:47,167 ERROR interview_audio_recorder stop_and_transcribe_failed
Traceback (most recent call last):
  File "C:\Users\Dnord\Dropbox\David LPL work\Initial Teacher Interview Guide\src\interview_audio_recorder.py", line 264, in stop_and_transcribe
    _ensure_at_least_one_audio_track({"mic": self.mic_wav, "system": self.sys_wav})
  File "C:\Users\Dnord\Dropbox\David LPL work\Initial Teacher Interview Guide\src\interview_audio_recorder.py", line 680, in _ensure_at_least_one_audio_track
    raise RuntimeError(f"No transcribable audio tracks were found: {details}")
RuntimeError: No transcribable audio tracks were found: mic audio file is missing: C:\Users\Dnord\Dropbox\David LPL work\Initial Teacher Interview Guide\interviews\Candidate_Elisa_Martinez_2026-05-13_Q12_custom_FT_or_PT_mic.wav; system audio file is empty: C:\Users\Dnord\Dropbox\David LPL work\Initial Teacher Interview Guide\interviews\Candidate_Elisa_Martinez_2026-05-13_Q12_custom_FT_or_PT_sys.wav
2026-05-13 16:28:47,169 INFO interview_app.transcription_queue transcription_job_failed
2026-05-13 16:28:47,169 INFO interview_app.transcription_queue transcription_job_failed
2026-05-13 16:28:47,169 INFO __main__ transcription_job_state_changed
2026-05-13 16:29:40,119 INFO interview_app.transcription_queue transcription_job_queued
2026-05-13 16:29:40,119 INFO __main__ transcription_job_state_changed
2026-05-13 16:29:40,119 INFO interview_app.transcription_queue transcription_job_started
2026-05-13 16:29:40,119 INFO __main__ transcription_job_state_changed
2026-05-13 16:29:40,303 INFO interview_app.transcription_queue transcription_job_started
2026-05-13 16:29:40,306 WARNING interview_audio_recorder Audio file missing, skipping transcription: C:\Users\Dnord\Dropbox\David LPL work\Initial Teacher Interview Guide\interviews\Candidate_Elisa_Martinez_2026-05-13_Q13_custom_Not_Avail_mic.wav
2026-05-13 16:29:40,399 INFO faster_whisper Processing audio with duration 00:49.150
2026-05-13 16:29:40,460 INFO faster_whisper VAD filter removed 00:37.840 of audio
2026-05-13 16:29:41,297 INFO interview_audio_recorder Transcribed Candidate_Elisa_Martinez_2026-05-13_Q13_custom_Not_Avail_sys.wav for speaker=CANDIDATE in 0.99s (3 kept segments, min_start=0.00)
2026-05-13 16:29:41,297 INFO interview_audio_recorder Full transcription completed for base_name=Candidate_Elisa_Martinez_2026-05-13_Q13_custom_Not_Avail with 3 segments in 0.99s
2026-05-13 16:29:41,311 INFO interview_app.transcription_queue transcription_job_completed
2026-05-13 16:29:41,312 INFO interview_app.transcription_queue transcription_job_completed
2026-05-13 16:29:41,313 INFO __main__ transcription_job_state_changed
2026-05-13 16:30:17,033 INFO interview_app.transcription_queue transcription_job_queued
2026-05-13 16:30:17,034 INFO __main__ transcription_job_state_changed
2026-05-13 16:30:17,034 INFO interview_app.transcription_queue transcription_job_started
2026-05-13 16:30:17,035 INFO __main__ transcription_job_state_changed
2026-05-13 16:30:17,384 INFO interview_app.transcription_queue transcription_job_started
2026-05-13 16:30:17,386 WARNING interview_audio_recorder Audio file missing, skipping transcription: C:\Users\Dnord\Dropbox\David LPL work\Initial Teacher Interview Guide\interviews\Candidate_Elisa_Martinez_2026-05-13_Q14_custom_Start_mic.wav
2026-05-13 16:30:17,470 INFO faster_whisper Processing audio with duration 00:32.766
2026-05-13 16:30:17,514 INFO faster_whisper VAD filter removed 00:05.568 of audio
2026-05-13 16:30:19,046 INFO interview_audio_recorder Transcribed Candidate_Elisa_Martinez_2026-05-13_Q14_custom_Start_sys.wav for speaker=CANDIDATE in 1.66s (3 kept segments, min_start=0.00)
2026-05-13 16:30:19,046 INFO interview_audio_recorder Full transcription completed for base_name=Candidate_Elisa_Martinez_2026-05-13_Q14_custom_Start with 3 segments in 1.66s
2026-05-13 16:30:19,058 INFO interview_app.transcription_queue transcription_job_completed
2026-05-13 16:30:19,059 INFO interview_app.transcription_queue transcription_job_completed
2026-05-13 16:30:19,060 INFO __main__ transcription_job_state_changed
2026-05-13 16:30:38,063 INFO interview_app.transcription_queue transcription_job_queued
2026-05-13 16:30:38,064 INFO __main__ transcription_job_state_changed
2026-05-13 16:30:38,065 INFO interview_app.transcription_queue transcription_job_started
2026-05-13 16:30:38,065 INFO __main__ transcription_job_state_changed
2026-05-13 16:30:38,089 WARNING __main__ transcription_health_failed
2026-05-13 16:30:38,092 INFO interview_app.transcription_queue transcription_job_started
2026-05-13 16:30:38,094 WARNING interview_audio_recorder Audio file missing, skipping transcription: C:\Users\Dnord\Dropbox\David LPL work\Initial Teacher Interview Guide\interviews\Candidate_Elisa_Martinez_2026-05-13_Q15_custom_Pay_mic.wav
2026-05-13 16:30:38,174 INFO faster_whisper Processing audio with duration 00:16.382
2026-05-13 16:30:38,196 INFO faster_whisper VAD filter removed 00:06.910 of audio
2026-05-13 16:30:38,863 INFO interview_audio_recorder Transcribed Candidate_Elisa_Martinez_2026-05-13_Q15_custom_Pay_sys.wav for speaker=CANDIDATE in 0.77s (1 kept segments, min_start=0.00)
2026-05-13 16:30:38,864 INFO interview_audio_recorder Full transcription completed for base_name=Candidate_Elisa_Martinez_2026-05-13_Q15_custom_Pay with 1 segments in 0.77s
2026-05-13 16:30:38,877 INFO interview_app.transcription_queue transcription_job_completed
2026-05-13 16:30:38,877 INFO interview_app.transcription_queue transcription_job_completed
2026-05-13 16:30:38,877 INFO __main__ transcription_job_state_changed
2026-05-13 17:04:32,352 INFO runtime_wrapper runtime_wrapper_exit
2026-05-14 11:36:20,868 INFO runtime_wrapper runtime_wrapper_start
2026-05-14 11:36:21,301 INFO app_logging app_logging_initialized
2026-05-14 12:04:59,791 INFO runtime_wrapper runtime_wrapper_exit
2026-05-15 09:02:41,275 INFO runtime_wrapper runtime_wrapper_start
2026-05-15 09:02:41,790 INFO app_logging app_logging_initialized
2026-05-15 10:25:43,156 INFO runtime_wrapper runtime_wrapper_start
2026-05-15 10:25:43,338 INFO app_logging app_logging_initialized
2026-05-15 10:25:46,859 INFO runtime_wrapper runtime_wrapper_exit
2026-05-15 10:25:57,465 INFO runtime_wrapper runtime_wrapper_start
2026-05-15 10:25:57,633 INFO app_logging app_logging_initialized
2026-05-15 11:11:59,368 INFO interview_app.transcription_queue transcription_job_queued
2026-05-15 11:11:59,368 INFO __main__ transcription_job_state_changed
2026-05-15 11:11:59,369 INFO interview_app.transcription_queue transcription_job_started
2026-05-15 11:11:59,371 INFO __main__ transcription_job_state_changed
2026-05-15 11:11:59,436 INFO interview_app.transcription_queue transcription_job_started
2026-05-15 11:12:09,401 INFO interview_app.transcription_queue transcription_job_queued
2026-05-15 11:12:09,401 INFO __main__ transcription_job_state_changed
2026-05-15 11:12:09,403 INFO interview_app.transcription_queue transcription_job_started
2026-05-15 11:12:09,403 INFO __main__ transcription_job_state_changed
2026-05-15 11:12:09,457 INFO interview_app.transcription_queue transcription_job_started
2026-05-15 11:12:11,626 INFO httpx HTTP Request: GET https://huggingface.co/api/models/Systran/faster-whisper-large-v3/revision/main "HTTP/1.1 200 OK"
2026-05-15 11:12:11,782 INFO httpx HTTP Request: GET https://huggingface.co/api/models/Systran/faster-whisper-large-v3/revision/main "HTTP/1.1 200 OK"
2026-05-15 11:12:16,803 INFO interview_audio_recorder Initialized Whisper model cache for model=large-v3 device=cuda compute_type=float16 in 5.74s
2026-05-15 11:12:16,803 INFO interview_audio_recorder Initialized Whisper model cache for model=large-v3 device=cuda compute_type=float16 in 5.74s
2026-05-15 11:12:16,804 WARNING interview_audio_recorder Audio file missing, skipping transcription: C:\Users\Dnord\Dropbox\David LPL work\Initial Teacher Interview Guide\interviews\Candidate_Skylar_Gonzales_2026-05-15_Q2_custom_Why_LPL_mic.wav
2026-05-15 11:12:16,804 WARNING interview_audio_recorder Audio file missing, skipping transcription: C:\Users\Dnord\Dropbox\David LPL work\Initial Teacher Interview Guide\interviews\Candidate_Skylar_Gonzales_2026-05-15_Q1_custom_Why_ECE_mic.wav
2026-05-15 11:12:16,911 INFO faster_whisper Processing audio with duration 00:08.190
2026-05-15 11:12:16,981 INFO faster_whisper Processing audio with duration 01:13.726
2026-05-15 11:12:17,164 INFO faster_whisper VAD filter removed 00:04.304 of audio
2026-05-15 11:12:17,261 INFO faster_whisper VAD filter removed 00:08.976 of audio
2026-05-15 11:12:19,670 INFO interview_audio_recorder Transcribed Candidate_Skylar_Gonzales_2026-05-15_Q2_custom_Why_LPL_sys.wav for speaker=CANDIDATE in 2.87s (1 kept segments, min_start=0.00)
2026-05-15 11:12:19,671 INFO interview_audio_recorder Full transcription completed for base_name=Candidate_Skylar_Gonzales_2026-05-15_Q2_custom_Why_LPL with 1 segments in 10.21s
2026-05-15 11:12:19,698 INFO interview_app.transcription_queue transcription_job_completed
2026-05-15 11:12:19,699 INFO interview_app.transcription_queue transcription_job_completed
2026-05-15 11:12:19,699 INFO __main__ transcription_job_state_changed
2026-05-15 11:12:23,268 INFO interview_audio_recorder Transcribed Candidate_Skylar_Gonzales_2026-05-15_Q1_custom_Why_ECE_sys.wav for speaker=CANDIDATE in 6.46s (9 kept segments, min_start=0.00)
2026-05-15 11:12:23,268 INFO interview_audio_recorder Full transcription completed for base_name=Candidate_Skylar_Gonzales_2026-05-15_Q1_custom_Why_ECE with 9 segments in 23.83s
2026-05-15 11:12:23,279 INFO interview_app.transcription_queue transcription_job_completed
2026-05-15 11:12:23,280 INFO interview_app.transcription_queue transcription_job_completed
2026-05-15 11:12:23,280 INFO __main__ transcription_job_state_changed
2026-05-15 11:12:39,479 INFO interview_app.transcription_queue transcription_job_queued
2026-05-15 11:12:39,480 INFO __main__ transcription_job_state_changed
2026-05-15 11:12:39,480 INFO interview_app.transcription_queue transcription_job_started
2026-05-15 11:12:39,480 INFO __main__ transcription_job_state_changed
2026-05-15 11:12:39,542 INFO interview_app.transcription_queue transcription_job_started
2026-05-15 11:12:39,544 WARNING interview_audio_recorder Audio file missing, skipping transcription: C:\Users\Dnord\Dropbox\David LPL work\Initial Teacher Interview Guide\interviews\Candidate_Skylar_Gonzales_2026-05-15_Q2_custom_Why_LPL_mic.wav
2026-05-15 11:12:39,619 INFO faster_whisper Processing audio with duration 00:08.190
2026-05-15 11:12:39,629 INFO faster_whisper VAD filter removed 00:00.000 of audio
2026-05-15 11:12:40,354 INFO interview_audio_recorder Transcribed Candidate_Skylar_Gonzales_2026-05-15_Q2_custom_Why_LPL_sys.wav for speaker=CANDIDATE in 0.81s (1 kept segments, min_start=0.00)
2026-05-15 11:12:40,355 INFO interview_audio_recorder Full transcription completed for base_name=Candidate_Skylar_Gonzales_2026-05-15_Q2_custom_Why_LPL with 1 segments in 0.81s
2026-05-15 11:12:40,365 INFO interview_app.transcription_queue transcription_job_completed
2026-05-15 11:12:40,365 INFO interview_app.transcription_queue transcription_job_completed
2026-05-15 11:12:40,365 INFO __main__ transcription_job_state_changed
2026-05-15 11:14:56,982 INFO interview_app.transcription_queue transcription_job_queued
2026-05-15 11:14:56,983 INFO __main__ transcription_job_state_changed
2026-05-15 11:14:56,984 INFO interview_app.transcription_queue transcription_job_started
2026-05-15 11:14:56,984 INFO __main__ transcription_job_state_changed
2026-05-15 11:14:57,102 INFO interview_app.transcription_queue transcription_job_started
2026-05-15 11:14:57,104 WARNING interview_audio_recorder Audio file missing, skipping transcription: C:\Users\Dnord\Dropbox\David LPL work\Initial Teacher Interview Guide\interviews\Candidate_Skylar_Gonzales_2026-05-15_Q3_trait_trait_1_mic.wav
2026-05-15 11:14:57,210 INFO faster_whisper Processing audio with duration 02:11.070
2026-05-15 11:14:57,402 INFO faster_whisper VAD filter removed 00:12.432 of audio
2026-05-15 11:15:04,119 INFO interview_audio_recorder Transcribed Candidate_Skylar_Gonzales_2026-05-15_Q3_trait_trait_1_sys.wav for speaker=CANDIDATE in 7.02s (20 kept segments, min_start=0.00)
2026-05-15 11:15:04,121 INFO interview_audio_recorder Full transcription completed for base_name=Candidate_Skylar_Gonzales_2026-05-15_Q3_trait_trait_1 with 20 segments in 7.02s
2026-05-15 11:15:04,130 INFO interview_app.transcription_queue transcription_job_completed
2026-05-15 11:15:04,131 INFO interview_app.transcription_queue transcription_job_completed
2026-05-15 11:15:04,131 INFO __main__ transcription_job_state_changed
2026-05-15 11:17:11,773 INFO interview_app.transcription_queue transcription_job_queued
2026-05-15 11:17:11,774 INFO __main__ transcription_job_state_changed
2026-05-15 11:17:11,774 INFO interview_app.transcription_queue transcription_job_started
2026-05-15 11:17:11,775 INFO __main__ transcription_job_state_changed
2026-05-15 11:17:11,889 INFO interview_app.transcription_queue transcription_job_started
2026-05-15 11:17:11,890 WARNING interview_audio_recorder Audio file missing, skipping transcription: C:\Users\Dnord\Dropbox\David LPL work\Initial Teacher Interview Guide\interviews\Candidate_Skylar_Gonzales_2026-05-15_Q4_trait_trait_2_mic.wav
2026-05-15 11:17:11,987 INFO faster_whisper Processing audio with duration 02:11.070
2026-05-15 11:17:12,173 INFO faster_whisper VAD filter removed 00:20.848 of audio
2026-05-15 11:17:18,097 INFO interview_audio_recorder Transcribed Candidate_Skylar_Gonzales_2026-05-15_Q4_trait_trait_2_sys.wav for speaker=CANDIDATE in 6.21s (15 kept segments, min_start=0.00)
2026-05-15 11:17:18,098 INFO interview_audio_recorder Full transcription completed for base_name=Candidate_Skylar_Gonzales_2026-05-15_Q4_trait_trait_2 with 15 segments in 6.21s
2026-05-15 11:17:18,109 INFO interview_app.transcription_queue transcription_job_completed
2026-05-15 11:17:18,109 INFO interview_app.transcription_queue transcription_job_completed
2026-05-15 11:17:18,109 INFO __main__ transcription_job_state_changed
2026-05-15 11:19:54,548 INFO interview_app.transcription_queue transcription_job_queued
2026-05-15 11:19:54,549 INFO __main__ transcription_job_state_changed
2026-05-15 11:19:54,549 INFO interview_app.transcription_queue transcription_job_started
2026-05-15 11:19:54,549 INFO __main__ transcription_job_state_changed
2026-05-15 11:19:54,678 INFO interview_app.transcription_queue transcription_job_started
2026-05-15 11:19:54,680 WARNING interview_audio_recorder Audio file missing, skipping transcription: C:\Users\Dnord\Dropbox\David LPL work\Initial Teacher Interview Guide\interviews\Candidate_Skylar_Gonzales_2026-05-15_Q5_trait_trait_3_mic.wav
2026-05-15 11:19:54,784 INFO faster_whisper Processing audio with duration 02:35.646
2026-05-15 11:19:54,995 INFO faster_whisper VAD filter removed 00:49.744 of audio
2026-05-15 11:20:00,608 INFO interview_audio_recorder Transcribed Candidate_Skylar_Gonzales_2026-05-15_Q5_trait_trait_3_sys.wav for speaker=CANDIDATE in 5.93s (13 kept segments, min_start=0.00)
2026-05-15 11:20:00,609 INFO interview_audio_recorder Full transcription completed for base_name=Candidate_Skylar_Gonzales_2026-05-15_Q5_trait_trait_3 with 13 segments in 5.93s
2026-05-15 11:20:00,624 INFO interview_app.transcription_queue transcription_job_completed
2026-05-15 11:20:00,625 INFO interview_app.transcription_queue transcription_job_completed
2026-05-15 11:20:00,625 INFO __main__ transcription_job_state_changed
2026-05-15 11:21:36,926 INFO interview_app.transcription_queue transcription_job_queued
2026-05-15 11:21:36,926 INFO __main__ transcription_job_state_changed
2026-05-15 11:21:36,928 INFO interview_app.transcription_queue transcription_job_started
2026-05-15 11:21:36,928 INFO __main__ transcription_job_state_changed
2026-05-15 11:21:37,050 INFO interview_app.transcription_queue transcription_job_started
2026-05-15 11:21:37,052 WARNING interview_audio_recorder Audio file missing, skipping transcription: C:\Users\Dnord\Dropbox\David LPL work\Initial Teacher Interview Guide\interviews\Candidate_Skylar_Gonzales_2026-05-15_Q6_trait_trait_4_mic.wav
2026-05-15 11:21:37,145 INFO faster_whisper Processing audio with duration 01:38.302
2026-05-15 11:21:37,284 INFO faster_whisper VAD filter removed 00:18.288 of audio
2026-05-15 11:21:41,651 INFO interview_audio_recorder Transcribed Candidate_Skylar_Gonzales_2026-05-15_Q6_trait_trait_4_sys.wav for speaker=CANDIDATE in 4.60s (13 kept segments, min_start=0.00)
2026-05-15 11:21:41,651 INFO interview_audio_recorder Full transcription completed for base_name=Candidate_Skylar_Gonzales_2026-05-15_Q6_trait_trait_4 with 13 segments in 4.60s
2026-05-15 11:21:41,665 INFO interview_app.transcription_queue transcription_job_completed
2026-05-15 11:21:41,667 INFO interview_app.transcription_queue transcription_job_completed
2026-05-15 11:21:41,667 INFO __main__ transcription_job_state_changed
2026-05-15 11:23:29,910 INFO interview_app.transcription_queue transcription_job_queued
2026-05-15 11:23:29,911 INFO __main__ transcription_job_state_changed
2026-05-15 11:23:29,911 INFO interview_app.transcription_queue transcription_job_started
2026-05-15 11:23:29,912 INFO __main__ transcription_job_state_changed
2026-05-15 11:23:30,028 INFO interview_app.transcription_queue transcription_job_started
2026-05-15 11:23:30,029 WARNING interview_audio_recorder Audio file missing, skipping transcription: C:\Users\Dnord\Dropbox\David LPL work\Initial Teacher Interview Guide\interviews\Candidate_Skylar_Gonzales_2026-05-15_Q7_trait_trait_5_mic.wav
2026-05-15 11:23:30,131 INFO faster_whisper Processing audio with duration 01:46.494
2026-05-15 11:23:30,290 INFO faster_whisper VAD filter removed 00:14.928 of audio
2026-05-15 11:23:38,423 INFO interview_audio_recorder Transcribed Candidate_Skylar_Gonzales_2026-05-15_Q7_trait_trait_5_sys.wav for speaker=CANDIDATE in 8.39s (14 kept segments, min_start=0.00)
2026-05-15 11:23:38,424 INFO interview_audio_recorder Full transcription completed for base_name=Candidate_Skylar_Gonzales_2026-05-15_Q7_trait_trait_5 with 14 segments in 8.39s
2026-05-15 11:23:38,435 INFO interview_app.transcription_queue transcription_job_completed
2026-05-15 11:23:38,435 INFO interview_app.transcription_queue transcription_job_completed
2026-05-15 11:23:38,435 INFO __main__ transcription_job_state_changed
2026-05-15 11:25:16,431 INFO interview_app.transcription_queue transcription_job_queued
2026-05-15 11:25:16,431 INFO __main__ transcription_job_state_changed
2026-05-15 11:25:16,432 INFO interview_app.transcription_queue transcription_job_started
2026-05-15 11:25:16,432 INFO __main__ transcription_job_state_changed
2026-05-15 11:25:16,543 INFO interview_app.transcription_queue transcription_job_started
2026-05-15 11:25:16,545 WARNING interview_audio_recorder Audio file missing, skipping transcription: C:\Users\Dnord\Dropbox\David LPL work\Initial Teacher Interview Guide\interviews\Candidate_Skylar_Gonzales_2026-05-15_Q8_trait_trait_6_mic.wav
2026-05-15 11:25:16,645 INFO faster_whisper Processing audio with duration 01:38.302
2026-05-15 11:25:16,781 INFO faster_whisper VAD filter removed 00:08.880 of audio
2026-05-15 11:25:22,145 INFO interview_audio_recorder Transcribed Candidate_Skylar_Gonzales_2026-05-15_Q8_trait_trait_6_sys.wav for speaker=CANDIDATE in 5.60s (8 kept segments, min_start=0.00)
2026-05-15 11:25:22,146 INFO interview_audio_recorder Full transcription completed for base_name=Candidate_Skylar_Gonzales_2026-05-15_Q8_trait_trait_6 with 8 segments in 5.60s
2026-05-15 11:25:22,160 INFO interview_app.transcription_queue transcription_job_completed
2026-05-15 11:25:22,160 INFO interview_app.transcription_queue transcription_job_completed
2026-05-15 11:25:22,161 INFO __main__ transcription_job_state_changed
2026-05-15 11:26:10,190 INFO interview_app.transcription_queue transcription_job_queued
2026-05-15 11:26:10,191 INFO __main__ transcription_job_state_changed
2026-05-15 11:26:10,191 INFO interview_app.transcription_queue transcription_job_started
2026-05-15 11:26:10,191 INFO __main__ transcription_job_state_changed
2026-05-15 11:26:10,309 INFO interview_app.transcription_queue transcription_job_started
2026-05-15 11:26:10,310 WARNING interview_audio_recorder Audio file missing, skipping transcription: C:\Users\Dnord\Dropbox\David LPL work\Initial Teacher Interview Guide\interviews\Candidate_Skylar_Gonzales_2026-05-15_Q9_trait_trait_7_mic.wav
2026-05-15 11:26:10,402 INFO faster_whisper Processing audio with duration 00:49.150
2026-05-15 11:26:10,466 INFO faster_whisper VAD filter removed 00:09.456 of audio
2026-05-15 11:26:12,785 INFO interview_audio_recorder Transcribed Candidate_Skylar_Gonzales_2026-05-15_Q9_trait_trait_7_sys.wav for speaker=CANDIDATE in 2.47s (6 kept segments, min_start=0.00)
2026-05-15 11:26:12,785 INFO interview_audio_recorder Full transcription completed for base_name=Candidate_Skylar_Gonzales_2026-05-15_Q9_trait_trait_7 with 6 segments in 2.48s
2026-05-15 11:26:12,798 INFO interview_app.transcription_queue transcription_job_completed
2026-05-15 11:26:12,799 INFO interview_app.transcription_queue transcription_job_completed
2026-05-15 11:26:12,800 INFO __main__ transcription_job_state_changed
2026-05-15 11:28:02,962 INFO interview_app.transcription_queue transcription_job_queued
2026-05-15 11:28:02,962 INFO __main__ transcription_job_state_changed
2026-05-15 11:28:02,963 INFO interview_app.transcription_queue transcription_job_started
2026-05-15 11:28:02,964 INFO __main__ transcription_job_state_changed
2026-05-15 11:28:03,066 INFO interview_app.transcription_queue transcription_job_started
2026-05-15 11:28:03,068 WARNING interview_audio_recorder Audio file missing, skipping transcription: C:\Users\Dnord\Dropbox\David LPL work\Initial Teacher Interview Guide\interviews\Candidate_Skylar_Gonzales_2026-05-15_Q11_trait_trait_9_mic.wav
2026-05-15 11:28:03,165 INFO faster_whisper Processing audio with duration 01:46.494
2026-05-15 11:28:03,304 INFO faster_whisper VAD filter removed 00:19.472 of audio
2026-05-15 11:28:11,140 INFO interview_audio_recorder Transcribed Candidate_Skylar_Gonzales_2026-05-15_Q11_trait_trait_9_sys.wav for speaker=CANDIDATE in 8.07s (45 kept segments, min_start=0.00)
2026-05-15 11:28:11,140 INFO interview_audio_recorder Full transcription completed for base_name=Candidate_Skylar_Gonzales_2026-05-15_Q11_trait_trait_9 with 45 segments in 8.07s
2026-05-15 11:28:11,157 INFO interview_app.transcription_queue transcription_job_completed
2026-05-15 11:28:11,158 INFO interview_app.transcription_queue transcription_job_completed
2026-05-15 11:28:11,158 INFO __main__ transcription_job_state_changed
2026-05-15 11:28:13,711 INFO interview_app.transcription_queue transcription_job_queued
2026-05-15 11:28:13,712 INFO __main__ transcription_job_state_changed
2026-05-15 11:28:13,712 INFO interview_app.transcription_queue transcription_job_started
2026-05-15 11:28:13,713 INFO __main__ transcription_job_state_changed
2026-05-15 11:28:13,756 INFO interview_app.transcription_queue transcription_job_started
2026-05-15 11:28:13,757 WARNING interview_audio_recorder Audio file missing, skipping transcription: C:\Users\Dnord\Dropbox\David LPL work\Initial Teacher Interview Guide\interviews\Candidate_Skylar_Gonzales_2026-05-15_Q12_custom_FT_or_PT_mic.wav
2026-05-15 11:28:13,829 INFO faster_whisper Processing audio with duration 00:08.190
2026-05-15 11:28:13,839 INFO faster_whisper VAD filter removed 00:04.110 of audio
2026-05-15 11:28:14,322 INFO interview_audio_recorder Transcribed Candidate_Skylar_Gonzales_2026-05-15_Q12_custom_FT_or_PT_sys.wav for speaker=CANDIDATE in 0.57s (1 kept segments, min_start=0.00)
2026-05-15 11:28:14,323 INFO interview_audio_recorder Full transcription completed for base_name=Candidate_Skylar_Gonzales_2026-05-15_Q12_custom_FT_or_PT with 1 segments in 0.57s
2026-05-15 11:28:14,333 INFO interview_app.transcription_queue transcription_job_completed
2026-05-15 11:28:14,334 INFO interview_app.transcription_queue transcription_job_completed
2026-05-15 11:28:14,334 INFO __main__ transcription_job_state_changed
2026-05-15 11:29:41,974 INFO interview_app.transcription_queue transcription_job_queued
2026-05-15 11:29:41,976 INFO __main__ transcription_job_state_changed
2026-05-15 11:29:41,976 INFO interview_app.transcription_queue transcription_job_started
2026-05-15 11:29:41,977 INFO __main__ transcription_job_state_changed
2026-05-15 11:29:42,022 INFO interview_app.transcription_queue transcription_job_started
2026-05-15 11:29:42,024 WARNING interview_audio_recorder Audio file missing, skipping transcription: C:\Users\Dnord\Dropbox\David LPL work\Initial Teacher Interview Guide\interviews\Candidate_Skylar_Gonzales_2026-05-15_Q13_custom_Not_Avail_mic.wav
2026-05-15 11:29:42,113 INFO faster_whisper Processing audio with duration 01:21.918
2026-05-15 11:29:42,226 INFO faster_whisper VAD filter removed 00:45.568 of audio
2026-05-15 11:29:43,896 INFO interview_audio_recorder Transcribed Candidate_Skylar_Gonzales_2026-05-15_Q13_custom_Not_Avail_sys.wav for speaker=CANDIDATE in 1.87s (4 kept segments, min_start=0.00)
2026-05-15 11:29:43,897 INFO interview_audio_recorder Full transcription completed for base_name=Candidate_Skylar_Gonzales_2026-05-15_Q13_custom_Not_Avail with 4 segments in 1.87s
2026-05-15 11:29:43,906 INFO interview_app.transcription_queue transcription_job_completed
2026-05-15 11:29:43,907 INFO interview_app.transcription_queue transcription_job_completed
2026-05-15 11:29:43,907 INFO __main__ transcription_job_state_changed
2026-05-15 11:30:03,283 INFO interview_app.transcription_queue transcription_job_queued
2026-05-15 11:30:03,284 INFO __main__ transcription_job_state_changed
2026-05-15 11:30:03,284 INFO interview_app.transcription_queue transcription_job_started
2026-05-15 11:30:03,285 INFO __main__ transcription_job_state_changed
2026-05-15 11:30:03,330 INFO interview_app.transcription_queue transcription_job_started
2026-05-15 11:30:03,331 WARNING interview_audio_recorder Audio file missing, skipping transcription: C:\Users\Dnord\Dropbox\David LPL work\Initial Teacher Interview Guide\interviews\Candidate_Skylar_Gonzales_2026-05-15_Q14_custom_Start_mic.wav
2026-05-15 11:30:03,409 INFO faster_whisper Processing audio with duration 00:16.382
2026-05-15 11:30:03,430 INFO faster_whisper VAD filter removed 00:06.256 of audio
2026-05-15 11:30:04,221 INFO interview_audio_recorder Transcribed Candidate_Skylar_Gonzales_2026-05-15_Q14_custom_Start_sys.wav for speaker=CANDIDATE in 0.89s (1 kept segments, min_start=0.00)
2026-05-15 11:30:04,222 INFO interview_audio_recorder Full transcription completed for base_name=Candidate_Skylar_Gonzales_2026-05-15_Q14_custom_Start with 1 segments in 0.89s
2026-05-15 11:30:04,235 INFO interview_app.transcription_queue transcription_job_completed
2026-05-15 11:30:04,235 INFO interview_app.transcription_queue transcription_job_completed
2026-05-15 11:30:04,236 INFO __main__ transcription_job_state_changed
2026-05-15 11:32:20,978 INFO interview_app.transcription_queue transcription_job_queued
2026-05-15 11:32:20,980 INFO __main__ transcription_job_state_changed
2026-05-15 11:32:20,980 INFO interview_app.transcription_queue transcription_job_started
2026-05-15 11:32:20,981 INFO __main__ transcription_job_state_changed
2026-05-15 11:32:20,996 INFO interview_app.transcription_queue transcription_job_started
2026-05-15 11:32:20,998 WARNING interview_audio_recorder Audio file missing, skipping transcription: C:\Users\Dnord\Dropbox\David LPL work\Initial Teacher Interview Guide\interviews\Candidate_Skylar_Gonzales_2026-05-15_Q15_custom_Pay_mic.wav
2026-05-15 11:32:21,091 INFO faster_whisper Processing audio with duration 02:11.070
2026-05-15 11:32:21,272 INFO faster_whisper VAD filter removed 01:45.086 of audio
2026-05-15 11:32:22,578 INFO interview_audio_recorder Transcribed Candidate_Skylar_Gonzales_2026-05-15_Q15_custom_Pay_sys.wav for speaker=CANDIDATE in 1.58s (3 kept segments, min_start=0.00)
2026-05-15 11:32:22,579 INFO interview_audio_recorder Full transcription completed for base_name=Candidate_Skylar_Gonzales_2026-05-15_Q15_custom_Pay with 3 segments in 1.58s
2026-05-15 11:32:22,592 INFO interview_app.transcription_queue transcription_job_completed
2026-05-15 11:32:22,592 INFO interview_app.transcription_queue transcription_job_completed
2026-05-15 11:32:22,592 INFO __main__ transcription_job_state_changed
2026-05-15 13:04:56,142 INFO interview_app.transcription_queue transcription_job_queued
2026-05-15 13:04:56,144 INFO __main__ transcription_job_state_changed
2026-05-15 13:04:56,146 INFO interview_app.transcription_queue transcription_job_started
2026-05-15 13:04:56,148 INFO __main__ transcription_job_state_changed
2026-05-15 13:04:56,206 INFO interview_app.transcription_queue transcription_job_started
2026-05-15 13:04:56,209 WARNING interview_audio_recorder Audio file missing, skipping transcription: C:\Users\Dnord\Dropbox\David LPL work\Initial Teacher Interview Guide\interviews\Candidate_Jacqueline_Guzman_2026-05-15_Q1_custom_Why_ECE_mic.wav
2026-05-15 13:04:56,332 INFO faster_whisper Processing audio with duration 01:21.918
2026-05-15 13:04:56,437 INFO faster_whisper VAD filter removed 00:19.808 of audio
2026-05-15 13:05:00,106 INFO interview_audio_recorder Transcribed Candidate_Jacqueline_Guzman_2026-05-15_Q1_custom_Why_ECE_sys.wav for speaker=CANDIDATE in 3.90s (8 kept segments, min_start=0.00)
2026-05-15 13:05:00,107 INFO interview_audio_recorder Full transcription completed for base_name=Candidate_Jacqueline_Guzman_2026-05-15_Q1_custom_Why_ECE with 8 segments in 3.90s
2026-05-15 13:05:00,118 INFO interview_app.transcription_queue transcription_job_completed
2026-05-15 13:05:00,119 INFO interview_app.transcription_queue transcription_job_completed
2026-05-15 13:05:00,119 INFO __main__ transcription_job_state_changed
2026-05-15 13:05:44,609 INFO interview_app.transcription_queue transcription_job_queued
2026-05-15 13:05:44,610 INFO __main__ transcription_job_state_changed
2026-05-15 13:05:44,610 INFO interview_app.transcription_queue transcription_job_started
2026-05-15 13:05:44,611 INFO __main__ transcription_job_state_changed
2026-05-15 13:05:44,678 INFO interview_app.transcription_queue transcription_job_started
2026-05-15 13:05:44,679 WARNING interview_audio_recorder Audio file missing, skipping transcription: C:\Users\Dnord\Dropbox\David LPL work\Initial Teacher Interview Guide\interviews\Candidate_Jacqueline_Guzman_2026-05-15_Q2_custom_Why_LPL_mic.wav
2026-05-15 13:05:44,763 INFO faster_whisper Processing audio with duration 00:40.958
2026-05-15 13:05:44,818 INFO faster_whisper VAD filter removed 00:05.040 of audio
2026-05-15 13:05:47,770 INFO interview_audio_recorder Transcribed Candidate_Jacqueline_Guzman_2026-05-15_Q2_custom_Why_LPL_sys.wav for speaker=CANDIDATE in 3.09s (6 kept segments, min_start=0.00)
2026-05-15 13:05:47,771 INFO interview_audio_recorder Full transcription completed for base_name=Candidate_Jacqueline_Guzman_2026-05-15_Q2_custom_Why_LPL with 6 segments in 3.09s
2026-05-15 13:05:47,781 INFO interview_app.transcription_queue transcription_job_completed
2026-05-15 13:05:47,782 INFO interview_app.transcription_queue transcription_job_completed
2026-05-15 13:05:47,782 INFO __main__ transcription_job_state_changed
2026-05-15 13:07:08,511 INFO interview_app.transcription_queue transcription_job_queued
2026-05-15 13:07:08,512 INFO __main__ transcription_job_state_changed
2026-05-15 13:07:08,512 INFO interview_app.transcription_queue transcription_job_started
2026-05-15 13:07:08,513 INFO __main__ transcription_job_state_changed
2026-05-15 13:07:08,632 INFO interview_app.transcription_queue transcription_job_started
2026-05-15 13:07:08,636 WARNING interview_audio_recorder Audio file missing, skipping transcription: C:\Users\Dnord\Dropbox\David LPL work\Initial Teacher Interview Guide\interviews\Candidate_Jacqueline_Guzman_2026-05-15_Q3_trait_trait_1_mic.wav
2026-05-15 13:07:08,725 INFO faster_whisper Processing audio with duration 01:21.918
2026-05-15 13:07:08,838 INFO faster_whisper VAD filter removed 00:13.758 of audio
2026-05-15 13:07:13,830 INFO interview_audio_recorder Transcribed Candidate_Jacqueline_Guzman_2026-05-15_Q3_trait_trait_1_sys.wav for speaker=CANDIDATE in 5.19s (12 kept segments, min_start=0.00)
2026-05-15 13:07:13,831 INFO interview_audio_recorder Full transcription completed for base_name=Candidate_Jacqueline_Guzman_2026-05-15_Q3_trait_trait_1 with 12 segments in 5.20s
2026-05-15 13:07:13,841 INFO interview_app.transcription_queue transcription_job_completed
2026-05-15 13:07:13,842 INFO interview_app.transcription_queue transcription_job_completed
2026-05-15 13:07:13,842 INFO __main__ transcription_job_state_changed
2026-05-15 13:07:58,628 INFO interview_app.transcription_queue transcription_job_queued
2026-05-15 13:07:58,629 INFO __main__ transcription_job_state_changed
2026-05-15 13:07:58,629 INFO interview_app.transcription_queue transcription_job_started
2026-05-15 13:07:58,629 INFO __main__ transcription_job_state_changed
2026-05-15 13:07:58,757 INFO interview_app.transcription_queue transcription_job_started
2026-05-15 13:07:58,759 WARNING interview_audio_recorder Audio file missing, skipping transcription: C:\Users\Dnord\Dropbox\David LPL work\Initial Teacher Interview Guide\interviews\Candidate_Jacqueline_Guzman_2026-05-15_Q4_trait_trait_2_mic.wav
2026-05-15 13:07:58,846 INFO faster_whisper Processing audio with duration 00:40.958
2026-05-15 13:07:58,902 INFO faster_whisper VAD filter removed 00:19.344 of audio
2026-05-15 13:08:00,311 INFO interview_audio_recorder Transcribed Candidate_Jacqueline_Guzman_2026-05-15_Q4_trait_trait_2_sys.wav for speaker=CANDIDATE in 1.55s (4 kept segments, min_start=0.00)
2026-05-15 13:08:00,311 INFO interview_audio_recorder Full transcription completed for base_name=Candidate_Jacqueline_Guzman_2026-05-15_Q4_trait_trait_2 with 4 segments in 1.55s
2026-05-15 13:08:00,324 INFO interview_app.transcription_queue transcription_job_completed
2026-05-15 13:08:00,325 INFO interview_app.transcription_queue transcription_job_completed
2026-05-15 13:08:00,326 INFO __main__ transcription_job_state_changed
2026-05-15 13:09:24,194 INFO interview_app.transcription_queue transcription_job_queued
2026-05-15 13:09:24,195 INFO __main__ transcription_job_state_changed
2026-05-15 13:09:24,196 INFO interview_app.transcription_queue transcription_job_started
2026-05-15 13:09:24,196 INFO __main__ transcription_job_state_changed
2026-05-15 13:09:24,335 INFO interview_app.transcription_queue transcription_job_started
2026-05-15 13:09:24,337 WARNING interview_audio_recorder Audio file missing, skipping transcription: C:\Users\Dnord\Dropbox\David LPL work\Initial Teacher Interview Guide\interviews\Candidate_Jacqueline_Guzman_2026-05-15_Q5_trait_trait_3_mic.wav
2026-05-15 13:09:24,432 INFO faster_whisper Processing audio with duration 01:21.918
2026-05-15 13:09:24,539 INFO faster_whisper VAD filter removed 00:22.718 of audio
2026-05-15 13:09:28,549 INFO interview_audio_recorder Transcribed Candidate_Jacqueline_Guzman_2026-05-15_Q5_trait_trait_3_sys.wav for speaker=CANDIDATE in 4.21s (10 kept segments, min_start=0.00)
2026-05-15 13:09:28,550 INFO interview_audio_recorder Full transcription completed for base_name=Candidate_Jacqueline_Guzman_2026-05-15_Q5_trait_trait_3 with 10 segments in 4.21s
2026-05-15 13:09:28,563 INFO interview_app.transcription_queue transcription_job_completed
2026-05-15 13:09:28,563 INFO interview_app.transcription_queue transcription_job_completed
2026-05-15 13:09:28,564 INFO __main__ transcription_job_state_changed
2026-05-15 13:11:41,666 INFO interview_app.transcription_queue transcription_job_queued
2026-05-15 13:11:41,667 INFO __main__ transcription_job_state_changed
2026-05-15 13:11:41,668 INFO interview_app.transcription_queue transcription_job_started
2026-05-15 13:11:41,669 INFO __main__ transcription_job_state_changed
2026-05-15 13:11:41,801 INFO interview_app.transcription_queue transcription_job_started
2026-05-15 13:11:41,802 WARNING interview_audio_recorder Audio file missing, skipping transcription: C:\Users\Dnord\Dropbox\David LPL work\Initial Teacher Interview Guide\interviews\Candidate_Jacqueline_Guzman_2026-05-15_Q6_trait_trait_4_mic.wav
2026-05-15 13:11:41,910 INFO faster_whisper Processing audio with duration 02:11.070
2026-05-15 13:11:42,093 INFO faster_whisper VAD filter removed 00:24.016 of audio
2026-05-15 13:11:49,999 INFO interview_audio_recorder Transcribed Candidate_Jacqueline_Guzman_2026-05-15_Q6_trait_trait_4_sys.wav for speaker=CANDIDATE in 8.20s (18 kept segments, min_start=0.00)
2026-05-15 13:11:50,000 INFO interview_audio_recorder Full transcription completed for base_name=Candidate_Jacqueline_Guzman_2026-05-15_Q6_trait_trait_4 with 18 segments in 8.20s
2026-05-15 13:11:50,014 INFO interview_app.transcription_queue transcription_job_completed
2026-05-15 13:11:50,016 INFO interview_app.transcription_queue transcription_job_completed
2026-05-15 13:11:50,016 INFO __main__ transcription_job_state_changed
2026-05-15 13:12:52,362 INFO interview_app.transcription_queue transcription_job_queued
2026-05-15 13:12:52,362 INFO __main__ transcription_job_state_changed
2026-05-15 13:12:52,362 INFO interview_app.transcription_queue transcription_job_started
2026-05-15 13:12:52,363 INFO __main__ transcription_job_state_changed
2026-05-15 13:12:52,506 INFO interview_app.transcription_queue transcription_job_started
2026-05-15 13:12:52,508 WARNING interview_audio_recorder Audio file missing, skipping transcription: C:\Users\Dnord\Dropbox\David LPL work\Initial Teacher Interview Guide\interviews\Candidate_Jacqueline_Guzman_2026-05-15_Q7_trait_trait_5_mic.wav
2026-05-15 13:12:52,604 INFO faster_whisper Processing audio with duration 01:05.534
2026-05-15 13:12:52,697 INFO faster_whisper VAD filter removed 00:09.232 of audio
2026-05-15 13:12:56,839 INFO interview_audio_recorder Transcribed Candidate_Jacqueline_Guzman_2026-05-15_Q7_trait_trait_5_sys.wav for speaker=CANDIDATE in 4.33s (4 kept segments, min_start=0.00)
2026-05-15 13:12:56,839 INFO interview_audio_recorder Full transcription completed for base_name=Candidate_Jacqueline_Guzman_2026-05-15_Q7_trait_trait_5 with 4 segments in 4.33s
2026-05-15 13:12:56,854 INFO interview_app.transcription_queue transcription_job_completed
2026-05-15 13:12:56,855 INFO interview_app.transcription_queue transcription_job_completed
2026-05-15 13:12:56,855 INFO __main__ transcription_job_state_changed
2026-05-15 13:13:37,197 INFO interview_app.transcription_queue transcription_job_queued
2026-05-15 13:13:37,198 INFO __main__ transcription_job_state_changed
2026-05-15 13:13:37,199 INFO interview_app.transcription_queue transcription_job_started
2026-05-15 13:13:37,200 INFO __main__ transcription_job_state_changed
2026-05-15 13:13:37,335 INFO interview_app.transcription_queue transcription_job_started
2026-05-15 13:13:37,338 WARNING interview_audio_recorder Audio file missing, skipping transcription: C:\Users\Dnord\Dropbox\David LPL work\Initial Teacher Interview Guide\interviews\Candidate_Jacqueline_Guzman_2026-05-15_Q8_trait_trait_6_mic.wav
2026-05-15 13:13:37,429 INFO faster_whisper Processing audio with duration 00:40.958
2026-05-15 13:13:37,486 INFO faster_whisper VAD filter removed 00:13.552 of audio
2026-05-15 13:13:38,874 INFO interview_audio_recorder Transcribed Candidate_Jacqueline_Guzman_2026-05-15_Q8_trait_trait_6_sys.wav for speaker=CANDIDATE in 1.54s (2 kept segments, min_start=0.00)
2026-05-15 13:13:38,875 INFO interview_audio_recorder Full transcription completed for base_name=Candidate_Jacqueline_Guzman_2026-05-15_Q8_trait_trait_6 with 2 segments in 1.54s
2026-05-15 13:13:38,888 INFO interview_app.transcription_queue transcription_job_completed
2026-05-15 13:13:38,888 INFO interview_app.transcription_queue transcription_job_completed
2026-05-15 13:13:38,889 INFO __main__ transcription_job_state_changed
2026-05-15 13:14:39,471 INFO interview_app.transcription_queue transcription_job_queued
2026-05-15 13:14:39,472 INFO __main__ transcription_job_state_changed
2026-05-15 13:14:39,472 INFO interview_app.transcription_queue transcription_job_started
2026-05-15 13:14:39,473 INFO __main__ transcription_job_state_changed
2026-05-15 13:14:39,617 INFO interview_app.transcription_queue transcription_job_started
2026-05-15 13:14:39,620 WARNING interview_audio_recorder Audio file missing, skipping transcription: C:\Users\Dnord\Dropbox\David LPL work\Initial Teacher Interview Guide\interviews\Candidate_Jacqueline_Guzman_2026-05-15_Q9_trait_trait_7_mic.wav
2026-05-15 13:14:39,715 INFO faster_whisper Processing audio with duration 00:57.342
2026-05-15 13:14:39,803 INFO faster_whisper VAD filter removed 00:07.824 of audio
2026-05-15 13:14:43,089 INFO interview_audio_recorder Transcribed Candidate_Jacqueline_Guzman_2026-05-15_Q9_trait_trait_7_sys.wav for speaker=CANDIDATE in 3.47s (8 kept segments, min_start=0.00)
2026-05-15 13:14:43,090 INFO interview_audio_recorder Full transcription completed for base_name=Candidate_Jacqueline_Guzman_2026-05-15_Q9_trait_trait_7 with 8 segments in 3.47s
2026-05-15 13:14:43,100 INFO interview_app.transcription_queue transcription_job_completed
2026-05-15 13:14:43,101 INFO interview_app.transcription_queue transcription_job_completed
2026-05-15 13:14:43,101 INFO __main__ transcription_job_state_changed
2026-05-15 13:15:54,852 INFO interview_app.transcription_queue transcription_job_queued
2026-05-15 13:15:54,853 INFO __main__ transcription_job_state_changed
2026-05-15 13:15:54,854 INFO interview_app.transcription_queue transcription_job_started
2026-05-15 13:15:54,855 INFO __main__ transcription_job_state_changed
2026-05-15 13:15:55,000 INFO interview_app.transcription_queue transcription_job_started
2026-05-15 13:15:55,003 WARNING interview_audio_recorder Audio file missing, skipping transcription: C:\Users\Dnord\Dropbox\David LPL work\Initial Teacher Interview Guide\interviews\Candidate_Jacqueline_Guzman_2026-05-15_Q10_trait_trait_10_mic.wav
2026-05-15 13:15:55,099 INFO faster_whisper Processing audio with duration 01:13.726
2026-05-15 13:15:55,206 INFO faster_whisper VAD filter removed 00:15.166 of audio
2026-05-15 13:16:00,167 INFO interview_audio_recorder Transcribed Candidate_Jacqueline_Guzman_2026-05-15_Q10_trait_trait_10_sys.wav for speaker=CANDIDATE in 5.16s (11 kept segments, min_start=0.00)
2026-05-15 13:16:00,168 INFO interview_audio_recorder Full transcription completed for base_name=Candidate_Jacqueline_Guzman_2026-05-15_Q10_trait_trait_10 with 11 segments in 5.17s
2026-05-15 13:16:00,180 INFO interview_app.transcription_queue transcription_job_completed
2026-05-15 13:16:00,180 INFO interview_app.transcription_queue transcription_job_completed
2026-05-15 13:16:00,181 INFO __main__ transcription_job_state_changed
2026-05-15 13:16:10,312 INFO interview_app.transcription_queue transcription_job_queued
2026-05-15 13:16:10,313 INFO __main__ transcription_job_state_changed
2026-05-15 13:16:10,313 INFO interview_app.transcription_queue transcription_job_started
2026-05-15 13:16:10,314 INFO __main__ transcription_job_state_changed
2026-05-15 13:16:10,363 INFO interview_app.transcription_queue transcription_job_started
2026-05-15 13:16:10,369 ERROR interview_audio_recorder stop_and_transcribe_failed
Traceback (most recent call last):
  File "C:\Users\Dnord\Dropbox\David LPL work\Initial Teacher Interview Guide\src\interview_audio_recorder.py", line 264, in stop_and_transcribe
    _ensure_at_least_one_audio_track({"mic": self.mic_wav, "system": self.sys_wav})
  File "C:\Users\Dnord\Dropbox\David LPL work\Initial Teacher Interview Guide\src\interview_audio_recorder.py", line 680, in _ensure_at_least_one_audio_track
    raise RuntimeError(f"No transcribable audio tracks were found: {details}")
RuntimeError: No transcribable audio tracks were found: mic audio file is missing: C:\Users\Dnord\Dropbox\David LPL work\Initial Teacher Interview Guide\interviews\Candidate_Jacqueline_Guzman_2026-05-15_Q12_custom_FT_or_PT_mic.wav; system audio file is empty: C:\Users\Dnord\Dropbox\David LPL work\Initial Teacher Interview Guide\interviews\Candidate_Jacqueline_Guzman_2026-05-15_Q12_custom_FT_or_PT_sys.wav
2026-05-15 13:16:10,370 INFO interview_app.transcription_queue transcription_job_failed
2026-05-15 13:16:10,370 INFO interview_app.transcription_queue transcription_job_failed
2026-05-15 13:16:10,370 INFO __main__ transcription_job_state_changed
2026-05-15 13:16:21,899 INFO interview_app.transcription_queue transcription_job_queued
2026-05-15 13:16:21,899 INFO __main__ transcription_job_state_changed
2026-05-15 13:16:21,899 INFO interview_app.transcription_queue transcription_job_started
2026-05-15 13:16:21,900 INFO __main__ transcription_job_state_changed
2026-05-15 13:16:21,951 INFO interview_app.transcription_queue transcription_job_started
2026-05-15 13:16:21,953 WARNING interview_audio_recorder Audio file missing, skipping transcription: C:\Users\Dnord\Dropbox\David LPL work\Initial Teacher Interview Guide\interviews\Candidate_Jacqueline_Guzman_2026-05-15_Q13_custom_Not_Avail_mic.wav
2026-05-15 13:16:22,039 INFO faster_whisper Processing audio with duration 00:08.190
2026-05-15 13:16:22,049 INFO faster_whisper VAD filter removed 00:02.992 of audio
2026-05-15 13:16:22,524 INFO interview_audio_recorder Transcribed Candidate_Jacqueline_Guzman_2026-05-15_Q13_custom_Not_Avail_sys.wav for speaker=CANDIDATE in 0.57s (1 kept segments, min_start=0.00)
2026-05-15 13:16:22,524 INFO interview_audio_recorder Full transcription completed for base_name=Candidate_Jacqueline_Guzman_2026-05-15_Q13_custom_Not_Avail with 1 segments in 0.57s
2026-05-15 13:16:22,536 INFO interview_app.transcription_queue transcription_job_completed
2026-05-15 13:16:22,536 INFO interview_app.transcription_queue transcription_job_completed
2026-05-15 13:16:22,536 INFO __main__ transcription_job_state_changed
2026-05-15 13:16:31,274 INFO interview_app.transcription_queue transcription_job_queued
2026-05-15 13:16:31,275 INFO __main__ transcription_job_state_changed
2026-05-15 13:16:31,275 INFO interview_app.transcription_queue transcription_job_started
2026-05-15 13:16:31,276 INFO __main__ transcription_job_state_changed
2026-05-15 13:16:31,325 INFO interview_app.transcription_queue transcription_job_started
2026-05-15 13:16:31,328 WARNING interview_audio_recorder Audio file missing, skipping transcription: C:\Users\Dnord\Dropbox\David LPL work\Initial Teacher Interview Guide\interviews\Candidate_Jacqueline_Guzman_2026-05-15_Q14_custom_Pay_mic.wav
2026-05-15 13:16:31,408 INFO faster_whisper Processing audio with duration 00:08.190
2026-05-15 13:16:31,419 INFO faster_whisper VAD filter removed 00:03.728 of audio
2026-05-15 13:16:31,833 INFO interview_audio_recorder Transcribed Candidate_Jacqueline_Guzman_2026-05-15_Q14_custom_Pay_sys.wav for speaker=CANDIDATE in 0.51s (1 kept segments, min_start=0.00)
2026-05-15 13:16:31,833 INFO interview_audio_recorder Full transcription completed for base_name=Candidate_Jacqueline_Guzman_2026-05-15_Q14_custom_Pay with 1 segments in 0.51s
2026-05-15 13:16:31,843 INFO interview_app.transcription_queue transcription_job_completed
2026-05-15 13:16:31,844 INFO interview_app.transcription_queue transcription_job_completed
2026-05-15 13:16:31,844 INFO __main__ transcription_job_state_changed
2026-05-15 13:16:46,671 INFO interview_app.transcription_queue transcription_job_queued
2026-05-15 13:16:46,671 INFO __main__ transcription_job_state_changed
2026-05-15 13:16:46,672 INFO interview_app.transcription_queue transcription_job_started
2026-05-15 13:16:46,672 INFO __main__ transcription_job_state_changed
2026-05-15 13:16:46,688 WARNING __main__ transcription_health_failed
2026-05-15 13:16:46,689 INFO interview_app.transcription_queue transcription_job_started
2026-05-15 13:16:46,691 WARNING interview_audio_recorder Audio file missing, skipping transcription: C:\Users\Dnord\Dropbox\David LPL work\Initial Teacher Interview Guide\interviews\Candidate_Jacqueline_Guzman_2026-05-15_Q15_custom_Start_mic.wav
2026-05-15 13:16:46,770 INFO faster_whisper Processing audio with duration 00:08.190
2026-05-15 13:16:46,782 INFO faster_whisper VAD filter removed 00:01.872 of audio
2026-05-15 13:16:47,356 INFO interview_audio_recorder Transcribed Candidate_Jacqueline_Guzman_2026-05-15_Q15_custom_Start_sys.wav for speaker=CANDIDATE in 0.66s (1 kept segments, min_start=0.00)
2026-05-15 13:16:47,357 INFO interview_audio_recorder Full transcription completed for base_name=Candidate_Jacqueline_Guzman_2026-05-15_Q15_custom_Start with 1 segments in 0.67s
2026-05-15 13:16:47,371 INFO interview_app.transcription_queue transcription_job_completed
2026-05-15 13:16:47,371 INFO interview_app.transcription_queue transcription_job_completed
2026-05-15 13:16:47,371 INFO __main__ transcription_job_state_changed
2026-05-15 13:18:03,798 INFO runtime_wrapper runtime_wrapper_exit
2026-05-15 13:19:38,215 INFO runtime_wrapper runtime_wrapper_exit
2026-05-15 13:19:45,454 INFO runtime_wrapper runtime_wrapper_start
2026-05-15 13:19:45,646 INFO app_logging app_logging_initialized
2026-05-15 14:01:46,791 INFO runtime_wrapper runtime_wrapper_start
2026-05-15 14:01:46,978 INFO app_logging app_logging_initialized
2026-05-15 14:06:31,956 INFO interview_app.transcription_queue transcription_job_queued
2026-05-15 14:06:31,957 INFO __main__ transcription_job_state_changed
2026-05-15 14:06:31,959 INFO interview_app.transcription_queue transcription_job_started
2026-05-15 14:06:31,960 INFO __main__ transcription_job_state_changed
2026-05-15 14:06:32,047 INFO interview_app.transcription_queue transcription_job_started
2026-05-15 14:06:35,383 INFO httpx HTTP Request: GET https://huggingface.co/api/models/Systran/faster-whisper-large-v3/revision/main "HTTP/1.1 200 OK"
2026-05-15 14:06:40,313 INFO interview_audio_recorder Initialized Whisper model cache for model=large-v3 device=cuda compute_type=float16 in 5.63s
2026-05-15 14:06:40,314 WARNING interview_audio_recorder Audio file missing, skipping transcription: C:\Users\Dnord\Dropbox\David LPL work\Initial Teacher Interview Guide\interviews\Candidate_Amy_Anderson_2026-05-15_Q1_custom_Why_ECE_mic.wav
2026-05-15 14:06:40,437 INFO faster_whisper Processing audio with duration 02:35.646
2026-05-15 14:06:40,814 INFO faster_whisper VAD filter removed 00:18.288 of audio
2026-05-15 14:06:48,532 INFO interview_audio_recorder Transcribed Candidate_Amy_Anderson_2026-05-15_Q1_custom_Why_ECE_sys.wav for speaker=CANDIDATE in 8.22s (21 kept segments, min_start=0.00)
2026-05-15 14:06:48,533 INFO interview_audio_recorder Full transcription completed for base_name=Candidate_Amy_Anderson_2026-05-15_Q1_custom_Why_ECE with 21 segments in 16.48s
2026-05-15 14:06:48,548 INFO interview_app.transcription_queue transcription_job_completed
2026-05-15 14:06:48,549 INFO interview_app.transcription_queue transcription_job_completed
2026-05-15 14:06:48,549 INFO __main__ transcription_job_state_changed
2026-05-15 14:08:22,811 INFO interview_app.transcription_queue transcription_job_queued
2026-05-15 14:08:22,812 INFO __main__ transcription_job_state_changed
2026-05-15 14:08:22,812 INFO interview_app.transcription_queue transcription_job_started
2026-05-15 14:08:22,814 INFO __main__ transcription_job_state_changed
2026-05-15 14:08:22,904 INFO interview_app.transcription_queue transcription_job_started
2026-05-15 14:08:22,906 WARNING interview_audio_recorder Audio file missing, skipping transcription: C:\Users\Dnord\Dropbox\David LPL work\Initial Teacher Interview Guide\interviews\Candidate_Amy_Anderson_2026-05-15_Q2_custom_Why_LPL_mic.wav
2026-05-15 14:08:23,013 INFO faster_whisper Processing audio with duration 01:46.494
2026-05-15 14:08:23,166 INFO faster_whisper VAD filter removed 00:31.312 of audio
2026-05-15 14:08:27,917 INFO interview_audio_recorder Transcribed Candidate_Amy_Anderson_2026-05-15_Q2_custom_Why_LPL_sys.wav for speaker=CANDIDATE in 5.01s (13 kept segments, min_start=0.00)
2026-05-15 14:08:27,918 INFO interview_audio_recorder Full transcription completed for base_name=Candidate_Amy_Anderson_2026-05-15_Q2_custom_Why_LPL with 13 segments in 5.01s
2026-05-15 14:08:27,930 INFO interview_app.transcription_queue transcription_job_completed
2026-05-15 14:08:27,931 INFO interview_app.transcription_queue transcription_job_completed
2026-05-15 14:08:27,931 INFO __main__ transcription_job_state_changed
2026-05-15 14:11:16,502 INFO interview_app.transcription_queue transcription_job_queued
2026-05-15 14:11:16,502 INFO __main__ transcription_job_state_changed
2026-05-15 14:11:16,503 INFO interview_app.transcription_queue transcription_job_started
2026-05-15 14:11:16,503 INFO __main__ transcription_job_state_changed
2026-05-15 14:11:16,669 INFO interview_app.transcription_queue transcription_job_started
2026-05-15 14:11:16,671 WARNING interview_audio_recorder Audio file missing, skipping transcription: C:\Users\Dnord\Dropbox\David LPL work\Initial Teacher Interview Guide\interviews\Candidate_Amy_Anderson_2026-05-15_Q3_trait_trait_1_mic.wav
2026-05-15 14:11:16,793 INFO faster_whisper Processing audio with duration 02:52.030
2026-05-15 14:11:17,051 INFO faster_whisper VAD filter removed 00:12.496 of audio
2026-05-15 14:11:36,692 INFO interview_audio_recorder Transcribed Candidate_Amy_Anderson_2026-05-15_Q3_trait_trait_1_sys.wav for speaker=CANDIDATE in 20.02s (62 kept segments, min_start=0.00)
2026-05-15 14:11:36,693 INFO interview_audio_recorder Full transcription completed for base_name=Candidate_Amy_Anderson_2026-05-15_Q3_trait_trait_1 with 62 segments in 20.02s
2026-05-15 14:11:36,706 INFO interview_app.transcription_queue transcription_job_completed
2026-05-15 14:11:36,706 INFO interview_app.transcription_queue transcription_job_completed
2026-05-15 14:11:36,707 INFO __main__ transcription_job_state_changed
2026-05-15 14:13:20,598 INFO interview_app.transcription_queue transcription_job_queued
2026-05-15 14:13:20,598 INFO __main__ transcription_job_state_changed
2026-05-15 14:13:20,599 INFO interview_app.transcription_queue transcription_job_started
2026-05-15 14:13:20,599 INFO __main__ transcription_job_state_changed
2026-05-15 14:13:20,774 INFO interview_app.transcription_queue transcription_job_started
2026-05-15 14:13:20,776 WARNING interview_audio_recorder Audio file missing, skipping transcription: C:\Users\Dnord\Dropbox\David LPL work\Initial Teacher Interview Guide\interviews\Candidate_Amy_Anderson_2026-05-15_Q4_trait_trait_2_mic.wav
2026-05-15 14:13:20,882 INFO faster_whisper Processing audio with duration 02:02.878
2026-05-15 14:13:21,061 INFO faster_whisper VAD filter removed 00:34.816 of audio
2026-05-15 14:13:27,875 INFO interview_audio_recorder Transcribed Candidate_Amy_Anderson_2026-05-15_Q4_trait_trait_2_sys.wav for speaker=CANDIDATE in 7.10s (5 kept segments, min_start=0.00)
2026-05-15 14:13:27,876 INFO interview_audio_recorder Full transcription completed for base_name=Candidate_Amy_Anderson_2026-05-15_Q4_trait_trait_2 with 5 segments in 7.10s
2026-05-15 14:13:27,889 INFO interview_app.transcription_queue transcription_job_completed
2026-05-15 14:13:27,889 INFO interview_app.transcription_queue transcription_job_completed
2026-05-15 14:13:27,889 INFO __main__ transcription_job_state_changed
2026-05-15 14:15:39,226 INFO interview_app.transcription_queue transcription_job_queued
2026-05-15 14:15:39,227 INFO __main__ transcription_job_state_changed
2026-05-15 14:15:39,227 INFO interview_app.transcription_queue transcription_job_started
2026-05-15 14:15:39,228 INFO __main__ transcription_job_state_changed
2026-05-15 14:15:39,361 INFO interview_app.transcription_queue transcription_job_started
2026-05-15 14:15:39,363 WARNING interview_audio_recorder Audio file missing, skipping transcription: C:\Users\Dnord\Dropbox\David LPL work\Initial Teacher Interview Guide\interviews\Candidate_Amy_Anderson_2026-05-15_Q5_trait_trait_3_mic.wav
2026-05-15 14:15:39,475 INFO faster_whisper Processing audio with duration 02:11.070
2026-05-15 14:15:39,664 INFO faster_whisper VAD filter removed 00:15.440 of audio
2026-05-15 14:15:47,907 INFO interview_audio_recorder Transcribed Candidate_Amy_Anderson_2026-05-15_Q5_trait_trait_3_sys.wav for speaker=CANDIDATE in 8.54s (19 kept segments, min_start=0.00)
2026-05-15 14:15:47,908 INFO interview_audio_recorder Full transcription completed for base_name=Candidate_Amy_Anderson_2026-05-15_Q5_trait_trait_3 with 19 segments in 8.55s
2026-05-15 14:15:47,926 INFO interview_app.transcription_queue transcription_job_completed
2026-05-15 14:15:47,926 INFO interview_app.transcription_queue transcription_job_completed
2026-05-15 14:15:47,926 INFO __main__ transcription_job_state_changed
2026-05-15 14:18:38,237 INFO interview_app.transcription_queue transcription_job_queued
2026-05-15 14:18:38,238 INFO __main__ transcription_job_state_changed
2026-05-15 14:18:38,238 INFO interview_app.transcription_queue transcription_job_started
2026-05-15 14:18:38,239 INFO __main__ transcription_job_state_changed
2026-05-15 14:18:38,375 INFO interview_app.transcription_queue transcription_job_started
2026-05-15 14:18:38,377 WARNING interview_audio_recorder Audio file missing, skipping transcription: C:\Users\Dnord\Dropbox\David LPL work\Initial Teacher Interview Guide\interviews\Candidate_Amy_Anderson_2026-05-15_Q6_trait_trait_4_mic.wav
2026-05-15 14:18:38,494 INFO faster_whisper Processing audio with duration 02:52.030
2026-05-15 14:18:38,739 INFO faster_whisper VAD filter removed 00:16.464 of audio
2026-05-15 14:18:51,283 INFO interview_audio_recorder Transcribed Candidate_Amy_Anderson_2026-05-15_Q6_trait_trait_4_sys.wav for speaker=CANDIDATE in 12.91s (30 kept segments, min_start=0.00)
2026-05-15 14:18:51,284 INFO interview_audio_recorder Full transcription completed for base_name=Candidate_Amy_Anderson_2026-05-15_Q6_trait_trait_4 with 30 segments in 12.91s
2026-05-15 14:18:51,297 INFO interview_app.transcription_queue transcription_job_completed
2026-05-15 14:18:51,298 INFO interview_app.transcription_queue transcription_job_completed
2026-05-15 14:18:51,298 INFO __main__ transcription_job_state_changed
2026-05-15 14:21:22,154 INFO interview_app.transcription_queue transcription_job_queued
2026-05-15 14:21:22,155 INFO __main__ transcription_job_state_changed
2026-05-15 14:21:22,155 INFO interview_app.transcription_queue transcription_job_started
2026-05-15 14:21:22,156 INFO __main__ transcription_job_state_changed
2026-05-15 14:21:22,305 INFO interview_app.transcription_queue transcription_job_started
2026-05-15 14:21:22,307 WARNING interview_audio_recorder Audio file missing, skipping transcription: C:\Users\Dnord\Dropbox\David LPL work\Initial Teacher Interview Guide\interviews\Candidate_Amy_Anderson_2026-05-15_Q7_trait_trait_5_mic.wav
2026-05-15 14:21:22,420 INFO faster_whisper Processing audio with duration 02:35.646
2026-05-15 14:21:22,641 INFO faster_whisper VAD filter removed 00:26.320 of audio
2026-05-15 14:21:33,433 INFO interview_audio_recorder Transcribed Candidate_Amy_Anderson_2026-05-15_Q7_trait_trait_5_sys.wav for speaker=CANDIDATE in 11.13s (24 kept segments, min_start=0.00)
2026-05-15 14:21:33,433 INFO interview_audio_recorder Full transcription completed for base_name=Candidate_Amy_Anderson_2026-05-15_Q7_trait_trait_5 with 24 segments in 11.13s
2026-05-15 14:21:33,446 INFO interview_app.transcription_queue transcription_job_completed
2026-05-15 14:21:33,447 INFO interview_app.transcription_queue transcription_job_completed
2026-05-15 14:21:33,447 INFO __main__ transcription_job_state_changed
2026-05-15 14:24:17,620 INFO interview_app.transcription_queue transcription_job_queued
2026-05-15 14:24:17,621 INFO __main__ transcription_job_state_changed
2026-05-15 14:24:17,622 INFO interview_app.transcription_queue transcription_job_started
2026-05-15 14:24:17,622 INFO __main__ transcription_job_state_changed
2026-05-15 14:24:17,747 INFO interview_app.transcription_queue transcription_job_started
2026-05-15 14:24:17,749 WARNING interview_audio_recorder Audio file missing, skipping transcription: C:\Users\Dnord\Dropbox\David LPL work\Initial Teacher Interview Guide\interviews\Candidate_Amy_Anderson_2026-05-15_Q8_trait_trait_6_mic.wav
2026-05-15 14:24:17,862 INFO faster_whisper Processing audio with duration 02:52.030
2026-05-15 14:24:18,095 INFO faster_whisper VAD filter removed 00:09.744 of audio
2026-05-15 14:24:32,233 INFO interview_audio_recorder Transcribed Candidate_Amy_Anderson_2026-05-15_Q8_trait_trait_6_sys.wav for speaker=CANDIDATE in 14.48s (31 kept segments, min_start=0.00)
2026-05-15 14:24:32,234 INFO interview_audio_recorder Full transcription completed for base_name=Candidate_Amy_Anderson_2026-05-15_Q8_trait_trait_6 with 31 segments in 14.49s
2026-05-15 14:24:32,248 INFO interview_app.transcription_queue transcription_job_completed
2026-05-15 14:24:32,249 INFO interview_app.transcription_queue transcription_job_completed
2026-05-15 14:24:32,249 INFO __main__ transcription_job_state_changed
2026-05-15 14:26:26,140 INFO interview_app.transcription_queue transcription_job_queued
2026-05-15 14:26:26,140 INFO __main__ transcription_job_state_changed
2026-05-15 14:26:26,142 INFO interview_app.transcription_queue transcription_job_started
2026-05-15 14:26:26,142 INFO __main__ transcription_job_state_changed
2026-05-15 14:26:26,282 INFO interview_app.transcription_queue transcription_job_started
2026-05-15 14:26:26,283 WARNING interview_audio_recorder Audio file missing, skipping transcription: C:\Users\Dnord\Dropbox\David LPL work\Initial Teacher Interview Guide\interviews\Candidate_Amy_Anderson_2026-05-15_Q9_trait_trait_7_mic.wav
2026-05-15 14:26:26,391 INFO faster_whisper Processing audio with duration 02:02.878
2026-05-15 14:26:26,565 INFO faster_whisper VAD filter removed 00:07.520 of audio
2026-05-15 14:26:36,530 INFO interview_audio_recorder Transcribed Candidate_Amy_Anderson_2026-05-15_Q9_trait_trait_7_sys.wav for speaker=CANDIDATE in 10.25s (21 kept segments, min_start=0.00)
2026-05-15 14:26:36,530 INFO interview_audio_recorder Full transcription completed for base_name=Candidate_Amy_Anderson_2026-05-15_Q9_trait_trait_7 with 21 segments in 10.25s
2026-05-15 14:26:36,543 INFO interview_app.transcription_queue transcription_job_completed
2026-05-15 14:26:36,544 INFO interview_app.transcription_queue transcription_job_completed
2026-05-15 14:26:36,544 INFO __main__ transcription_job_state_changed
2026-05-15 14:27:51,377 INFO interview_app.transcription_queue transcription_job_queued
2026-05-15 14:27:51,378 INFO __main__ transcription_job_state_changed
2026-05-15 14:27:51,378 INFO interview_app.transcription_queue transcription_job_started
2026-05-15 14:27:51,379 INFO __main__ transcription_job_state_changed
2026-05-15 14:27:51,507 INFO interview_app.transcription_queue transcription_job_started
2026-05-15 14:27:51,510 WARNING interview_audio_recorder Audio file missing, skipping transcription: C:\Users\Dnord\Dropbox\David LPL work\Initial Teacher Interview Guide\interviews\Candidate_Amy_Anderson_2026-05-15_Q10_trait_trait_8_mic.wav
2026-05-15 14:27:51,606 INFO faster_whisper Processing audio with duration 01:21.918
2026-05-15 14:27:51,724 INFO faster_whisper VAD filter removed 00:08.080 of audio
2026-05-15 14:27:57,121 INFO interview_audio_recorder Transcribed Candidate_Amy_Anderson_2026-05-15_Q10_trait_trait_8_sys.wav for speaker=CANDIDATE in 5.61s (4 kept segments, min_start=0.00)
2026-05-15 14:27:57,122 INFO interview_audio_recorder Full transcription completed for base_name=Candidate_Amy_Anderson_2026-05-15_Q10_trait_trait_8 with 4 segments in 5.61s
2026-05-15 14:27:57,134 INFO interview_app.transcription_queue transcription_job_completed
2026-05-15 14:27:57,134 INFO interview_app.transcription_queue transcription_job_completed
2026-05-15 14:27:57,134 INFO __main__ transcription_job_state_changed
2026-05-15 14:29:22,023 INFO interview_app.transcription_queue transcription_job_queued
2026-05-15 14:29:22,024 INFO __main__ transcription_job_state_changed
2026-05-15 14:29:22,024 INFO interview_app.transcription_queue transcription_job_started
2026-05-15 14:29:22,025 INFO __main__ transcription_job_state_changed
2026-05-15 14:29:22,141 INFO interview_app.transcription_queue transcription_job_started
2026-05-15 14:29:22,142 WARNING interview_audio_recorder Audio file missing, skipping transcription: C:\Users\Dnord\Dropbox\David LPL work\Initial Teacher Interview Guide\interviews\Candidate_Amy_Anderson_2026-05-15_Q11_trait_trait_9_mic.wav
2026-05-15 14:29:22,233 INFO faster_whisper Processing audio with duration 01:21.918
2026-05-15 14:29:22,336 INFO faster_whisper VAD filter removed 00:08.816 of audio
2026-05-15 14:29:28,296 INFO interview_audio_recorder Transcribed Candidate_Amy_Anderson_2026-05-15_Q11_trait_trait_9_sys.wav for speaker=CANDIDATE in 6.15s (5 kept segments, min_start=0.00)
2026-05-15 14:29:28,296 INFO interview_audio_recorder Full transcription completed for base_name=Candidate_Amy_Anderson_2026-05-15_Q11_trait_trait_9 with 5 segments in 6.16s
2026-05-15 14:29:28,314 INFO interview_app.transcription_queue transcription_job_completed
2026-05-15 14:29:28,315 INFO interview_app.transcription_queue transcription_job_completed
2026-05-15 14:29:28,315 INFO __main__ transcription_job_state_changed
2026-05-15 14:29:55,330 INFO interview_app.transcription_queue transcription_job_queued
2026-05-15 14:29:55,331 INFO __main__ transcription_job_state_changed
2026-05-15 14:29:55,331 INFO interview_app.transcription_queue transcription_job_started
2026-05-15 14:29:55,332 INFO __main__ transcription_job_state_changed
2026-05-15 14:29:55,382 INFO interview_app.transcription_queue transcription_job_started
2026-05-15 14:29:55,383 WARNING interview_audio_recorder Audio file missing, skipping transcription: C:\Users\Dnord\Dropbox\David LPL work\Initial Teacher Interview Guide\interviews\Candidate_Amy_Anderson_2026-05-15_Q12_custom_FT_or_PT_mic.wav
2026-05-15 14:29:55,463 INFO faster_whisper Processing audio with duration 00:24.574
2026-05-15 14:29:55,495 INFO faster_whisper VAD filter removed 00:08.414 of audio
2026-05-15 14:29:56,768 INFO interview_audio_recorder Transcribed Candidate_Amy_Anderson_2026-05-15_Q12_custom_FT_or_PT_sys.wav for speaker=CANDIDATE in 1.38s (3 kept segments, min_start=0.00)
2026-05-15 14:29:56,769 INFO interview_audio_recorder Full transcription completed for base_name=Candidate_Amy_Anderson_2026-05-15_Q12_custom_FT_or_PT with 3 segments in 1.39s
2026-05-15 14:29:56,784 INFO interview_app.transcription_queue transcription_job_completed
2026-05-15 14:29:56,784 INFO interview_app.transcription_queue transcription_job_completed
2026-05-15 14:29:56,784 INFO __main__ transcription_job_state_changed
2026-05-15 14:30:05,177 INFO interview_app.transcription_queue transcription_job_queued
2026-05-15 14:30:05,178 INFO __main__ transcription_job_state_changed
2026-05-15 14:30:05,178 INFO interview_app.transcription_queue transcription_job_started
2026-05-15 14:30:05,179 INFO __main__ transcription_job_state_changed
2026-05-15 14:30:05,226 INFO interview_app.transcription_queue transcription_job_started
2026-05-15 14:30:05,227 WARNING interview_audio_recorder Audio file missing, skipping transcription: C:\Users\Dnord\Dropbox\David LPL work\Initial Teacher Interview Guide\interviews\Candidate_Amy_Anderson_2026-05-15_Q13_custom_Not_Avail_mic.wav
2026-05-15 14:30:05,307 INFO faster_whisper Processing audio with duration 00:08.190
2026-05-15 14:30:05,319 INFO faster_whisper VAD filter removed 00:02.896 of audio
2026-05-15 14:30:05,906 INFO interview_audio_recorder Transcribed Candidate_Amy_Anderson_2026-05-15_Q13_custom_Not_Avail_sys.wav for speaker=CANDIDATE in 0.68s (1 kept segments, min_start=0.00)
2026-05-15 14:30:05,908 INFO interview_audio_recorder Full transcription completed for base_name=Candidate_Amy_Anderson_2026-05-15_Q13_custom_Not_Avail with 1 segments in 0.68s
2026-05-15 14:30:05,921 INFO interview_app.transcription_queue transcription_job_completed
2026-05-15 14:30:05,921 INFO interview_app.transcription_queue transcription_job_completed
2026-05-15 14:30:05,921 INFO __main__ transcription_job_state_changed
2026-05-15 14:30:40,186 INFO interview_app.transcription_queue transcription_job_queued
2026-05-15 14:30:40,188 INFO __main__ transcription_job_state_changed
2026-05-15 14:30:40,188 INFO interview_app.transcription_queue transcription_job_started
2026-05-15 14:30:40,189 INFO __main__ transcription_job_state_changed
2026-05-15 14:30:40,241 INFO interview_app.transcription_queue transcription_job_started
2026-05-15 14:30:40,243 WARNING interview_audio_recorder Audio file missing, skipping transcription: C:\Users\Dnord\Dropbox\David LPL work\Initial Teacher Interview Guide\interviews\Candidate_Amy_Anderson_2026-05-15_Q14_custom_Start_mic.wav
2026-05-15 14:30:40,329 INFO faster_whisper Processing audio with duration 00:32.766
2026-05-15 14:30:40,374 INFO faster_whisper VAD filter removed 00:04.464 of audio
2026-05-15 14:30:42,328 INFO interview_audio_recorder Transcribed Candidate_Amy_Anderson_2026-05-15_Q14_custom_Start_sys.wav for speaker=CANDIDATE in 2.08s (7 kept segments, min_start=0.00)
2026-05-15 14:30:42,328 INFO interview_audio_recorder Full transcription completed for base_name=Candidate_Amy_Anderson_2026-05-15_Q14_custom_Start with 7 segments in 2.09s
2026-05-15 14:30:42,343 INFO interview_app.transcription_queue transcription_job_completed
2026-05-15 14:30:42,344 INFO interview_app.transcription_queue transcription_job_completed
2026-05-15 14:30:42,344 INFO __main__ transcription_job_state_changed
2026-05-15 14:30:59,658 INFO interview_app.transcription_queue transcription_job_queued
2026-05-15 14:30:59,658 INFO __main__ transcription_job_state_changed
2026-05-15 14:30:59,660 INFO interview_app.transcription_queue transcription_job_started
2026-05-15 14:30:59,660 INFO __main__ transcription_job_state_changed
2026-05-15 14:30:59,676 INFO interview_app.transcription_queue transcription_job_started
2026-05-15 14:30:59,679 WARNING interview_audio_recorder Audio file missing, skipping transcription: C:\Users\Dnord\Dropbox\David LPL work\Initial Teacher Interview Guide\interviews\Candidate_Amy_Anderson_2026-05-15_Q15_custom_Pay_mic.wav
2026-05-15 14:30:59,760 INFO faster_whisper Processing audio with duration 00:16.382
2026-05-15 14:30:59,783 INFO faster_whisper VAD filter removed 00:02.784 of audio
2026-05-15 14:31:00,505 INFO interview_audio_recorder Transcribed Candidate_Amy_Anderson_2026-05-15_Q15_custom_Pay_sys.wav for speaker=CANDIDATE in 0.83s (1 kept segments, min_start=0.00)
2026-05-15 14:31:00,505 INFO interview_audio_recorder Full transcription completed for base_name=Candidate_Amy_Anderson_2026-05-15_Q15_custom_Pay with 1 segments in 0.83s
2026-05-15 14:31:00,518 INFO interview_app.transcription_queue transcription_job_completed
2026-05-15 14:31:00,519 INFO interview_app.transcription_queue transcription_job_completed
2026-05-15 14:31:00,519 INFO __main__ transcription_job_state_changed
2026-05-15 14:50:15,633 INFO runtime_wrapper runtime_wrapper_exit
2026-05-15 15:00:56,501 INFO runtime_wrapper runtime_wrapper_start
2026-05-15 15:00:56,688 INFO app_logging app_logging_initialized
2026-05-15 15:04:57,884 INFO interview_app.transcription_queue transcription_job_queued
2026-05-15 15:04:57,884 INFO __main__ transcription_job_state_changed
2026-05-15 15:04:57,886 INFO interview_app.transcription_queue transcription_job_started
2026-05-15 15:04:57,886 INFO __main__ transcription_job_state_changed
2026-05-15 15:04:58,010 INFO interview_app.transcription_queue transcription_job_started
2026-05-15 15:05:00,664 INFO httpx HTTP Request: GET https://huggingface.co/api/models/Systran/faster-whisper-large-v3/revision/main "HTTP/1.1 200 OK"
2026-05-15 15:05:04,669 INFO interview_audio_recorder Initialized Whisper model cache for model=large-v3 device=cuda compute_type=float16 in 4.51s
2026-05-15 15:05:04,671 WARNING interview_audio_recorder Audio file missing, skipping transcription: C:\Users\Dnord\Dropbox\David LPL work\Initial Teacher Interview Guide\interviews\Candidate_Fabiola_Conde_2026-05-15_Q1_custom_Why_ECE_mic.wav
2026-05-15 15:05:04,763 INFO faster_whisper Processing audio with duration 01:21.918
2026-05-15 15:05:04,963 INFO faster_whisper VAD filter removed 00:09.504 of audio
2026-05-15 15:05:10,648 INFO interview_audio_recorder Transcribed Candidate_Fabiola_Conde_2026-05-15_Q1_custom_Why_ECE_sys.wav for speaker=CANDIDATE in 5.98s (11 kept segments, min_start=0.00)
2026-05-15 15:05:10,649 INFO interview_audio_recorder Full transcription completed for base_name=Candidate_Fabiola_Conde_2026-05-15_Q1_custom_Why_ECE with 11 segments in 12.64s
2026-05-15 15:05:10,664 INFO interview_app.transcription_queue transcription_job_completed
2026-05-15 15:05:10,666 INFO interview_app.transcription_queue transcription_job_completed
2026-05-15 15:05:10,667 INFO __main__ transcription_job_state_changed
2026-05-15 15:05:42,267 INFO interview_app.transcription_queue transcription_job_queued
2026-05-15 15:05:42,268 INFO __main__ transcription_job_state_changed
2026-05-15 15:05:42,269 INFO interview_app.transcription_queue transcription_job_started
2026-05-15 15:05:42,269 INFO __main__ transcription_job_state_changed
2026-05-15 15:05:42,411 INFO interview_app.transcription_queue transcription_job_started
2026-05-15 15:05:42,412 WARNING interview_audio_recorder Audio file missing, skipping transcription: C:\Users\Dnord\Dropbox\David LPL work\Initial Teacher Interview Guide\interviews\Candidate_Fabiola_Conde_2026-05-15_Q2_custom_Why_LPL_mic.wav
2026-05-15 15:05:42,500 INFO faster_whisper Processing audio with duration 00:40.958
2026-05-15 15:05:42,558 INFO faster_whisper VAD filter removed 00:02.592 of audio
2026-05-15 15:05:45,976 INFO interview_audio_recorder Transcribed Candidate_Fabiola_Conde_2026-05-15_Q2_custom_Why_LPL_sys.wav for speaker=CANDIDATE in 3.56s (6 kept segments, min_start=0.00)
2026-05-15 15:05:45,976 INFO interview_audio_recorder Full transcription completed for base_name=Candidate_Fabiola_Conde_2026-05-15_Q2_custom_Why_LPL with 6 segments in 3.56s
2026-05-15 15:05:45,989 INFO interview_app.transcription_queue transcription_job_completed
2026-05-15 15:05:45,990 INFO interview_app.transcription_queue transcription_job_completed
2026-05-15 15:05:45,991 INFO __main__ transcription_job_state_changed
2026-05-15 15:06:33,547 INFO interview_app.transcription_queue transcription_job_queued
2026-05-15 15:06:33,548 INFO __main__ transcription_job_state_changed
2026-05-15 15:06:33,548 INFO interview_app.transcription_queue transcription_job_started
2026-05-15 15:06:33,550 INFO __main__ transcription_job_state_changed
2026-05-15 15:06:33,816 INFO interview_app.transcription_queue transcription_job_started
2026-05-15 15:06:33,818 WARNING interview_audio_recorder Audio file missing, skipping transcription: C:\Users\Dnord\Dropbox\David LPL work\Initial Teacher Interview Guide\interviews\Candidate_Fabiola_Conde_2026-05-15_Q3_trait_trait_1_mic.wav
2026-05-15 15:06:33,913 INFO faster_whisper Processing audio with duration 00:49.150
2026-05-15 15:06:33,984 INFO faster_whisper VAD filter removed 00:12.670 of audio
2026-05-15 15:06:37,370 INFO interview_audio_recorder Transcribed Candidate_Fabiola_Conde_2026-05-15_Q3_trait_trait_1_sys.wav for speaker=CANDIDATE in 3.55s (6 kept segments, min_start=0.00)
2026-05-15 15:06:37,370 INFO interview_audio_recorder Full transcription completed for base_name=Candidate_Fabiola_Conde_2026-05-15_Q3_trait_trait_1 with 6 segments in 3.55s
2026-05-15 15:06:37,384 INFO interview_app.transcription_queue transcription_job_completed
2026-05-15 15:06:37,384 INFO interview_app.transcription_queue transcription_job_completed
2026-05-15 15:06:37,384 INFO __main__ transcription_job_state_changed
2026-05-15 15:07:14,608 INFO interview_app.transcription_queue transcription_job_queued
2026-05-15 15:07:14,608 INFO __main__ transcription_job_state_changed
2026-05-15 15:07:14,610 INFO interview_app.transcription_queue transcription_job_started
2026-05-15 15:07:14,610 INFO __main__ transcription_job_state_changed
2026-05-15 15:07:14,872 INFO interview_app.transcription_queue transcription_job_started
2026-05-15 15:07:14,874 WARNING interview_audio_recorder Audio file missing, skipping transcription: C:\Users\Dnord\Dropbox\David LPL work\Initial Teacher Interview Guide\interviews\Candidate_Fabiola_Conde_2026-05-15_Q4_trait_trait_2_mic.wav
2026-05-15 15:07:14,969 INFO faster_whisper Processing audio with duration 00:32.766
2026-05-15 15:07:15,019 INFO faster_whisper VAD filter removed 00:12.080 of audio
2026-05-15 15:07:16,747 INFO interview_audio_recorder Transcribed Candidate_Fabiola_Conde_2026-05-15_Q4_trait_trait_2_sys.wav for speaker=CANDIDATE in 1.87s (3 kept segments, min_start=0.00)
2026-05-15 15:07:16,747 INFO interview_audio_recorder Full transcription completed for base_name=Candidate_Fabiola_Conde_2026-05-15_Q4_trait_trait_2 with 3 segments in 1.87s
2026-05-15 15:07:16,760 INFO interview_app.transcription_queue transcription_job_completed
2026-05-15 15:07:16,760 INFO interview_app.transcription_queue transcription_job_completed
2026-05-15 15:07:16,760 INFO __main__ transcription_job_state_changed
2026-05-15 15:08:35,422 INFO interview_app.transcription_queue transcription_job_queued
2026-05-15 15:08:35,422 INFO __main__ transcription_job_state_changed
2026-05-15 15:08:35,424 INFO interview_app.transcription_queue transcription_job_started
2026-05-15 15:08:35,424 INFO __main__ transcription_job_state_changed
2026-05-15 15:08:35,613 INFO interview_app.transcription_queue transcription_job_started
2026-05-15 15:08:35,615 WARNING interview_audio_recorder Audio file missing, skipping transcription: C:\Users\Dnord\Dropbox\David LPL work\Initial Teacher Interview Guide\interviews\Candidate_Fabiola_Conde_2026-05-15_Q5_trait_trait_3_mic.wav
2026-05-15 15:08:35,705 INFO faster_whisper Processing audio with duration 01:13.726
2026-05-15 15:08:35,808 INFO faster_whisper VAD filter removed 00:25.870 of audio
2026-05-15 15:08:38,491 INFO interview_audio_recorder Transcribed Candidate_Fabiola_Conde_2026-05-15_Q5_trait_trait_3_sys.wav for speaker=CANDIDATE in 2.88s (6 kept segments, min_start=0.00)
2026-05-15 15:08:38,492 INFO interview_audio_recorder Full transcription completed for base_name=Candidate_Fabiola_Conde_2026-05-15_Q5_trait_trait_3 with 6 segments in 2.88s
2026-05-15 15:08:38,507 INFO interview_app.transcription_queue transcription_job_completed
2026-05-15 15:08:38,507 INFO interview_app.transcription_queue transcription_job_completed
2026-05-15 15:08:38,507 INFO __main__ transcription_job_state_changed
2026-05-15 15:09:08,071 INFO interview_app.transcription_queue transcription_job_queued
2026-05-15 15:09:08,071 INFO __main__ transcription_job_state_changed
2026-05-15 15:09:08,072 INFO interview_app.transcription_queue transcription_job_started
2026-05-15 15:09:08,073 INFO __main__ transcription_job_state_changed
2026-05-15 15:09:08,274 INFO interview_app.transcription_queue transcription_job_started
2026-05-15 15:09:08,275 WARNING interview_audio_recorder Audio file missing, skipping transcription: C:\Users\Dnord\Dropbox\David LPL work\Initial Teacher Interview Guide\interviews\Candidate_Fabiola_Conde_2026-05-15_Q6_trait_trait_4_mic.wav
2026-05-15 15:09:08,365 INFO faster_whisper Processing audio with duration 00:24.574
2026-05-15 15:09:08,399 INFO faster_whisper VAD filter removed 00:12.542 of audio
2026-05-15 15:09:09,199 INFO interview_audio_recorder Transcribed Candidate_Fabiola_Conde_2026-05-15_Q6_trait_trait_4_sys.wav for speaker=CANDIDATE in 0.92s (1 kept segments, min_start=0.00)
2026-05-15 15:09:09,200 INFO interview_audio_recorder Full transcription completed for base_name=Candidate_Fabiola_Conde_2026-05-15_Q6_trait_trait_4 with 1 segments in 0.92s
2026-05-15 15:09:09,214 INFO interview_app.transcription_queue transcription_job_completed
2026-05-15 15:09:09,214 INFO interview_app.transcription_queue transcription_job_completed
2026-05-15 15:09:09,215 INFO __main__ transcription_job_state_changed
2026-05-15 15:09:56,272 INFO interview_app.transcription_queue transcription_job_queued
2026-05-15 15:09:56,273 INFO __main__ transcription_job_state_changed
2026-05-15 15:09:56,273 INFO interview_app.transcription_queue transcription_job_started
2026-05-15 15:09:56,274 INFO __main__ transcription_job_state_changed
2026-05-15 15:09:56,471 INFO interview_app.transcription_queue transcription_job_started
2026-05-15 15:09:56,472 WARNING interview_audio_recorder Audio file missing, skipping transcription: C:\Users\Dnord\Dropbox\David LPL work\Initial Teacher Interview Guide\interviews\Candidate_Fabiola_Conde_2026-05-15_Q9_trait_trait_7_mic.wav
2026-05-15 15:09:56,567 INFO faster_whisper Processing audio with duration 00:40.958
2026-05-15 15:09:56,624 INFO faster_whisper VAD filter removed 00:08.158 of audio
2026-05-15 15:09:58,981 INFO interview_audio_recorder Transcribed Candidate_Fabiola_Conde_2026-05-15_Q9_trait_trait_7_sys.wav for speaker=CANDIDATE in 2.51s (5 kept segments, min_start=0.00)
2026-05-15 15:09:58,981 INFO interview_audio_recorder Full transcription completed for base_name=Candidate_Fabiola_Conde_2026-05-15_Q9_trait_trait_7 with 5 segments in 2.51s
2026-05-15 15:09:58,993 INFO interview_app.transcription_queue transcription_job_completed
2026-05-15 15:09:58,993 INFO interview_app.transcription_queue transcription_job_completed
2026-05-15 15:09:58,994 INFO __main__ transcription_job_state_changed
2026-05-15 15:10:55,492 INFO interview_app.transcription_queue transcription_job_queued
2026-05-15 15:10:55,493 INFO __main__ transcription_job_state_changed
2026-05-15 15:10:55,493 INFO interview_app.transcription_queue transcription_job_started
2026-05-15 15:10:55,494 INFO __main__ transcription_job_state_changed
2026-05-15 15:10:55,717 INFO interview_app.transcription_queue transcription_job_started
2026-05-15 15:10:55,719 WARNING interview_audio_recorder Audio file missing, skipping transcription: C:\Users\Dnord\Dropbox\David LPL work\Initial Teacher Interview Guide\interviews\Candidate_Fabiola_Conde_2026-05-15_Q10_trait_trait_8_mic.wav
2026-05-15 15:10:55,815 INFO faster_whisper Processing audio with duration 00:57.342
2026-05-15 15:10:55,895 INFO faster_whisper VAD filter removed 00:14.910 of audio
2026-05-15 15:10:59,748 INFO interview_audio_recorder Transcribed Candidate_Fabiola_Conde_2026-05-15_Q10_trait_trait_8_sys.wav for speaker=CANDIDATE in 4.03s (6 kept segments, min_start=0.00)
2026-05-15 15:10:59,748 INFO interview_audio_recorder Full transcription completed for base_name=Candidate_Fabiola_Conde_2026-05-15_Q10_trait_trait_8 with 6 segments in 4.03s
2026-05-15 15:10:59,759 INFO interview_app.transcription_queue transcription_job_completed
2026-05-15 15:10:59,760 INFO interview_app.transcription_queue transcription_job_completed
2026-05-15 15:10:59,760 INFO __main__ transcription_job_state_changed
2026-05-15 15:11:54,992 INFO interview_app.transcription_queue transcription_job_queued
2026-05-15 15:11:54,993 INFO __main__ transcription_job_state_changed
2026-05-15 15:11:54,994 INFO interview_app.transcription_queue transcription_job_started
2026-05-15 15:11:54,994 INFO __main__ transcription_job_state_changed
2026-05-15 15:11:55,143 INFO interview_app.transcription_queue transcription_job_started
2026-05-15 15:11:55,144 WARNING interview_audio_recorder Audio file missing, skipping transcription: C:\Users\Dnord\Dropbox\David LPL work\Initial Teacher Interview Guide\interviews\Candidate_Fabiola_Conde_2026-05-15_Q11_trait_trait_9_mic.wav
2026-05-15 15:11:55,235 INFO faster_whisper Processing audio with duration 00:57.342
2026-05-15 15:11:55,309 INFO faster_whisper VAD filter removed 00:18.558 of audio
2026-05-15 15:11:57,683 INFO interview_audio_recorder Transcribed Candidate_Fabiola_Conde_2026-05-15_Q11_trait_trait_9_sys.wav for speaker=CANDIDATE in 2.54s (6 kept segments, min_start=0.00)
2026-05-15 15:11:57,683 INFO interview_audio_recorder Full transcription completed for base_name=Candidate_Fabiola_Conde_2026-05-15_Q11_trait_trait_9 with 6 segments in 2.54s
2026-05-15 15:11:57,695 INFO interview_app.transcription_queue transcription_job_completed
2026-05-15 15:11:57,696 INFO interview_app.transcription_queue transcription_job_completed
2026-05-15 15:11:57,696 INFO __main__ transcription_job_state_changed
2026-05-15 15:12:11,983 INFO interview_app.transcription_queue transcription_job_queued
2026-05-15 15:12:11,983 INFO __main__ transcription_job_state_changed
2026-05-15 15:12:11,985 INFO interview_app.transcription_queue transcription_job_started
2026-05-15 15:12:11,987 INFO __main__ transcription_job_state_changed
2026-05-15 15:12:12,054 INFO interview_app.transcription_queue transcription_job_started
2026-05-15 15:12:12,056 WARNING interview_audio_recorder Audio file missing, skipping transcription: C:\Users\Dnord\Dropbox\David LPL work\Initial Teacher Interview Guide\interviews\Candidate_Fabiola_Conde_2026-05-15_Q12_custom_FT_or_PT_mic.wav
2026-05-15 15:12:12,136 INFO faster_whisper Processing audio with duration 00:08.190
2026-05-15 15:12:12,145 INFO faster_whisper VAD filter removed 00:06.334 of audio
2026-05-15 15:12:12,604 INFO interview_audio_recorder Transcribed Candidate_Fabiola_Conde_2026-05-15_Q12_custom_FT_or_PT_sys.wav for speaker=CANDIDATE in 0.55s (1 kept segments, min_start=0.00)
2026-05-15 15:12:12,606 INFO interview_audio_recorder Full transcription completed for base_name=Candidate_Fabiola_Conde_2026-05-15_Q12_custom_FT_or_PT with 1 segments in 0.55s
2026-05-15 15:12:12,616 INFO interview_app.transcription_queue transcription_job_completed
2026-05-15 15:12:12,617 INFO interview_app.transcription_queue transcription_job_completed
2026-05-15 15:12:12,618 INFO __main__ transcription_job_state_changed
2026-05-15 15:13:07,288 INFO interview_app.transcription_queue transcription_job_queued
2026-05-15 15:13:07,289 INFO __main__ transcription_job_state_changed
2026-05-15 15:13:07,289 INFO interview_app.transcription_queue transcription_job_started
2026-05-15 15:13:07,289 INFO __main__ transcription_job_state_changed
2026-05-15 15:13:07,362 INFO interview_app.transcription_queue transcription_job_started
2026-05-15 15:13:07,364 WARNING interview_audio_recorder Audio file missing, skipping transcription: C:\Users\Dnord\Dropbox\David LPL work\Initial Teacher Interview Guide\interviews\Candidate_Fabiola_Conde_2026-05-15_Q13_custom_Not_Avail_mic.wav
2026-05-15 15:13:07,453 INFO faster_whisper Processing audio with duration 00:49.150
2026-05-15 15:13:07,517 INFO faster_whisper VAD filter removed 00:02.096 of audio
2026-05-15 15:13:10,180 INFO interview_audio_recorder Transcribed Candidate_Fabiola_Conde_2026-05-15_Q13_custom_Not_Avail_sys.wav for speaker=CANDIDATE in 2.82s (2 kept segments, min_start=0.00)
2026-05-15 15:13:10,181 INFO interview_audio_recorder Full transcription completed for base_name=Candidate_Fabiola_Conde_2026-05-15_Q13_custom_Not_Avail with 2 segments in 2.82s
2026-05-15 15:13:10,191 INFO interview_app.transcription_queue transcription_job_completed
2026-05-15 15:13:10,191 INFO interview_app.transcription_queue transcription_job_completed
2026-05-15 15:13:10,191 INFO __main__ transcription_job_state_changed
2026-05-15 15:13:55,424 INFO interview_app.transcription_queue transcription_job_queued
2026-05-15 15:13:55,424 INFO __main__ transcription_job_state_changed
2026-05-15 15:13:55,425 INFO interview_app.transcription_queue transcription_job_started
2026-05-15 15:13:55,425 INFO __main__ transcription_job_state_changed
2026-05-15 15:13:55,494 INFO interview_app.transcription_queue transcription_job_started
2026-05-15 15:13:55,495 WARNING interview_audio_recorder Audio file missing, skipping transcription: C:\Users\Dnord\Dropbox\David LPL work\Initial Teacher Interview Guide\interviews\Candidate_Fabiola_Conde_2026-05-15_Q14_custom_Start_mic.wav
2026-05-15 15:13:55,578 INFO faster_whisper Processing audio with duration 00:40.958
2026-05-15 15:13:55,634 INFO faster_whisper VAD filter removed 00:02.928 of audio
2026-05-15 15:13:58,432 INFO interview_audio_recorder Transcribed Candidate_Fabiola_Conde_2026-05-15_Q14_custom_Start_sys.wav for speaker=CANDIDATE in 2.94s (5 kept segments, min_start=0.00)
2026-05-15 15:13:58,434 INFO interview_audio_recorder Full transcription completed for base_name=Candidate_Fabiola_Conde_2026-05-15_Q14_custom_Start with 5 segments in 2.94s
2026-05-15 15:13:58,445 INFO interview_app.transcription_queue transcription_job_completed
2026-05-15 15:13:58,446 INFO interview_app.transcription_queue transcription_job_completed
2026-05-15 15:13:58,446 INFO __main__ transcription_job_state_changed
2026-05-15 15:15:29,304 INFO interview_app.transcription_queue transcription_job_queued
2026-05-15 15:15:29,305 INFO __main__ transcription_job_state_changed
2026-05-15 15:15:29,306 INFO interview_app.transcription_queue transcription_job_started
2026-05-15 15:15:29,306 INFO __main__ transcription_job_state_changed
2026-05-15 15:15:29,329 INFO interview_app.transcription_queue transcription_job_started
2026-05-15 15:15:29,332 WARNING interview_audio_recorder Audio file missing, skipping transcription: C:\Users\Dnord\Dropbox\David LPL work\Initial Teacher Interview Guide\interviews\Candidate_Fabiola_Conde_2026-05-15_Q15_custom_Pay_mic.wav
2026-05-15 15:15:29,425 INFO faster_whisper Processing audio with duration 01:30.110
2026-05-15 15:15:29,567 INFO faster_whisper VAD filter removed 00:48.304 of audio
2026-05-15 15:15:31,749 INFO interview_audio_recorder Transcribed Candidate_Fabiola_Conde_2026-05-15_Q15_custom_Pay_sys.wav for speaker=CANDIDATE in 2.42s (5 kept segments, min_start=0.00)
2026-05-15 15:15:31,751 INFO interview_audio_recorder Full transcription completed for base_name=Candidate_Fabiola_Conde_2026-05-15_Q15_custom_Pay with 5 segments in 2.42s
2026-05-15 15:15:31,763 INFO interview_app.transcription_queue transcription_job_completed
2026-05-15 15:15:31,764 INFO interview_app.transcription_queue transcription_job_completed
2026-05-15 15:15:31,764 INFO __main__ transcription_job_state_changed
2026-05-18 13:31:55,688 INFO runtime_wrapper runtime_wrapper_start
2026-05-18 13:31:56,426 INFO app_logging app_logging_initialized
2026-05-18 13:37:02,086 INFO interview_app.transcription_queue transcription_job_queued
2026-05-18 13:37:02,086 INFO __main__ transcription_job_state_changed
2026-05-18 13:37:02,089 INFO interview_app.transcription_queue transcription_job_started
2026-05-18 13:37:02,090 INFO __main__ transcription_job_state_changed
2026-05-18 13:37:02,153 INFO interview_app.transcription_queue transcription_job_started
2026-05-18 13:37:15,340 INFO httpx HTTP Request: GET https://huggingface.co/api/models/Systran/faster-whisper-large-v3/revision/main "HTTP/1.1 200 OK"
2026-05-18 13:37:19,814 INFO interview_audio_recorder Initialized Whisper model cache for model=large-v3 device=cuda compute_type=float16 in 5.30s
2026-05-18 13:37:19,816 WARNING interview_audio_recorder Audio file missing, skipping transcription: C:\Users\Dnord\Dropbox\David LPL work\Initial Teacher Interview Guide\interviews\Candidate_LaPrisha_Johnson_2026-05-18_Q1_custom_Why_ECE_mic.wav
2026-05-18 13:37:19,960 INFO faster_whisper Processing audio with duration 01:38.302
2026-05-18 13:37:20,358 INFO faster_whisper VAD filter removed 00:27.376 of audio
2026-05-18 13:37:27,618 INFO interview_audio_recorder Transcribed Candidate_LaPrisha_Johnson_2026-05-18_Q1_custom_Why_ECE_sys.wav for speaker=CANDIDATE in 7.80s (10 kept segments, min_start=0.00)
2026-05-18 13:37:27,620 INFO interview_audio_recorder Full transcription completed for base_name=Candidate_LaPrisha_Johnson_2026-05-18_Q1_custom_Why_ECE with 10 segments in 25.47s
2026-05-18 13:37:27,634 INFO interview_app.transcription_queue transcription_job_completed
2026-05-18 13:37:27,634 INFO interview_app.transcription_queue transcription_job_completed
2026-05-18 13:37:27,635 INFO __main__ transcription_job_state_changed
2026-05-18 13:37:32,527 INFO interview_app.transcription_queue transcription_job_queued
2026-05-18 13:37:32,527 INFO __main__ transcription_job_state_changed
2026-05-18 13:37:32,528 INFO interview_app.transcription_queue transcription_job_started
2026-05-18 13:37:32,529 INFO __main__ transcription_job_state_changed
2026-05-18 13:37:32,623 INFO interview_app.transcription_queue transcription_job_started
2026-05-18 13:37:32,624 WARNING interview_audio_recorder Audio file missing, skipping transcription: C:\Users\Dnord\Dropbox\David LPL work\Initial Teacher Interview Guide\interviews\Candidate_LaPrisha_Johnson_2026-05-18_Q2_custom_Why_LPL_mic.wav
2026-05-18 13:37:32,709 INFO faster_whisper Processing audio with duration 00:24.574
2026-05-18 13:37:32,746 INFO faster_whisper VAD filter removed 00:05.648 of audio
2026-05-18 13:37:33,791 INFO interview_audio_recorder Transcribed Candidate_LaPrisha_Johnson_2026-05-18_Q2_custom_Why_LPL_sys.wav for speaker=CANDIDATE in 1.17s (1 kept segments, min_start=0.00)
2026-05-18 13:37:33,791 INFO interview_audio_recorder Full transcription completed for base_name=Candidate_LaPrisha_Johnson_2026-05-18_Q2_custom_Why_LPL with 1 segments in 1.17s
2026-05-18 13:37:33,803 INFO interview_app.transcription_queue transcription_job_completed
2026-05-18 13:37:33,803 INFO interview_app.transcription_queue transcription_job_completed
2026-05-18 13:37:33,803 INFO __main__ transcription_job_state_changed
2026-05-18 13:39:58,409 INFO interview_app.transcription_queue transcription_job_queued
2026-05-18 13:39:58,409 INFO __main__ transcription_job_state_changed
2026-05-18 13:39:58,409 INFO interview_app.transcription_queue transcription_job_started
2026-05-18 13:39:58,411 INFO __main__ transcription_job_state_changed
2026-05-18 13:39:58,543 INFO interview_app.transcription_queue transcription_job_started
2026-05-18 13:39:58,544 WARNING interview_audio_recorder Audio file missing, skipping transcription: C:\Users\Dnord\Dropbox\David LPL work\Initial Teacher Interview Guide\interviews\Candidate_LaPrisha_Johnson_2026-05-18_Q3_trait_trait_1_mic.wav
2026-05-18 13:39:58,651 INFO faster_whisper Processing audio with duration 02:19.262
2026-05-18 13:39:58,846 INFO faster_whisper VAD filter removed 00:14.544 of audio
2026-05-18 13:40:12,502 INFO interview_audio_recorder Transcribed Candidate_LaPrisha_Johnson_2026-05-18_Q3_trait_trait_1_sys.wav for speaker=CANDIDATE in 13.96s (22 kept segments, min_start=0.00)
2026-05-18 13:40:12,503 INFO interview_audio_recorder Full transcription completed for base_name=Candidate_LaPrisha_Johnson_2026-05-18_Q3_trait_trait_1 with 22 segments in 13.96s
2026-05-18 13:40:12,519 INFO interview_app.transcription_queue transcription_job_completed
2026-05-18 13:40:12,520 INFO interview_app.transcription_queue transcription_job_completed
2026-05-18 13:40:12,520 INFO __main__ transcription_job_state_changed
2026-05-18 13:41:23,809 INFO interview_app.transcription_queue transcription_job_queued
2026-05-18 13:41:23,811 INFO __main__ transcription_job_state_changed
2026-05-18 13:41:23,812 INFO interview_app.transcription_queue transcription_job_started
2026-05-18 13:41:23,812 INFO __main__ transcription_job_state_changed
2026-05-18 13:41:23,941 INFO interview_app.transcription_queue transcription_job_started
2026-05-18 13:41:23,943 WARNING interview_audio_recorder Audio file missing, skipping transcription: C:\Users\Dnord\Dropbox\David LPL work\Initial Teacher Interview Guide\interviews\Candidate_LaPrisha_Johnson_2026-05-18_Q4_trait_trait_2_mic.wav
2026-05-18 13:41:24,032 INFO faster_whisper Processing audio with duration 01:21.918
2026-05-18 13:41:24,198 INFO faster_whisper VAD filter removed 00:23.006 of audio
2026-05-18 13:41:27,925 INFO interview_audio_recorder Transcribed Candidate_LaPrisha_Johnson_2026-05-18_Q4_trait_trait_2_sys.wav for speaker=CANDIDATE in 3.98s (5 kept segments, min_start=0.00)
2026-05-18 13:41:27,926 INFO interview_audio_recorder Full transcription completed for base_name=Candidate_LaPrisha_Johnson_2026-05-18_Q4_trait_trait_2 with 5 segments in 3.98s
2026-05-18 13:41:27,951 INFO interview_app.transcription_queue transcription_job_completed
2026-05-18 13:41:27,951 INFO interview_app.transcription_queue transcription_job_completed
2026-05-18 13:41:27,952 INFO __main__ transcription_job_state_changed
2026-05-18 13:42:45,644 INFO interview_app.transcription_queue transcription_job_queued
2026-05-18 13:42:45,645 INFO __main__ transcription_job_state_changed
2026-05-18 13:42:45,646 INFO interview_app.transcription_queue transcription_job_started
2026-05-18 13:42:45,647 INFO __main__ transcription_job_state_changed
2026-05-18 13:42:45,769 INFO interview_app.transcription_queue transcription_job_started
2026-05-18 13:42:45,772 WARNING interview_audio_recorder Audio file missing, skipping transcription: C:\Users\Dnord\Dropbox\David LPL work\Initial Teacher Interview Guide\interviews\Candidate_LaPrisha_Johnson_2026-05-18_Q5_trait_trait_3_mic.wav
2026-05-18 13:42:45,877 INFO faster_whisper Processing audio with duration 01:13.726
2026-05-18 13:42:46,008 INFO faster_whisper VAD filter removed 00:18.512 of audio
2026-05-18 13:42:49,916 INFO interview_audio_recorder Transcribed Candidate_LaPrisha_Johnson_2026-05-18_Q5_trait_trait_3_sys.wav for speaker=CANDIDATE in 4.14s (9 kept segments, min_start=0.00)
2026-05-18 13:42:49,918 INFO interview_audio_recorder Full transcription completed for base_name=Candidate_LaPrisha_Johnson_2026-05-18_Q5_trait_trait_3 with 9 segments in 4.15s
2026-05-18 13:42:49,928 INFO interview_app.transcription_queue transcription_job_completed
2026-05-18 13:42:49,929 INFO interview_app.transcription_queue transcription_job_completed
2026-05-18 13:42:49,929 INFO __main__ transcription_job_state_changed
2026-05-18 13:44:53,088 INFO interview_app.transcription_queue transcription_job_queued
2026-05-18 13:44:53,088 INFO __main__ transcription_job_state_changed
2026-05-18 13:44:53,089 INFO interview_app.transcription_queue transcription_job_started
2026-05-18 13:44:53,089 INFO __main__ transcription_job_state_changed
2026-05-18 13:44:53,193 INFO interview_app.transcription_queue transcription_job_started
2026-05-18 13:44:53,195 WARNING interview_audio_recorder Audio file missing, skipping transcription: C:\Users\Dnord\Dropbox\David LPL work\Initial Teacher Interview Guide\interviews\Candidate_LaPrisha_Johnson_2026-05-18_Q6_trait_trait_4_mic.wav
2026-05-18 13:44:53,297 INFO faster_whisper Processing audio with duration 02:02.878
2026-05-18 13:44:53,500 INFO faster_whisper VAD filter removed 00:15.440 of audio
2026-05-18 13:44:59,062 INFO interview_audio_recorder Transcribed Candidate_LaPrisha_Johnson_2026-05-18_Q6_trait_trait_4_sys.wav for speaker=CANDIDATE in 5.87s (22 kept segments, min_start=0.00)
2026-05-18 13:44:59,062 INFO interview_audio_recorder Full transcription completed for base_name=Candidate_LaPrisha_Johnson_2026-05-18_Q6_trait_trait_4 with 22 segments in 5.87s
2026-05-18 13:44:59,071 INFO interview_app.transcription_queue transcription_job_completed
2026-05-18 13:44:59,071 INFO interview_app.transcription_queue transcription_job_completed
2026-05-18 13:44:59,071 INFO __main__ transcription_job_state_changed
2026-05-18 13:46:15,887 INFO interview_app.transcription_queue transcription_job_queued
2026-05-18 13:46:15,887 INFO __main__ transcription_job_state_changed
2026-05-18 13:46:15,888 INFO interview_app.transcription_queue transcription_job_started
2026-05-18 13:46:15,888 INFO __main__ transcription_job_state_changed
2026-05-18 13:46:16,022 INFO interview_app.transcription_queue transcription_job_started
2026-05-18 13:46:16,024 WARNING interview_audio_recorder Audio file missing, skipping transcription: C:\Users\Dnord\Dropbox\David LPL work\Initial Teacher Interview Guide\interviews\Candidate_LaPrisha_Johnson_2026-05-18_Q7_trait_trait_5_mic.wav
2026-05-18 13:46:16,114 INFO faster_whisper Processing audio with duration 01:13.726
2026-05-18 13:46:16,214 INFO faster_whisper VAD filter removed 00:28.990 of audio
2026-05-18 13:46:18,898 INFO interview_audio_recorder Transcribed Candidate_LaPrisha_Johnson_2026-05-18_Q7_trait_trait_5_sys.wav for speaker=CANDIDATE in 2.87s (11 kept segments, min_start=0.00)
2026-05-18 13:46:18,898 INFO interview_audio_recorder Full transcription completed for base_name=Candidate_LaPrisha_Johnson_2026-05-18_Q7_trait_trait_5 with 11 segments in 2.87s
2026-05-18 13:46:18,906 INFO interview_app.transcription_queue transcription_job_completed
2026-05-18 13:46:18,906 INFO interview_app.transcription_queue transcription_job_completed
2026-05-18 13:46:18,906 INFO __main__ transcription_job_state_changed
2026-05-18 13:48:02,632 INFO interview_app.transcription_queue transcription_job_queued
2026-05-18 13:48:02,634 INFO __main__ transcription_job_state_changed
2026-05-18 13:48:02,634 INFO interview_app.transcription_queue transcription_job_started
2026-05-18 13:48:02,634 INFO __main__ transcription_job_state_changed
2026-05-18 13:48:02,782 INFO interview_app.transcription_queue transcription_job_started
2026-05-18 13:48:02,784 WARNING interview_audio_recorder Audio file missing, skipping transcription: C:\Users\Dnord\Dropbox\David LPL work\Initial Teacher Interview Guide\interviews\Candidate_LaPrisha_Johnson_2026-05-18_Q8_trait_trait_6_mic.wav
2026-05-18 13:48:02,883 INFO faster_whisper Processing audio with duration 01:38.302
2026-05-18 13:48:03,011 INFO faster_whisper VAD filter removed 00:30.672 of audio
2026-05-18 13:48:07,177 INFO interview_audio_recorder Transcribed Candidate_LaPrisha_Johnson_2026-05-18_Q8_trait_trait_6_sys.wav for speaker=CANDIDATE in 4.39s (10 kept segments, min_start=0.00)
2026-05-18 13:48:07,177 INFO interview_audio_recorder Full transcription completed for base_name=Candidate_LaPrisha_Johnson_2026-05-18_Q8_trait_trait_6 with 10 segments in 4.39s
2026-05-18 13:48:07,185 INFO interview_app.transcription_queue transcription_job_completed
2026-05-18 13:48:07,186 INFO interview_app.transcription_queue transcription_job_completed
2026-05-18 13:48:07,186 INFO __main__ transcription_job_state_changed
2026-05-18 13:48:34,798 INFO interview_app.transcription_queue transcription_job_queued
2026-05-18 13:48:34,800 INFO __main__ transcription_job_state_changed
2026-05-18 13:48:34,801 INFO interview_app.transcription_queue transcription_job_started
2026-05-18 13:48:34,801 INFO __main__ transcription_job_state_changed
2026-05-18 13:48:34,941 INFO interview_app.transcription_queue transcription_job_started
2026-05-18 13:48:34,943 WARNING interview_audio_recorder Audio file missing, skipping transcription: C:\Users\Dnord\Dropbox\David LPL work\Initial Teacher Interview Guide\interviews\Candidate_LaPrisha_Johnson_2026-05-18_Q9_trait_trait_7_mic.wav
2026-05-18 13:48:35,027 INFO faster_whisper Processing audio with duration 00:24.574
2026-05-18 13:48:35,058 INFO faster_whisper VAD filter removed 00:13.104 of audio
2026-05-18 13:48:35,880 INFO interview_audio_recorder Transcribed Candidate_LaPrisha_Johnson_2026-05-18_Q9_trait_trait_7_sys.wav for speaker=CANDIDATE in 0.94s (2 kept segments, min_start=0.00)
2026-05-18 13:48:35,880 INFO interview_audio_recorder Full transcription completed for base_name=Candidate_LaPrisha_Johnson_2026-05-18_Q9_trait_trait_7 with 2 segments in 0.94s
2026-05-18 13:48:35,892 INFO interview_app.transcription_queue transcription_job_completed
2026-05-18 13:48:35,892 INFO interview_app.transcription_queue transcription_job_completed
2026-05-18 13:48:35,892 INFO __main__ transcription_job_state_changed
2026-05-18 13:48:45,264 INFO interview_app.transcription_queue transcription_job_queued
2026-05-18 13:48:45,264 INFO __main__ transcription_job_state_changed
2026-05-18 13:48:45,264 INFO interview_app.transcription_queue transcription_job_started
2026-05-18 13:48:45,265 INFO __main__ transcription_job_state_changed
2026-05-18 13:48:45,316 INFO interview_app.transcription_queue transcription_job_started
2026-05-18 13:48:45,322 ERROR interview_audio_recorder stop_and_transcribe_failed
Traceback (most recent call last):
  File "C:\Users\Dnord\Dropbox\David LPL work\Initial Teacher Interview Guide\src\interview_audio_recorder.py", line 264, in stop_and_transcribe
    _ensure_at_least_one_audio_track({"mic": self.mic_wav, "system": self.sys_wav})
  File "C:\Users\Dnord\Dropbox\David LPL work\Initial Teacher Interview Guide\src\interview_audio_recorder.py", line 680, in _ensure_at_least_one_audio_track
    raise RuntimeError(f"No transcribable audio tracks were found: {details}")
RuntimeError: No transcribable audio tracks were found: mic audio file is missing: C:\Users\Dnord\Dropbox\David LPL work\Initial Teacher Interview Guide\interviews\Candidate_LaPrisha_Johnson_2026-05-18_Q12_custom_FT_or_PT_mic.wav; system audio file is empty: C:\Users\Dnord\Dropbox\David LPL work\Initial Teacher Interview Guide\interviews\Candidate_LaPrisha_Johnson_2026-05-18_Q12_custom_FT_or_PT_sys.wav
2026-05-18 13:48:45,324 INFO interview_app.transcription_queue transcription_job_failed
2026-05-18 13:48:45,324 INFO interview_app.transcription_queue transcription_job_failed
2026-05-18 13:48:45,324 INFO __main__ transcription_job_state_changed
2026-05-18 13:48:54,705 INFO interview_app.transcription_queue transcription_job_queued
2026-05-18 13:48:54,705 INFO __main__ transcription_job_state_changed
2026-05-18 13:48:54,706 INFO interview_app.transcription_queue transcription_job_started
2026-05-18 13:48:54,707 INFO __main__ transcription_job_state_changed
2026-05-18 13:48:54,763 INFO interview_app.transcription_queue transcription_job_started
2026-05-18 13:48:54,765 WARNING interview_audio_recorder Audio file missing, skipping transcription: C:\Users\Dnord\Dropbox\David LPL work\Initial Teacher Interview Guide\interviews\Candidate_LaPrisha_Johnson_2026-05-18_Q13_custom_Not_Avail_mic.wav
2026-05-18 13:48:54,850 INFO faster_whisper Processing audio with duration 00:08.190
2026-05-18 13:48:54,861 INFO faster_whisper VAD filter removed 00:05.904 of audio
2026-05-18 13:48:55,450 INFO interview_audio_recorder Transcribed Candidate_LaPrisha_Johnson_2026-05-18_Q13_custom_Not_Avail_sys.wav for speaker=CANDIDATE in 0.68s (1 kept segments, min_start=0.00)
2026-05-18 13:48:55,450 INFO interview_audio_recorder Full transcription completed for base_name=Candidate_LaPrisha_Johnson_2026-05-18_Q13_custom_Not_Avail with 1 segments in 0.69s
2026-05-18 13:48:55,461 INFO interview_app.transcription_queue transcription_job_completed
2026-05-18 13:48:55,461 INFO interview_app.transcription_queue transcription_job_completed
2026-05-18 13:48:55,463 INFO __main__ transcription_job_state_changed
2026-05-18 13:49:20,311 INFO interview_app.transcription_queue transcription_job_queued
2026-05-18 13:49:20,312 INFO __main__ transcription_job_state_changed
2026-05-18 13:49:20,312 INFO interview_app.transcription_queue transcription_job_started
2026-05-18 13:49:20,312 INFO __main__ transcription_job_state_changed
2026-05-18 13:49:20,371 INFO interview_app.transcription_queue transcription_job_started
2026-05-18 13:49:20,373 WARNING interview_audio_recorder Audio file missing, skipping transcription: C:\Users\Dnord\Dropbox\David LPL work\Initial Teacher Interview Guide\interviews\Candidate_LaPrisha_Johnson_2026-05-18_Q14_custom_Pay_mic.wav
2026-05-18 13:49:20,457 INFO faster_whisper Processing audio with duration 00:24.574
2026-05-18 13:49:20,488 INFO faster_whisper VAD filter removed 00:12.318 of audio
2026-05-18 13:49:21,603 INFO interview_audio_recorder Transcribed Candidate_LaPrisha_Johnson_2026-05-18_Q14_custom_Pay_sys.wav for speaker=CANDIDATE in 1.23s (3 kept segments, min_start=0.00)
2026-05-18 13:49:21,604 INFO interview_audio_recorder Full transcription completed for base_name=Candidate_LaPrisha_Johnson_2026-05-18_Q14_custom_Pay with 3 segments in 1.23s
2026-05-18 13:49:21,613 INFO interview_app.transcription_queue transcription_job_completed
2026-05-18 13:49:21,613 INFO interview_app.transcription_queue transcription_job_completed
2026-05-18 13:49:21,614 INFO __main__ transcription_job_state_changed
2026-05-18 13:49:28,429 INFO interview_app.transcription_queue transcription_job_queued
2026-05-18 13:49:28,430 INFO __main__ transcription_job_state_changed
2026-05-18 13:49:28,430 INFO interview_app.transcription_queue transcription_job_started
2026-05-18 13:49:28,431 INFO __main__ transcription_job_state_changed
2026-05-18 13:49:28,446 WARNING __main__ transcription_health_failed
2026-05-18 13:49:28,448 INFO interview_app.transcription_queue transcription_job_started
2026-05-18 13:49:28,454 ERROR interview_audio_recorder stop_and_transcribe_failed
Traceback (most recent call last):
  File "C:\Users\Dnord\Dropbox\David LPL work\Initial Teacher Interview Guide\src\interview_audio_recorder.py", line 264, in stop_and_transcribe
    _ensure_at_least_one_audio_track({"mic": self.mic_wav, "system": self.sys_wav})
  File "C:\Users\Dnord\Dropbox\David LPL work\Initial Teacher Interview Guide\src\interview_audio_recorder.py", line 680, in _ensure_at_least_one_audio_track
    raise RuntimeError(f"No transcribable audio tracks were found: {details}")
RuntimeError: No transcribable audio tracks were found: mic audio file is missing: C:\Users\Dnord\Dropbox\David LPL work\Initial Teacher Interview Guide\interviews\Candidate_LaPrisha_Johnson_2026-05-18_Q15_custom_Start_mic.wav; system audio file is empty: C:\Users\Dnord\Dropbox\David LPL work\Initial Teacher Interview Guide\interviews\Candidate_LaPrisha_Johnson_2026-05-18_Q15_custom_Start_sys.wav
2026-05-18 13:49:28,456 INFO interview_app.transcription_queue transcription_job_failed
2026-05-18 13:49:28,456 INFO interview_app.transcription_queue transcription_job_failed
2026-05-18 13:49:28,456 INFO __main__ transcription_job_state_changed
2026-05-18 16:22:11,924 INFO runtime_wrapper runtime_wrapper_exit
2026-05-19 09:31:40,808 INFO runtime_wrapper runtime_wrapper_start
2026-05-19 09:31:41,057 INFO app_logging app_logging_initialized
2026-05-19 09:34:56,107 INFO interview_app.transcription_queue transcription_job_queued
2026-05-19 09:34:56,107 INFO __main__ transcription_job_state_changed
2026-05-19 09:34:56,110 INFO interview_app.transcription_queue transcription_job_started
2026-05-19 09:34:56,110 INFO __main__ transcription_job_state_changed
2026-05-19 09:34:56,191 INFO interview_app.transcription_queue transcription_job_started
2026-05-19 09:35:01,112 INFO httpx HTTP Request: GET https://huggingface.co/api/models/Systran/faster-whisper-large-v3/revision/main "HTTP/1.1 200 OK"
2026-05-19 09:35:05,759 INFO interview_audio_recorder Initialized Whisper model cache for model=large-v3 device=cuda compute_type=float16 in 5.65s
2026-05-19 09:35:05,761 WARNING interview_audio_recorder Audio file missing, skipping transcription: C:\Users\Dnord\Dropbox\David LPL work\Initial Teacher Interview Guide\interviews\Candidate_Emory_Pernell_2026-05-19_Q1_custom_Why_ECE_mic.wav
2026-05-19 09:35:05,867 INFO faster_whisper Processing audio with duration 00:57.342
2026-05-19 09:35:06,099 INFO faster_whisper VAD filter removed 00:05.488 of audio
2026-05-19 09:35:10,276 INFO interview_audio_recorder Transcribed Candidate_Emory_Pernell_2026-05-19_Q1_custom_Why_ECE_sys.wav for speaker=CANDIDATE in 4.51s (5 kept segments, min_start=0.00)
2026-05-19 09:35:10,277 INFO interview_audio_recorder Full transcription completed for base_name=Candidate_Emory_Pernell_2026-05-19_Q1_custom_Why_ECE with 5 segments in 14.09s
2026-05-19 09:35:10,291 INFO interview_app.transcription_queue transcription_job_completed
2026-05-19 09:35:10,292 INFO interview_app.transcription_queue transcription_job_completed
2026-05-19 09:35:10,292 INFO __main__ transcription_job_state_changed
2026-05-19 09:36:49,685 INFO interview_app.transcription_queue transcription_job_queued
2026-05-19 09:36:49,686 INFO __main__ transcription_job_state_changed
2026-05-19 09:36:49,686 INFO interview_app.transcription_queue transcription_job_started
2026-05-19 09:36:49,687 INFO __main__ transcription_job_state_changed
2026-05-19 09:36:49,758 INFO interview_app.transcription_queue transcription_job_started
2026-05-19 09:36:49,761 WARNING interview_audio_recorder Audio file missing, skipping transcription: C:\Users\Dnord\Dropbox\David LPL work\Initial Teacher Interview Guide\interviews\Candidate_Emory_Pernell_2026-05-19_Q2_custom_Why_LPL_mic.wav
2026-05-19 09:36:49,880 INFO faster_whisper Processing audio with duration 01:46.494
2026-05-19 09:36:50,183 INFO faster_whisper VAD filter removed 00:09.392 of audio
2026-05-19 09:36:57,666 INFO interview_audio_recorder Transcribed Candidate_Emory_Pernell_2026-05-19_Q2_custom_Why_LPL_sys.wav for speaker=CANDIDATE in 7.90s (10 kept segments, min_start=0.00)
2026-05-19 09:36:57,667 INFO interview_audio_recorder Full transcription completed for base_name=Candidate_Emory_Pernell_2026-05-19_Q2_custom_Why_LPL with 10 segments in 7.91s
2026-05-19 09:36:57,681 INFO interview_app.transcription_queue transcription_job_completed
2026-05-19 09:36:57,681 INFO interview_app.transcription_queue transcription_job_completed
2026-05-19 09:36:57,681 INFO __main__ transcription_job_state_changed
2026-05-19 09:38:45,577 INFO interview_app.transcription_queue transcription_job_queued
2026-05-19 09:38:45,579 INFO __main__ transcription_job_state_changed
2026-05-19 09:38:45,579 INFO interview_app.transcription_queue transcription_job_started
2026-05-19 09:38:45,579 INFO __main__ transcription_job_state_changed
2026-05-19 09:38:45,715 INFO interview_app.transcription_queue transcription_job_started
2026-05-19 09:38:45,716 WARNING interview_audio_recorder Audio file missing, skipping transcription: C:\Users\Dnord\Dropbox\David LPL work\Initial Teacher Interview Guide\interviews\Candidate_Emory_Pernell_2026-05-19_Q3_trait_trait_1_mic.wav
2026-05-19 09:38:45,818 INFO faster_whisper Processing audio with duration 01:46.494
2026-05-19 09:38:45,960 INFO faster_whisper VAD filter removed 00:09.680 of audio
2026-05-19 09:38:53,932 INFO interview_audio_recorder Transcribed Candidate_Emory_Pernell_2026-05-19_Q3_trait_trait_1_sys.wav for speaker=CANDIDATE in 8.21s (5 kept segments, min_start=0.00)
2026-05-19 09:38:53,932 INFO interview_audio_recorder Full transcription completed for base_name=Candidate_Emory_Pernell_2026-05-19_Q3_trait_trait_1 with 5 segments in 8.22s
2026-05-19 09:38:53,946 INFO interview_app.transcription_queue transcription_job_completed
2026-05-19 09:38:53,947 INFO interview_app.transcription_queue transcription_job_completed
2026-05-19 09:38:53,947 INFO __main__ transcription_job_state_changed
2026-05-19 09:39:53,574 INFO interview_app.transcription_queue transcription_job_queued
2026-05-19 09:39:53,575 INFO __main__ transcription_job_state_changed
2026-05-19 09:39:53,575 INFO interview_app.transcription_queue transcription_job_started
2026-05-19 09:39:53,575 INFO __main__ transcription_job_state_changed
2026-05-19 09:39:53,705 INFO interview_app.transcription_queue transcription_job_started
2026-05-19 09:39:53,706 WARNING interview_audio_recorder Audio file missing, skipping transcription: C:\Users\Dnord\Dropbox\David LPL work\Initial Teacher Interview Guide\interviews\Candidate_Emory_Pernell_2026-05-19_Q4_trait_trait_2_mic.wav
2026-05-19 09:39:53,801 INFO faster_whisper Processing audio with duration 01:05.534
2026-05-19 09:39:53,904 INFO faster_whisper VAD filter removed 00:11.280 of audio
2026-05-19 09:39:58,663 INFO interview_audio_recorder Transcribed Candidate_Emory_Pernell_2026-05-19_Q4_trait_trait_2_sys.wav for speaker=CANDIDATE in 4.96s (11 kept segments, min_start=0.00)
2026-05-19 09:39:58,663 INFO interview_audio_recorder Full transcription completed for base_name=Candidate_Emory_Pernell_2026-05-19_Q4_trait_trait_2 with 11 segments in 4.96s
2026-05-19 09:39:58,676 INFO interview_app.transcription_queue transcription_job_completed
2026-05-19 09:39:58,677 INFO interview_app.transcription_queue transcription_job_completed
2026-05-19 09:39:58,677 INFO __main__ transcription_job_state_changed
2026-05-19 09:40:52,223 INFO interview_app.transcription_queue transcription_job_queued
2026-05-19 09:40:52,224 INFO __main__ transcription_job_state_changed
2026-05-19 09:40:52,224 INFO interview_app.transcription_queue transcription_job_started
2026-05-19 09:40:52,224 INFO __main__ transcription_job_state_changed
2026-05-19 09:40:52,367 INFO interview_app.transcription_queue transcription_job_started
2026-05-19 09:40:52,369 WARNING interview_audio_recorder Audio file missing, skipping transcription: C:\Users\Dnord\Dropbox\David LPL work\Initial Teacher Interview Guide\interviews\Candidate_Emory_Pernell_2026-05-19_Q10_trait_trait_10_mic.wav
2026-05-19 09:40:52,456 INFO faster_whisper Processing audio with duration 00:49.150
2026-05-19 09:40:52,526 INFO faster_whisper VAD filter removed 00:06.000 of audio
2026-05-19 09:40:55,811 INFO interview_audio_recorder Transcribed Candidate_Emory_Pernell_2026-05-19_Q10_trait_trait_10_sys.wav for speaker=CANDIDATE in 3.44s (2 kept segments, min_start=0.00)
2026-05-19 09:40:55,813 INFO interview_audio_recorder Full transcription completed for base_name=Candidate_Emory_Pernell_2026-05-19_Q10_trait_trait_10 with 2 segments in 3.44s
2026-05-19 09:40:55,838 INFO interview_app.transcription_queue transcription_job_completed
2026-05-19 09:40:55,839 INFO interview_app.transcription_queue transcription_job_completed
2026-05-19 09:40:55,841 INFO __main__ transcription_job_state_changed
2026-05-19 09:41:22,627 INFO interview_app.transcription_queue transcription_job_queued
2026-05-19 09:41:22,627 INFO __main__ transcription_job_state_changed
2026-05-19 09:41:22,628 INFO interview_app.transcription_queue transcription_job_started
2026-05-19 09:41:22,629 INFO __main__ transcription_job_state_changed
2026-05-19 09:41:22,684 INFO interview_app.transcription_queue transcription_job_started
2026-05-19 09:41:22,686 WARNING interview_audio_recorder Audio file missing, skipping transcription: C:\Users\Dnord\Dropbox\David LPL work\Initial Teacher Interview Guide\interviews\Candidate_Emory_Pernell_2026-05-19_Q12_custom_FT_or_PT_mic.wav
2026-05-19 09:41:22,764 INFO faster_whisper Processing audio with duration 00:16.382
2026-05-19 09:41:22,790 INFO faster_whisper VAD filter removed 00:02.958 of audio
2026-05-19 09:41:23,795 INFO interview_audio_recorder Transcribed Candidate_Emory_Pernell_2026-05-19_Q12_custom_FT_or_PT_sys.wav for speaker=CANDIDATE in 1.11s (2 kept segments, min_start=0.00)
2026-05-19 09:41:23,795 INFO interview_audio_recorder Full transcription completed for base_name=Candidate_Emory_Pernell_2026-05-19_Q12_custom_FT_or_PT with 2 segments in 1.11s
2026-05-19 09:41:23,809 INFO interview_app.transcription_queue transcription_job_completed
2026-05-19 09:41:23,810 INFO interview_app.transcription_queue transcription_job_completed
2026-05-19 09:41:23,811 INFO __main__ transcription_job_state_changed
2026-05-19 09:42:01,465 INFO interview_app.transcription_queue transcription_job_queued
2026-05-19 09:42:01,465 INFO __main__ transcription_job_state_changed
2026-05-19 09:42:01,465 INFO interview_app.transcription_queue transcription_job_started
2026-05-19 09:42:01,467 INFO __main__ transcription_job_state_changed
2026-05-19 09:42:01,514 INFO interview_app.transcription_queue transcription_job_started
2026-05-19 09:42:01,515 WARNING interview_audio_recorder Audio file missing, skipping transcription: C:\Users\Dnord\Dropbox\David LPL work\Initial Teacher Interview Guide\interviews\Candidate_Emory_Pernell_2026-05-19_Q13_custom_Not_Avail_mic.wav
2026-05-19 09:42:01,600 INFO faster_whisper Processing audio with duration 00:32.766
2026-05-19 09:42:01,649 INFO faster_whisper VAD filter removed 00:16.848 of audio
2026-05-19 09:42:03,271 INFO interview_audio_recorder Transcribed Candidate_Emory_Pernell_2026-05-19_Q13_custom_Not_Avail_sys.wav for speaker=CANDIDATE in 1.75s (2 kept segments, min_start=0.00)
2026-05-19 09:42:03,271 INFO interview_audio_recorder Full transcription completed for base_name=Candidate_Emory_Pernell_2026-05-19_Q13_custom_Not_Avail with 2 segments in 1.76s
2026-05-19 09:42:03,285 INFO interview_app.transcription_queue transcription_job_completed
2026-05-19 09:42:03,285 INFO interview_app.transcription_queue transcription_job_completed
2026-05-19 09:42:03,285 INFO __main__ transcription_job_state_changed
2026-05-19 09:42:34,091 INFO interview_app.transcription_queue transcription_job_queued
2026-05-19 09:42:34,091 INFO __main__ transcription_job_state_changed
2026-05-19 09:42:34,091 INFO interview_app.transcription_queue transcription_job_started
2026-05-19 09:42:34,092 INFO __main__ transcription_job_state_changed
2026-05-19 09:42:34,154 INFO interview_app.transcription_queue transcription_job_started
2026-05-19 09:42:34,156 WARNING interview_audio_recorder Audio file missing, skipping transcription: C:\Users\Dnord\Dropbox\David LPL work\Initial Teacher Interview Guide\interviews\Candidate_Emory_Pernell_2026-05-19_Q14_custom_Pay_mic.wav
2026-05-19 09:42:34,237 INFO faster_whisper Processing audio with duration 00:24.574
2026-05-19 09:42:34,275 INFO faster_whisper VAD filter removed 00:00.000 of audio
2026-05-19 09:42:36,646 INFO interview_audio_recorder Transcribed Candidate_Emory_Pernell_2026-05-19_Q14_custom_Pay_sys.wav for speaker=CANDIDATE in 2.49s (6 kept segments, min_start=0.00)
2026-05-19 09:42:36,647 INFO interview_audio_recorder Full transcription completed for base_name=Candidate_Emory_Pernell_2026-05-19_Q14_custom_Pay with 6 segments in 2.49s
2026-05-19 09:42:36,666 INFO interview_app.transcription_queue transcription_job_completed
2026-05-19 09:42:36,667 INFO interview_app.transcription_queue transcription_job_completed
2026-05-19 09:42:36,667 INFO __main__ transcription_job_state_changed
2026-05-19 09:42:54,908 INFO interview_app.transcription_queue transcription_job_queued
2026-05-19 09:42:54,908 INFO __main__ transcription_job_state_changed
2026-05-19 09:42:54,909 INFO interview_app.transcription_queue transcription_job_started
2026-05-19 09:42:54,909 INFO __main__ transcription_job_state_changed
2026-05-19 09:42:54,926 INFO interview_app.transcription_queue transcription_job_started
2026-05-19 09:42:54,928 WARNING interview_audio_recorder Audio file missing, skipping transcription: C:\Users\Dnord\Dropbox\David LPL work\Initial Teacher Interview Guide\interviews\Candidate_Emory_Pernell_2026-05-19_Q15_custom_Start_mic.wav
2026-05-19 09:42:55,012 INFO faster_whisper Processing audio with duration 00:16.382
2026-05-19 09:42:55,035 INFO faster_whisper VAD filter removed 00:09.584 of audio
2026-05-19 09:42:55,797 INFO interview_audio_recorder Transcribed Candidate_Emory_Pernell_2026-05-19_Q15_custom_Start_sys.wav for speaker=CANDIDATE in 0.87s (2 kept segments, min_start=0.00)
2026-05-19 09:42:55,798 INFO interview_audio_recorder Full transcription completed for base_name=Candidate_Emory_Pernell_2026-05-19_Q15_custom_Start with 2 segments in 0.87s
2026-05-19 09:42:55,809 INFO interview_app.transcription_queue transcription_job_completed
2026-05-19 09:42:55,809 INFO interview_app.transcription_queue transcription_job_completed
2026-05-19 09:42:55,809 INFO __main__ transcription_job_state_changed
2026-05-19 14:01:44,088 INFO runtime_wrapper runtime_wrapper_start
2026-05-19 14:01:44,362 INFO app_logging app_logging_initialized
2026-05-19 14:04:55,474 INFO interview_app.transcription_queue transcription_job_queued
2026-05-19 14:04:55,475 INFO __main__ transcription_job_state_changed
2026-05-19 14:04:55,477 INFO interview_app.transcription_queue transcription_job_started
2026-05-19 14:04:55,477 INFO __main__ transcription_job_state_changed
2026-05-19 14:04:55,556 INFO interview_app.transcription_queue transcription_job_started
2026-05-19 14:05:00,408 INFO httpx HTTP Request: GET https://huggingface.co/api/models/Systran/faster-whisper-large-v3/revision/main "HTTP/1.1 200 OK"
2026-05-19 14:05:04,972 INFO interview_audio_recorder Initialized Whisper model cache for model=large-v3 device=cuda compute_type=float16 in 5.23s
2026-05-19 14:05:04,972 WARNING interview_audio_recorder Audio file missing, skipping transcription: C:\Users\Dnord\Dropbox\David LPL work\Initial Teacher Interview Guide\interviews\Candidate_Bianca_Cisneiros_Guerra_de_Araujo_2026-05-19_Q1_custom_Why_ECE_mic.wav
2026-05-19 14:05:05,075 INFO faster_whisper Processing audio with duration 00:49.150
2026-05-19 14:05:05,315 INFO faster_whisper VAD filter removed 00:14.480 of audio
2026-05-19 14:05:08,480 INFO interview_audio_recorder Transcribed Candidate_Bianca_Cisneiros_Guerra_de_Araujo_2026-05-19_Q1_custom_Why_ECE_sys.wav for speaker=CANDIDATE in 3.51s (5 kept segments, min_start=0.00)
2026-05-19 14:05:08,480 INFO interview_audio_recorder Full transcription completed for base_name=Candidate_Bianca_Cisneiros_Guerra_de_Araujo_2026-05-19_Q1_custom_Why_ECE with 5 segments in 12.92s
2026-05-19 14:05:08,490 INFO interview_app.transcription_queue transcription_job_completed
2026-05-19 14:05:08,490 INFO interview_app.transcription_queue transcription_job_completed
2026-05-19 14:05:08,491 INFO __main__ transcription_job_state_changed
2026-05-19 14:05:26,538 INFO interview_app.transcription_queue transcription_job_queued
2026-05-19 14:05:26,539 INFO __main__ transcription_job_state_changed
2026-05-19 14:05:26,539 INFO interview_app.transcription_queue transcription_job_started
2026-05-19 14:05:26,540 INFO __main__ transcription_job_state_changed
2026-05-19 14:05:26,627 INFO interview_app.transcription_queue transcription_job_started
2026-05-19 14:05:26,630 WARNING interview_audio_recorder Audio file missing, skipping transcription: C:\Users\Dnord\Dropbox\David LPL work\Initial Teacher Interview Guide\interviews\Candidate_Bianca_Cisneiros_Guerra_de_Araujo_2026-05-19_Q2_custom_Why_LPL_mic.wav
2026-05-19 14:05:26,715 INFO faster_whisper Processing audio with duration 00:24.574
2026-05-19 14:05:26,749 INFO faster_whisper VAD filter removed 00:03.952 of audio
2026-05-19 14:05:28,595 INFO interview_audio_recorder Transcribed Candidate_Bianca_Cisneiros_Guerra_de_Araujo_2026-05-19_Q2_custom_Why_LPL_sys.wav for speaker=CANDIDATE in 1.96s (4 kept segments, min_start=0.00)
2026-05-19 14:05:28,596 INFO interview_audio_recorder Full transcription completed for base_name=Candidate_Bianca_Cisneiros_Guerra_de_Araujo_2026-05-19_Q2_custom_Why_LPL with 4 segments in 1.97s
2026-05-19 14:05:28,604 INFO interview_app.transcription_queue transcription_job_completed
2026-05-19 14:05:28,605 INFO interview_app.transcription_queue transcription_job_completed
2026-05-19 14:05:28,606 INFO __main__ transcription_job_state_changed
2026-05-19 14:06:28,699 INFO interview_app.transcription_queue transcription_job_queued
2026-05-19 14:06:28,700 INFO __main__ transcription_job_state_changed
2026-05-19 14:06:28,701 INFO interview_app.transcription_queue transcription_job_started
2026-05-19 14:06:28,702 INFO __main__ transcription_job_state_changed
2026-05-19 14:06:28,829 INFO interview_app.transcription_queue transcription_job_started
2026-05-19 14:06:28,831 WARNING interview_audio_recorder Audio file missing, skipping transcription: C:\Users\Dnord\Dropbox\David LPL work\Initial Teacher Interview Guide\interviews\Candidate_Bianca_Cisneiros_Guerra_de_Araujo_2026-05-19_Q3_trait_trait_1_mic.wav
2026-05-19 14:06:28,923 INFO faster_whisper Processing audio with duration 00:57.342
2026-05-19 14:06:29,000 INFO faster_whisper VAD filter removed 00:16.670 of audio
2026-05-19 14:06:31,892 INFO interview_audio_recorder Transcribed Candidate_Bianca_Cisneiros_Guerra_de_Araujo_2026-05-19_Q3_trait_trait_1_sys.wav for speaker=CANDIDATE in 3.06s (6 kept segments, min_start=0.00)
2026-05-19 14:06:31,893 INFO interview_audio_recorder Full transcription completed for base_name=Candidate_Bianca_Cisneiros_Guerra_de_Araujo_2026-05-19_Q3_trait_trait_1 with 6 segments in 3.06s
2026-05-19 14:06:31,903 INFO interview_app.transcription_queue transcription_job_completed
2026-05-19 14:06:31,903 INFO interview_app.transcription_queue transcription_job_completed
2026-05-19 14:06:31,903 INFO __main__ transcription_job_state_changed
2026-05-19 14:07:14,734 INFO interview_app.transcription_queue transcription_job_queued
2026-05-19 14:07:14,734 INFO __main__ transcription_job_state_changed
2026-05-19 14:07:14,735 INFO interview_app.transcription_queue transcription_job_started
2026-05-19 14:07:14,736 INFO __main__ transcription_job_state_changed
2026-05-19 14:07:14,884 INFO interview_app.transcription_queue transcription_job_started
2026-05-19 14:07:14,886 WARNING interview_audio_recorder Audio file missing, skipping transcription: C:\Users\Dnord\Dropbox\David LPL work\Initial Teacher Interview Guide\interviews\Candidate_Bianca_Cisneiros_Guerra_de_Araujo_2026-05-19_Q4_trait_trait_2_mic.wav
2026-05-19 14:07:14,979 INFO faster_whisper Processing audio with duration 00:40.958
2026-05-19 14:07:15,033 INFO faster_whisper VAD filter removed 00:13.520 of audio
2026-05-19 14:07:16,716 INFO interview_audio_recorder Transcribed Candidate_Bianca_Cisneiros_Guerra_de_Araujo_2026-05-19_Q4_trait_trait_2_sys.wav for speaker=CANDIDATE in 1.83s (1 kept segments, min_start=0.00)
2026-05-19 14:07:16,716 INFO interview_audio_recorder Full transcription completed for base_name=Candidate_Bianca_Cisneiros_Guerra_de_Araujo_2026-05-19_Q4_trait_trait_2 with 1 segments in 1.83s
2026-05-19 14:07:16,728 INFO interview_app.transcription_queue transcription_job_completed
2026-05-19 14:07:16,728 INFO interview_app.transcription_queue transcription_job_completed
2026-05-19 14:07:16,729 INFO __main__ transcription_job_state_changed
2026-05-19 14:08:06,904 INFO interview_app.transcription_queue transcription_job_queued
2026-05-19 14:08:06,904 INFO __main__ transcription_job_state_changed
2026-05-19 14:08:06,906 INFO interview_app.transcription_queue transcription_job_started
2026-05-19 14:08:06,906 INFO __main__ transcription_job_state_changed
2026-05-19 14:08:07,056 INFO interview_app.transcription_queue transcription_job_started
2026-05-19 14:08:07,058 WARNING interview_audio_recorder Audio file missing, skipping transcription: C:\Users\Dnord\Dropbox\David LPL work\Initial Teacher Interview Guide\interviews\Candidate_Bianca_Cisneiros_Guerra_de_Araujo_2026-05-19_Q5_trait_trait_3_mic.wav
2026-05-19 14:08:07,151 INFO faster_whisper Processing audio with duration 00:49.150
2026-05-19 14:08:07,218 INFO faster_whisper VAD filter removed 00:17.616 of audio
2026-05-19 14:08:09,520 INFO interview_audio_recorder Transcribed Candidate_Bianca_Cisneiros_Guerra_de_Araujo_2026-05-19_Q5_trait_trait_3_sys.wav for speaker=CANDIDATE in 2.46s (6 kept segments, min_start=0.00)
2026-05-19 14:08:09,522 INFO interview_audio_recorder Full transcription completed for base_name=Candidate_Bianca_Cisneiros_Guerra_de_Araujo_2026-05-19_Q5_trait_trait_3 with 6 segments in 2.46s
2026-05-19 14:08:09,533 INFO interview_app.transcription_queue transcription_job_completed
2026-05-19 14:08:09,534 INFO interview_app.transcription_queue transcription_job_completed
2026-05-19 14:08:09,534 INFO __main__ transcription_job_state_changed
2026-05-19 14:09:23,705 INFO interview_app.transcription_queue transcription_job_queued
2026-05-19 14:09:23,706 INFO __main__ transcription_job_state_changed
2026-05-19 14:09:23,707 INFO interview_app.transcription_queue transcription_job_started
2026-05-19 14:09:23,707 INFO __main__ transcription_job_state_changed
2026-05-19 14:09:23,857 INFO interview_app.transcription_queue transcription_job_started
2026-05-19 14:09:23,858 WARNING interview_audio_recorder Audio file missing, skipping transcription: C:\Users\Dnord\Dropbox\David LPL work\Initial Teacher Interview Guide\interviews\Candidate_Bianca_Cisneiros_Guerra_de_Araujo_2026-05-19_Q6_trait_trait_4_mic.wav
2026-05-19 14:09:23,955 INFO faster_whisper Processing audio with duration 01:13.726
2026-05-19 14:09:24,064 INFO faster_whisper VAD filter removed 00:19.152 of audio
2026-05-19 14:09:27,769 INFO interview_audio_recorder Transcribed Candidate_Bianca_Cisneiros_Guerra_de_Araujo_2026-05-19_Q6_trait_trait_4_sys.wav for speaker=CANDIDATE in 3.91s (4 kept segments, min_start=0.00)
2026-05-19 14:09:27,769 INFO interview_audio_recorder Full transcription completed for base_name=Candidate_Bianca_Cisneiros_Guerra_de_Araujo_2026-05-19_Q6_trait_trait_4 with 4 segments in 3.91s
2026-05-19 14:09:27,781 INFO interview_app.transcription_queue transcription_job_completed
2026-05-19 14:09:27,781 INFO interview_app.transcription_queue transcription_job_completed
2026-05-19 14:09:27,782 INFO __main__ transcription_job_state_changed
2026-05-19 14:12:23,036 INFO interview_app.transcription_queue transcription_job_queued
2026-05-19 14:12:23,036 INFO __main__ transcription_job_state_changed
2026-05-19 14:12:23,036 INFO interview_app.transcription_queue transcription_job_started
2026-05-19 14:12:23,037 INFO __main__ transcription_job_state_changed
2026-05-19 14:12:23,190 INFO interview_app.transcription_queue transcription_job_started
2026-05-19 14:12:23,191 WARNING interview_audio_recorder Audio file missing, skipping transcription: C:\Users\Dnord\Dropbox\David LPL work\Initial Teacher Interview Guide\interviews\Candidate_Bianca_Cisneiros_Guerra_de_Araujo_2026-05-19_Q9_trait_trait_7_mic.wav
2026-05-19 14:12:23,283 INFO faster_whisper Processing audio with duration 00:32.766
2026-05-19 14:12:23,329 INFO faster_whisper VAD filter removed 00:09.712 of audio
2026-05-19 14:12:25,042 INFO interview_audio_recorder Transcribed Candidate_Bianca_Cisneiros_Guerra_de_Araujo_2026-05-19_Q9_trait_trait_7_sys.wav for speaker=CANDIDATE in 1.85s (5 kept segments, min_start=0.00)
2026-05-19 14:12:25,043 INFO interview_audio_recorder Full transcription completed for base_name=Candidate_Bianca_Cisneiros_Guerra_de_Araujo_2026-05-19_Q9_trait_trait_7 with 5 segments in 1.85s
2026-05-19 14:12:25,054 INFO interview_app.transcription_queue transcription_job_completed
2026-05-19 14:12:25,054 INFO interview_app.transcription_queue transcription_job_completed
2026-05-19 14:12:25,055 INFO __main__ transcription_job_state_changed
2026-05-19 14:13:25,273 INFO interview_app.transcription_queue transcription_job_queued
2026-05-19 14:13:25,274 INFO __main__ transcription_job_state_changed
2026-05-19 14:13:25,275 INFO interview_app.transcription_queue transcription_job_started
2026-05-19 14:13:25,275 INFO __main__ transcription_job_state_changed
2026-05-19 14:13:25,424 INFO interview_app.transcription_queue transcription_job_started
2026-05-19 14:13:25,426 WARNING interview_audio_recorder Audio file missing, skipping transcription: C:\Users\Dnord\Dropbox\David LPL work\Initial Teacher Interview Guide\interviews\Candidate_Bianca_Cisneiros_Guerra_de_Araujo_2026-05-19_Q10_trait_trait_10_mic.wav
2026-05-19 14:13:25,516 INFO faster_whisper Processing audio with duration 00:57.342
2026-05-19 14:13:25,587 INFO faster_whisper VAD filter removed 00:21.712 of audio
2026-05-19 14:13:29,106 INFO interview_audio_recorder Transcribed Candidate_Bianca_Cisneiros_Guerra_de_Araujo_2026-05-19_Q10_trait_trait_10_sys.wav for speaker=CANDIDATE in 3.68s (3 kept segments, min_start=0.00)
2026-05-19 14:13:29,107 INFO interview_audio_recorder Full transcription completed for base_name=Candidate_Bianca_Cisneiros_Guerra_de_Araujo_2026-05-19_Q10_trait_trait_10 with 3 segments in 3.68s
2026-05-19 14:13:29,117 INFO interview_app.transcription_queue transcription_job_completed
2026-05-19 14:13:29,117 INFO interview_app.transcription_queue transcription_job_completed
2026-05-19 14:13:29,117 INFO __main__ transcription_job_state_changed
2026-05-19 14:14:55,179 INFO interview_app.transcription_queue transcription_job_queued
2026-05-19 14:14:55,179 INFO __main__ transcription_job_state_changed
2026-05-19 14:14:55,180 INFO interview_app.transcription_queue transcription_job_started
2026-05-19 14:14:55,180 INFO __main__ transcription_job_state_changed
2026-05-19 14:14:55,263 INFO interview_app.transcription_queue transcription_job_started
2026-05-19 14:14:55,265 WARNING interview_audio_recorder Audio file missing, skipping transcription: C:\Users\Dnord\Dropbox\David LPL work\Initial Teacher Interview Guide\interviews\Candidate_Bianca_Cisneiros_Guerra_de_Araujo_2026-05-19_Q11_trait_trait_11_mic.wav
2026-05-19 14:14:55,371 INFO faster_whisper Processing audio with duration 01:21.918
2026-05-19 14:14:55,557 INFO faster_whisper VAD filter removed 00:27.216 of audio
2026-05-19 14:14:58,850 INFO interview_audio_recorder Transcribed Candidate_Bianca_Cisneiros_Guerra_de_Araujo_2026-05-19_Q11_trait_trait_11_sys.wav for speaker=CANDIDATE in 3.58s (9 kept segments, min_start=0.00)
2026-05-19 14:14:58,851 INFO interview_audio_recorder Full transcription completed for base_name=Candidate_Bianca_Cisneiros_Guerra_de_Araujo_2026-05-19_Q11_trait_trait_11 with 9 segments in 3.59s
2026-05-19 14:14:58,861 INFO interview_app.transcription_queue transcription_job_completed
2026-05-19 14:14:58,863 INFO interview_app.transcription_queue transcription_job_completed
2026-05-19 14:14:58,863 INFO __main__ transcription_job_state_changed
2026-05-19 14:15:01,460 INFO interview_app.transcription_queue transcription_job_queued
2026-05-19 14:15:01,460 INFO __main__ transcription_job_state_changed
2026-05-19 14:15:01,460 INFO interview_app.transcription_queue transcription_job_started
2026-05-19 14:15:01,461 INFO __main__ transcription_job_state_changed
2026-05-19 14:15:01,515 INFO interview_app.transcription_queue transcription_job_started
2026-05-19 14:15:01,520 ERROR interview_audio_recorder stop_and_transcribe_failed
Traceback (most recent call last):
  File "C:\Users\Dnord\Dropbox\David LPL work\Initial Teacher Interview Guide\src\interview_audio_recorder.py", line 264, in stop_and_transcribe
    _ensure_at_least_one_audio_track({"mic": self.mic_wav, "system": self.sys_wav})
  File "C:\Users\Dnord\Dropbox\David LPL work\Initial Teacher Interview Guide\src\interview_audio_recorder.py", line 680, in _ensure_at_least_one_audio_track
    raise RuntimeError(f"No transcribable audio tracks were found: {details}")
RuntimeError: No transcribable audio tracks were found: mic audio file is missing: C:\Users\Dnord\Dropbox\David LPL work\Initial Teacher Interview Guide\interviews\Candidate_Bianca_Cisneiros_Guerra_de_Araujo_2026-05-19_Q12_custom_FT_or_PT_mic.wav; system audio file is empty: C:\Users\Dnord\Dropbox\David LPL work\Initial Teacher Interview Guide\interviews\Candidate_Bianca_Cisneiros_Guerra_de_Araujo_2026-05-19_Q12_custom_FT_or_PT_sys.wav
2026-05-19 14:15:01,520 INFO interview_app.transcription_queue transcription_job_failed
2026-05-19 14:15:01,521 INFO interview_app.transcription_queue transcription_job_failed
2026-05-19 14:15:01,522 INFO __main__ transcription_job_state_changed
2026-05-19 14:15:09,184 INFO interview_app.transcription_queue transcription_job_queued
2026-05-19 14:15:09,184 INFO __main__ transcription_job_state_changed
2026-05-19 14:15:09,185 INFO interview_app.transcription_queue transcription_job_started
2026-05-19 14:15:09,186 INFO __main__ transcription_job_state_changed
2026-05-19 14:15:09,236 INFO interview_app.transcription_queue transcription_job_started
2026-05-19 14:15:09,243 ERROR interview_audio_recorder stop_and_transcribe_failed
Traceback (most recent call last):
  File "C:\Users\Dnord\Dropbox\David LPL work\Initial Teacher Interview Guide\src\interview_audio_recorder.py", line 264, in stop_and_transcribe
    _ensure_at_least_one_audio_track({"mic": self.mic_wav, "system": self.sys_wav})
  File "C:\Users\Dnord\Dropbox\David LPL work\Initial Teacher Interview Guide\src\interview_audio_recorder.py", line 680, in _ensure_at_least_one_audio_track
    raise RuntimeError(f"No transcribable audio tracks were found: {details}")
RuntimeError: No transcribable audio tracks were found: mic audio file is missing: C:\Users\Dnord\Dropbox\David LPL work\Initial Teacher Interview Guide\interviews\Candidate_Bianca_Cisneiros_Guerra_de_Araujo_2026-05-19_Q13_custom_Not_Avail_mic.wav; system audio file is empty: C:\Users\Dnord\Dropbox\David LPL work\Initial Teacher Interview Guide\interviews\Candidate_Bianca_Cisneiros_Guerra_de_Araujo_2026-05-19_Q13_custom_Not_Avail_sys.wav
2026-05-19 14:15:09,243 INFO interview_app.transcription_queue transcription_job_failed
2026-05-19 14:15:09,244 INFO interview_app.transcription_queue transcription_job_failed
2026-05-19 14:15:09,245 INFO __main__ transcription_job_state_changed
2026-05-19 14:15:26,523 INFO interview_app.transcription_queue transcription_job_queued
2026-05-19 14:15:26,524 INFO __main__ transcription_job_state_changed
2026-05-19 14:15:26,525 INFO interview_app.transcription_queue transcription_job_started
2026-05-19 14:15:26,526 INFO __main__ transcription_job_state_changed
2026-05-19 14:15:26,575 INFO interview_app.transcription_queue transcription_job_started
2026-05-19 14:15:26,577 WARNING interview_audio_recorder Audio file missing, skipping transcription: C:\Users\Dnord\Dropbox\David LPL work\Initial Teacher Interview Guide\interviews\Candidate_Bianca_Cisneiros_Guerra_de_Araujo_2026-05-19_Q14_custom_Pay_mic.wav
2026-05-19 14:15:26,658 INFO faster_whisper Processing audio with duration 00:08.190
2026-05-19 14:15:26,668 INFO faster_whisper VAD filter removed 00:04.670 of audio
2026-05-19 14:15:27,141 INFO interview_audio_recorder Transcribed Candidate_Bianca_Cisneiros_Guerra_de_Araujo_2026-05-19_Q14_custom_Pay_sys.wav for speaker=CANDIDATE in 0.56s (1 kept segments, min_start=0.00)
2026-05-19 14:15:27,141 INFO interview_audio_recorder Full transcription completed for base_name=Candidate_Bianca_Cisneiros_Guerra_de_Araujo_2026-05-19_Q14_custom_Pay with 1 segments in 0.56s
2026-05-19 14:15:27,153 INFO interview_app.transcription_queue transcription_job_completed
2026-05-19 14:15:27,154 INFO interview_app.transcription_queue transcription_job_completed
2026-05-19 14:15:27,154 INFO __main__ transcription_job_state_changed
2026-05-19 14:15:48,949 INFO interview_app.transcription_queue transcription_job_queued
2026-05-19 14:15:48,949 INFO __main__ transcription_job_state_changed
2026-05-19 14:15:48,950 INFO interview_app.transcription_queue transcription_job_started
2026-05-19 14:15:48,950 INFO __main__ transcription_job_state_changed
2026-05-19 14:15:48,966 WARNING __main__ transcription_health_failed
2026-05-19 14:15:48,967 INFO interview_app.transcription_queue transcription_job_started
2026-05-19 14:15:48,970 WARNING interview_audio_recorder Audio file missing, skipping transcription: C:\Users\Dnord\Dropbox\David LPL work\Initial Teacher Interview Guide\interviews\Candidate_Bianca_Cisneiros_Guerra_de_Araujo_2026-05-19_Q15_custom_Start_mic.wav
2026-05-19 14:15:49,054 INFO faster_whisper Processing audio with duration 00:16.382
2026-05-19 14:15:49,082 INFO faster_whisper VAD filter removed 00:01.392 of audio
2026-05-19 14:15:50,206 INFO interview_audio_recorder Transcribed Candidate_Bianca_Cisneiros_Guerra_de_Araujo_2026-05-19_Q15_custom_Start_sys.wav for speaker=CANDIDATE in 1.24s (2 kept segments, min_start=0.00)
2026-05-19 14:15:50,206 INFO interview_audio_recorder Full transcription completed for base_name=Candidate_Bianca_Cisneiros_Guerra_de_Araujo_2026-05-19_Q15_custom_Start with 2 segments in 1.24s
2026-05-19 14:15:50,221 INFO interview_app.transcription_queue transcription_job_completed
2026-05-19 14:15:50,221 INFO interview_app.transcription_queue transcription_job_completed
2026-05-19 14:15:50,222 INFO __main__ transcription_job_state_changed
2026-05-19 19:23:31,374 INFO runtime_wrapper runtime_wrapper_exit
2026-05-20 10:04:28,135 INFO runtime_wrapper runtime_wrapper_start
2026-05-20 10:04:28,317 INFO app_logging app_logging_initialized
2026-05-20 10:15:29,557 INFO interview_app.transcription_queue transcription_job_queued
2026-05-20 10:15:29,558 INFO __main__ transcription_job_state_changed
2026-05-20 10:15:29,558 INFO interview_app.transcription_queue transcription_job_started
2026-05-20 10:15:29,559 INFO __main__ transcription_job_state_changed
2026-05-20 10:15:29,634 INFO interview_app.transcription_queue transcription_job_started
2026-05-20 10:15:32,967 INFO httpx HTTP Request: GET https://huggingface.co/api/models/Systran/faster-whisper-large-v3/revision/main "HTTP/1.1 200 OK"
2026-05-20 10:15:37,310 INFO interview_audio_recorder Initialized Whisper model cache for model=large-v3 device=cuda compute_type=float16 in 5.12s
2026-05-20 10:15:37,312 WARNING interview_audio_recorder Audio file missing, skipping transcription: C:\Users\Dnord\Dropbox\David LPL work\Initial Teacher Interview Guide\interviews\Candidate_Kendra_Edwards_2026-05-20_Q1_custom_Why_ECE_mic.wav
2026-05-20 10:15:37,402 INFO faster_whisper Processing audio with duration 01:21.918
2026-05-20 10:15:37,587 INFO faster_whisper VAD filter removed 00:37.950 of audio
2026-05-20 10:15:41,114 INFO interview_audio_recorder Transcribed Candidate_Kendra_Edwards_2026-05-20_Q1_custom_Why_ECE_sys.wav for speaker=CANDIDATE in 3.80s (12 kept segments, min_start=0.00)
2026-05-20 10:15:41,114 INFO interview_audio_recorder Full transcription completed for base_name=Candidate_Kendra_Edwards_2026-05-20_Q1_custom_Why_ECE with 12 segments in 11.48s
2026-05-20 10:15:41,130 INFO interview_app.transcription_queue transcription_job_completed
2026-05-20 10:15:41,131 INFO interview_app.transcription_queue transcription_job_completed
2026-05-20 10:15:41,131 INFO __main__ transcription_job_state_changed
2026-05-20 10:16:25,589 INFO interview_app.transcription_queue transcription_job_queued
2026-05-20 10:16:25,590 INFO __main__ transcription_job_state_changed
2026-05-20 10:16:25,591 INFO interview_app.transcription_queue transcription_job_started
2026-05-20 10:16:25,591 INFO __main__ transcription_job_state_changed
2026-05-20 10:16:25,666 INFO interview_app.transcription_queue transcription_job_started
2026-05-20 10:16:25,668 WARNING interview_audio_recorder Audio file missing, skipping transcription: C:\Users\Dnord\Dropbox\David LPL work\Initial Teacher Interview Guide\interviews\Candidate_Kendra_Edwards_2026-05-20_Q2_custom_Why_LPL_mic.wav
2026-05-20 10:16:25,770 INFO faster_whisper Processing audio with duration 00:49.150
2026-05-20 10:16:25,841 INFO faster_whisper VAD filter removed 00:03.840 of audio
2026-05-20 10:16:29,089 INFO interview_audio_recorder Transcribed Candidate_Kendra_Edwards_2026-05-20_Q2_custom_Why_LPL_sys.wav for speaker=CANDIDATE in 3.42s (7 kept segments, min_start=0.00)
2026-05-20 10:16:29,090 INFO interview_audio_recorder Full transcription completed for base_name=Candidate_Kendra_Edwards_2026-05-20_Q2_custom_Why_LPL with 7 segments in 3.42s
2026-05-20 10:16:29,102 INFO interview_app.transcription_queue transcription_job_completed
2026-05-20 10:16:29,103 INFO interview_app.transcription_queue transcription_job_completed
2026-05-20 10:16:29,103 INFO __main__ transcription_job_state_changed
2026-05-20 10:18:09,470 INFO interview_app.transcription_queue transcription_job_queued
2026-05-20 10:18:09,471 INFO __main__ transcription_job_state_changed
2026-05-20 10:18:09,471 INFO interview_app.transcription_queue transcription_job_started
2026-05-20 10:18:09,472 INFO __main__ transcription_job_state_changed
2026-05-20 10:18:09,607 INFO interview_app.transcription_queue transcription_job_started
2026-05-20 10:18:09,609 WARNING interview_audio_recorder Audio file missing, skipping transcription: C:\Users\Dnord\Dropbox\David LPL work\Initial Teacher Interview Guide\interviews\Candidate_Kendra_Edwards_2026-05-20_Q3_trait_trait_1_mic.wav
2026-05-20 10:18:09,721 INFO faster_whisper Processing audio with duration 01:38.302
2026-05-20 10:18:09,879 INFO faster_whisper VAD filter removed 00:09.904 of audio
2026-05-20 10:18:19,751 INFO interview_audio_recorder Transcribed Candidate_Kendra_Edwards_2026-05-20_Q3_trait_trait_1_sys.wav for speaker=CANDIDATE in 10.14s (29 kept segments, min_start=0.00)
2026-05-20 10:18:19,752 INFO interview_audio_recorder Full transcription completed for base_name=Candidate_Kendra_Edwards_2026-05-20_Q3_trait_trait_1 with 29 segments in 10.14s
2026-05-20 10:18:19,773 INFO interview_app.transcription_queue transcription_job_completed
2026-05-20 10:18:19,773 INFO interview_app.transcription_queue transcription_job_completed
2026-05-20 10:18:19,774 INFO __main__ transcription_job_state_changed
2026-05-20 10:20:08,972 INFO interview_app.transcription_queue transcription_job_queued
2026-05-20 10:20:08,973 INFO __main__ transcription_job_state_changed
2026-05-20 10:20:08,973 INFO interview_app.transcription_queue transcription_job_started
2026-05-20 10:20:08,974 INFO __main__ transcription_job_state_changed
2026-05-20 10:20:09,119 INFO interview_app.transcription_queue transcription_job_started
2026-05-20 10:20:09,121 WARNING interview_audio_recorder Audio file missing, skipping transcription: C:\Users\Dnord\Dropbox\David LPL work\Initial Teacher Interview Guide\interviews\Candidate_Kendra_Edwards_2026-05-20_Q4_trait_trait_2_mic.wav
2026-05-20 10:20:09,227 INFO faster_whisper Processing audio with duration 01:54.686
2026-05-20 10:20:09,403 INFO faster_whisper VAD filter removed 00:16.560 of audio
2026-05-20 10:20:17,375 INFO interview_audio_recorder Transcribed Candidate_Kendra_Edwards_2026-05-20_Q4_trait_trait_2_sys.wav for speaker=CANDIDATE in 8.25s (20 kept segments, min_start=0.00)
2026-05-20 10:20:17,376 INFO interview_audio_recorder Full transcription completed for base_name=Candidate_Kendra_Edwards_2026-05-20_Q4_trait_trait_2 with 20 segments in 8.25s
2026-05-20 10:20:17,387 INFO interview_app.transcription_queue transcription_job_completed
2026-05-20 10:20:17,388 INFO interview_app.transcription_queue transcription_job_completed
2026-05-20 10:20:17,388 INFO __main__ transcription_job_state_changed
2026-05-20 10:23:50,341 INFO interview_app.transcription_queue transcription_job_queued
2026-05-20 10:23:50,342 INFO __main__ transcription_job_state_changed
2026-05-20 10:23:50,342 INFO interview_app.transcription_queue transcription_job_started
2026-05-20 10:23:50,343 INFO __main__ transcription_job_state_changed
2026-05-20 10:23:50,480 INFO interview_app.transcription_queue transcription_job_started
2026-05-20 10:23:50,482 WARNING interview_audio_recorder Audio file missing, skipping transcription: C:\Users\Dnord\Dropbox\David LPL work\Initial Teacher Interview Guide\interviews\Candidate_Kendra_Edwards_2026-05-20_Q5_trait_trait_3_mic.wav
2026-05-20 10:23:50,614 INFO faster_whisper Processing audio with duration 03:32.990
2026-05-20 10:23:50,918 INFO faster_whisper VAD filter removed 00:33.488 of audio
2026-05-20 10:24:13,518 INFO interview_audio_recorder Transcribed Candidate_Kendra_Edwards_2026-05-20_Q5_trait_trait_3_sys.wav for speaker=CANDIDATE in 23.04s (62 kept segments, min_start=0.00)
2026-05-20 10:24:13,518 INFO interview_audio_recorder Full transcription completed for base_name=Candidate_Kendra_Edwards_2026-05-20_Q5_trait_trait_3 with 62 segments in 23.04s
2026-05-20 10:24:13,537 INFO interview_app.transcription_queue transcription_job_completed
2026-05-20 10:24:13,538 INFO interview_app.transcription_queue transcription_job_completed
2026-05-20 10:24:13,538 INFO __main__ transcription_job_state_changed
2026-05-20 10:25:22,995 INFO interview_app.transcription_queue transcription_job_queued
2026-05-20 10:25:22,995 INFO __main__ transcription_job_state_changed
2026-05-20 10:25:22,996 INFO interview_app.transcription_queue transcription_job_started
2026-05-20 10:25:22,996 INFO __main__ transcription_job_state_changed
2026-05-20 10:25:23,150 INFO interview_app.transcription_queue transcription_job_started
2026-05-20 10:25:23,152 WARNING interview_audio_recorder Audio file missing, skipping transcription: C:\Users\Dnord\Dropbox\David LPL work\Initial Teacher Interview Guide\interviews\Candidate_Kendra_Edwards_2026-05-20_Q6_trait_trait_4_mic.wav
2026-05-20 10:25:23,242 INFO faster_whisper Processing audio with duration 01:30.110
2026-05-20 10:25:23,403 INFO faster_whisper VAD filter removed 00:09.872 of audio
2026-05-20 10:25:30,237 INFO interview_audio_recorder Transcribed Candidate_Kendra_Edwards_2026-05-20_Q6_trait_trait_4_sys.wav for speaker=CANDIDATE in 7.08s (13 kept segments, min_start=0.00)
2026-05-20 10:25:30,238 INFO interview_audio_recorder Full transcription completed for base_name=Candidate_Kendra_Edwards_2026-05-20_Q6_trait_trait_4 with 13 segments in 7.09s
2026-05-20 10:25:30,258 INFO interview_app.transcription_queue transcription_job_completed
2026-05-20 10:25:30,259 INFO interview_app.transcription_queue transcription_job_completed
2026-05-20 10:25:30,259 INFO __main__ transcription_job_state_changed
2026-05-20 10:26:13,897 INFO interview_app.transcription_queue transcription_job_queued
2026-05-20 10:26:13,897 INFO __main__ transcription_job_state_changed
2026-05-20 10:26:13,898 INFO interview_app.transcription_queue transcription_job_started
2026-05-20 10:26:13,898 INFO __main__ transcription_job_state_changed
2026-05-20 10:26:14,059 INFO interview_app.transcription_queue transcription_job_started
2026-05-20 10:26:14,061 WARNING interview_audio_recorder Audio file missing, skipping transcription: C:\Users\Dnord\Dropbox\David LPL work\Initial Teacher Interview Guide\interviews\Candidate_Kendra_Edwards_2026-05-20_Q7_trait_trait_5_mic.wav
2026-05-20 10:26:14,157 INFO faster_whisper Processing audio with duration 00:49.150
2026-05-20 10:26:14,239 INFO faster_whisper VAD filter removed 00:10.000 of audio
2026-05-20 10:26:18,138 INFO interview_audio_recorder Transcribed Candidate_Kendra_Edwards_2026-05-20_Q7_trait_trait_5_sys.wav for speaker=CANDIDATE in 4.08s (8 kept segments, min_start=0.00)
2026-05-20 10:26:18,140 INFO interview_audio_recorder Full transcription completed for base_name=Candidate_Kendra_Edwards_2026-05-20_Q7_trait_trait_5 with 8 segments in 4.08s
2026-05-20 10:26:18,153 INFO interview_app.transcription_queue transcription_job_completed
2026-05-20 10:26:18,154 INFO interview_app.transcription_queue transcription_job_completed
2026-05-20 10:26:18,154 INFO __main__ transcription_job_state_changed
2026-05-20 10:27:30,428 INFO interview_app.transcription_queue transcription_job_queued
2026-05-20 10:27:30,428 INFO __main__ transcription_job_state_changed
2026-05-20 10:27:30,429 INFO interview_app.transcription_queue transcription_job_started
2026-05-20 10:27:30,430 INFO __main__ transcription_job_state_changed
2026-05-20 10:27:30,574 INFO interview_app.transcription_queue transcription_job_started
2026-05-20 10:27:30,575 WARNING interview_audio_recorder Audio file missing, skipping transcription: C:\Users\Dnord\Dropbox\David LPL work\Initial Teacher Interview Guide\interviews\Candidate_Kendra_Edwards_2026-05-20_Q8_trait_trait_6_mic.wav
2026-05-20 10:27:30,680 INFO faster_whisper Processing audio with duration 01:13.726
2026-05-20 10:27:30,792 INFO faster_whisper VAD filter removed 00:12.080 of audio
2026-05-20 10:27:36,380 INFO interview_audio_recorder Transcribed Candidate_Kendra_Edwards_2026-05-20_Q8_trait_trait_6_sys.wav for speaker=CANDIDATE in 5.80s (11 kept segments, min_start=0.00)
2026-05-20 10:27:36,381 INFO interview_audio_recorder Full transcription completed for base_name=Candidate_Kendra_Edwards_2026-05-20_Q8_trait_trait_6 with 11 segments in 5.81s
2026-05-20 10:27:36,395 INFO interview_app.transcription_queue transcription_job_completed
2026-05-20 10:27:36,396 INFO interview_app.transcription_queue transcription_job_completed
2026-05-20 10:27:36,396 INFO __main__ transcription_job_state_changed
2026-05-20 10:29:03,934 INFO interview_app.transcription_queue transcription_job_queued
2026-05-20 10:29:03,934 INFO __main__ transcription_job_state_changed
2026-05-20 10:29:03,934 INFO interview_app.transcription_queue transcription_job_started
2026-05-20 10:29:03,936 INFO __main__ transcription_job_state_changed
2026-05-20 10:29:04,081 INFO interview_app.transcription_queue transcription_job_started
2026-05-20 10:29:04,083 WARNING interview_audio_recorder Audio file missing, skipping transcription: C:\Users\Dnord\Dropbox\David LPL work\Initial Teacher Interview Guide\interviews\Candidate_Kendra_Edwards_2026-05-20_Q9_trait_trait_7_mic.wav
2026-05-20 10:29:04,187 INFO faster_whisper Processing audio with duration 01:30.110
2026-05-20 10:29:04,317 INFO faster_whisper VAD filter removed 00:07.280 of audio
2026-05-20 10:29:11,574 INFO interview_audio_recorder Transcribed Candidate_Kendra_Edwards_2026-05-20_Q9_trait_trait_7_sys.wav for speaker=CANDIDATE in 7.49s (15 kept segments, min_start=0.00)
2026-05-20 10:29:11,576 INFO interview_audio_recorder Full transcription completed for base_name=Candidate_Kendra_Edwards_2026-05-20_Q9_trait_trait_7 with 15 segments in 7.49s
2026-05-20 10:29:11,596 INFO interview_app.transcription_queue transcription_job_completed
2026-05-20 10:29:11,597 INFO interview_app.transcription_queue transcription_job_completed
2026-05-20 10:29:11,597 INFO __main__ transcription_job_state_changed
2026-05-20 10:32:07,247 INFO interview_app.transcription_queue transcription_job_queued
2026-05-20 10:32:07,248 INFO __main__ transcription_job_state_changed
2026-05-20 10:32:07,248 INFO interview_app.transcription_queue transcription_job_started
2026-05-20 10:32:07,250 INFO __main__ transcription_job_state_changed
2026-05-20 10:32:07,360 INFO interview_app.transcription_queue transcription_job_started
2026-05-20 10:32:07,362 WARNING interview_audio_recorder Audio file missing, skipping transcription: C:\Users\Dnord\Dropbox\David LPL work\Initial Teacher Interview Guide\interviews\Candidate_Kendra_Edwards_2026-05-20_Q11_trait_trait_11_mic.wav
2026-05-20 10:32:07,485 INFO faster_whisper Processing audio with duration 02:52.030
2026-05-20 10:32:07,776 INFO faster_whisper VAD filter removed 00:17.488 of audio
2026-05-20 10:32:22,314 INFO interview_audio_recorder Transcribed Candidate_Kendra_Edwards_2026-05-20_Q11_trait_trait_11_sys.wav for speaker=CANDIDATE in 14.95s (13 kept segments, min_start=0.00)
2026-05-20 10:32:22,314 INFO interview_audio_recorder Full transcription completed for base_name=Candidate_Kendra_Edwards_2026-05-20_Q11_trait_trait_11 with 13 segments in 14.95s
2026-05-20 10:32:22,330 INFO interview_app.transcription_queue transcription_job_completed
2026-05-20 10:32:22,330 INFO interview_app.transcription_queue transcription_job_completed
2026-05-20 10:32:22,330 INFO __main__ transcription_job_state_changed
2026-05-20 10:32:23,033 INFO interview_app.transcription_queue transcription_job_queued
2026-05-20 10:32:23,034 INFO __main__ transcription_job_state_changed
2026-05-20 10:32:23,034 INFO interview_app.transcription_queue transcription_job_started
2026-05-20 10:32:23,035 INFO __main__ transcription_job_state_changed
2026-05-20 10:32:23,088 INFO interview_app.transcription_queue transcription_job_started
2026-05-20 10:32:23,090 WARNING interview_audio_recorder Audio file missing, skipping transcription: C:\Users\Dnord\Dropbox\David LPL work\Initial Teacher Interview Guide\interviews\Candidate_Kendra_Edwards_2026-05-20_Q12_custom_FT_or_PT_mic.wav
2026-05-20 10:32:23,176 INFO faster_whisper Processing audio with duration 00:08.190
2026-05-20 10:32:23,189 INFO faster_whisper VAD filter removed 00:02.766 of audio
2026-05-20 10:32:23,946 INFO interview_audio_recorder Transcribed Candidate_Kendra_Edwards_2026-05-20_Q12_custom_FT_or_PT_sys.wav for speaker=CANDIDATE in 0.86s (3 kept segments, min_start=0.00)
2026-05-20 10:32:23,946 INFO interview_audio_recorder Full transcription completed for base_name=Candidate_Kendra_Edwards_2026-05-20_Q12_custom_FT_or_PT with 3 segments in 0.86s
2026-05-20 10:32:23,960 INFO interview_app.transcription_queue transcription_job_completed
2026-05-20 10:32:23,961 INFO interview_app.transcription_queue transcription_job_completed
2026-05-20 10:32:23,962 INFO __main__ transcription_job_state_changed
2026-05-20 10:32:31,664 INFO interview_app.transcription_queue transcription_job_queued
2026-05-20 10:32:31,664 INFO __main__ transcription_job_state_changed
2026-05-20 10:32:31,665 INFO interview_app.transcription_queue transcription_job_started
2026-05-20 10:32:31,666 INFO __main__ transcription_job_state_changed
2026-05-20 10:32:31,720 INFO interview_app.transcription_queue transcription_job_started
2026-05-20 10:32:31,727 ERROR interview_audio_recorder stop_and_transcribe_failed
Traceback (most recent call last):
  File "C:\Users\Dnord\Dropbox\David LPL work\Initial Teacher Interview Guide\src\interview_audio_recorder.py", line 264, in stop_and_transcribe
    _ensure_at_least_one_audio_track({"mic": self.mic_wav, "system": self.sys_wav})
  File "C:\Users\Dnord\Dropbox\David LPL work\Initial Teacher Interview Guide\src\interview_audio_recorder.py", line 680, in _ensure_at_least_one_audio_track
    raise RuntimeError(f"No transcribable audio tracks were found: {details}")
RuntimeError: No transcribable audio tracks were found: mic audio file is missing: C:\Users\Dnord\Dropbox\David LPL work\Initial Teacher Interview Guide\interviews\Candidate_Kendra_Edwards_2026-05-20_Q13_custom_Not_Avail_mic.wav; system audio file is empty: C:\Users\Dnord\Dropbox\David LPL work\Initial Teacher Interview Guide\interviews\Candidate_Kendra_Edwards_2026-05-20_Q13_custom_Not_Avail_sys.wav
2026-05-20 10:32:31,728 INFO interview_app.transcription_queue transcription_job_failed
2026-05-20 10:32:31,728 INFO interview_app.transcription_queue transcription_job_failed
2026-05-20 10:32:31,728 INFO __main__ transcription_job_state_changed
2026-05-20 10:35:21,543 INFO interview_app.transcription_queue transcription_job_queued
2026-05-20 10:35:21,544 INFO __main__ transcription_job_state_changed
2026-05-20 10:35:21,545 INFO interview_app.transcription_queue transcription_job_started
2026-05-20 10:35:21,545 INFO __main__ transcription_job_state_changed
2026-05-20 10:35:21,605 INFO interview_app.transcription_queue transcription_job_started
2026-05-20 10:35:21,607 WARNING interview_audio_recorder Audio file missing, skipping transcription: C:\Users\Dnord\Dropbox\David LPL work\Initial Teacher Interview Guide\interviews\Candidate_Kendra_Edwards_2026-05-20_Q14_custom_Pay_mic.wav
2026-05-20 10:35:21,728 INFO faster_whisper Processing audio with duration 02:43.838
2026-05-20 10:35:21,969 INFO faster_whisper VAD filter removed 02:20.400 of audio
2026-05-20 10:35:23,360 INFO interview_audio_recorder Transcribed Candidate_Kendra_Edwards_2026-05-20_Q14_custom_Pay_sys.wav for speaker=CANDIDATE in 1.75s (3 kept segments, min_start=0.00)
2026-05-20 10:35:23,362 INFO interview_audio_recorder Full transcription completed for base_name=Candidate_Kendra_Edwards_2026-05-20_Q14_custom_Pay with 3 segments in 1.76s
2026-05-20 10:35:23,380 INFO interview_app.transcription_queue transcription_job_completed
2026-05-20 10:35:23,381 INFO interview_app.transcription_queue transcription_job_completed
2026-05-20 10:35:23,381 INFO __main__ transcription_job_state_changed
2026-05-20 10:37:36,154 INFO interview_app.transcription_queue transcription_job_queued
2026-05-20 10:37:36,154 INFO __main__ transcription_job_state_changed
2026-05-20 10:37:36,155 INFO interview_app.transcription_queue transcription_job_started
2026-05-20 10:37:36,155 INFO __main__ transcription_job_state_changed
2026-05-20 10:37:36,178 WARNING __main__ transcription_health_failed
2026-05-20 10:37:36,181 INFO interview_app.transcription_queue transcription_job_started
2026-05-20 10:37:36,182 WARNING interview_audio_recorder Audio file missing, skipping transcription: C:\Users\Dnord\Dropbox\David LPL work\Initial Teacher Interview Guide\interviews\Candidate_Kendra_Edwards_2026-05-20_Q15_custom_Start_mic.wav
2026-05-20 10:37:36,297 INFO faster_whisper Processing audio with duration 02:11.070
2026-05-20 10:37:36,494 INFO faster_whisper VAD filter removed 01:28.350 of audio
2026-05-20 10:37:39,530 INFO interview_audio_recorder Transcribed Candidate_Kendra_Edwards_2026-05-20_Q15_custom_Start_sys.wav for speaker=CANDIDATE in 3.34s (4 kept segments, min_start=0.00)
2026-05-20 10:37:39,530 INFO interview_audio_recorder Full transcription completed for base_name=Candidate_Kendra_Edwards_2026-05-20_Q15_custom_Start with 4 segments in 3.35s
2026-05-20 10:37:39,548 INFO interview_app.transcription_queue transcription_job_completed
2026-05-20 10:37:39,548 INFO interview_app.transcription_queue transcription_job_completed
2026-05-20 10:37:39,549 INFO __main__ transcription_job_state_changed
2026-05-20 10:39:48,906 INFO runtime_wrapper runtime_wrapper_exit
